image,label,area,perimeter,aspect_ratio,max_diameter,circularity
58410_mask.png,1,1086.0,146.1776695296637,2.3497445902812246,53.85164807134504,0.6386716250852411
58410_mask.png,2,1632.0,184.64570696119915,1.7199557580484395,69.92138442565336,0.6015221014443833
58410_mask.png,3,1951.0,167.4386001800126,1.1802513143190587,57.584720195551874,0.8744922486133904
58410_mask.png,4,1107.0,125.05382386916237,1.182676066285087,41.0,0.8895360080431263
58410_mask.png,5,2136.0,170.8528137423857,1.0737154561003934,54.230987451824994,0.9195319871798511
58410_mask.png,6,1811.0,156.36753236814712,1.08625916833937,49.8196748283246,0.9307545095586499
58410_mask.png,7,1807.0,155.53910524340094,1.056414380650888,49.040799340956916,0.9386178822337224
58410_mask.png,8,1763.0,156.12489168102783,1.2146489490886707,51.92301994298868,0.9089037100705584
58410_mask.png,9,1827.0,157.78174593052023,1.0351980431579033,49.24428900898052,0.9222207646212667
58410_mask.png,10,1981.0,165.19595949289334,1.1028094118410885,52.80151512977634,0.9122114056251384
58410_mask.png,11,2166.0,171.68124086713192,1.0415256413246357,53.71219600798314,0.9234696548231305
58410_mask.png,12,1869.0,158.71067811865476,1.0484631137061344,49.76946855251722,0.9324098889417557
58410_mask.png,13,1872.0,158.61017305526642,1.1006496752984123,50.99019513592785,0.9350904691068807
58410_mask.png,14,1531.0,144.71067811865476,1.2224454470651298,49.03060268852505,0.9187215371058415
58410_mask.png,15,1912.0,160.61017305526642,1.0326518597233119,50.59644256269407,0.9314330670483
58410_mask.png,16,1944.0,161.53910524340094,1.0220542697233905,50.60632371551998,0.9361615041927721
58410_mask.png,17,1843.0,158.61017305526642,1.1679348678830899,51.03920062069938,0.9206045590619556
58410_mask.png,18,1278.0,131.63961030678928,1.0264069278400507,40.85339643163099,0.9267605569531501
58410_mask.png,19,1460.0,140.71067811865476,1.081322663818998,44.94441010848846,0.9266348033473697
58410_mask.png,20,2018.0,166.61017305526642,1.1473713960212402,54.12947441089743,0.9135408981246348
58410_mask.png,21,1936.0,162.36753236814715,1.0189672326553314,50.44799302251776,0.9228196555641678
58410_mask.png,22,1984.0,164.61017305526642,1.035746258361258,51.088159097779204,0.9201066909194392
58410_mask.png,23,1689.0,150.95331880577405,1.087826133548933,48.02082881417188,0.9314384938212275
58410_mask.png,24,1594.0,146.22539674441617,1.0725644761120803,46.87216658103186,0.9368122570542774
