image,label,area,perimeter,aspect_ratio,max_diameter,circularity
59269_mask.png,1,1369.0,135.63961030678928,1.0851825522612837,43.60045871318328,0.9350616497960191
59269_mask.png,2,1560.0,145.88225099390854,1.1862130628711143,48.05205510693585,0.9211482905411016
59269_mask.png,3,1556.0,146.71067811865476,1.1329987287635506,47.80167361086848,0.9084394961242181
59269_mask.png,4,1874.0,165.09545442950497,1.5119171445539519,59.80802621722272,0.8639910000210123
59269_mask.png,5,1865.0,158.95331880577402,1.058177330259072,50.08991914547278,0.92757599333059
59269_mask.png,6,1694.0,154.0243866176395,1.2385344448295905,50.80354318352215,0.8973136909155686
59269_mask.png,7,2109.0,182.99494936611666,1.390640001778269,61.18823416311342,0.7914222154972401
59269_mask.png,8,1887.0,160.02438661763952,1.0504285612015143,50.11985634456667,0.92599666336321
59269_mask.png,9,1884.0,161.29646455628165,1.0226398635057912,50.80354318352215,0.9099993162870761
59269_mask.png,10,1266.0,130.8111831820431,1.075608600695833,41.677331968349414,0.9297235289498745
59269_mask.png,11,1402.0,141.0538238691624,1.0433619741968356,44.40720662234904,0.8854991517888771
59269_mask.png,12,1797.0,161.19595949289334,1.3945045702568224,56.71860364994893,0.869059753029047
59269_mask.png,13,1603.0,147.88225099390857,1.1903440738661708,48.41487374764082,0.9211095418542808
59269_mask.png,14,1685.0,151.53910524340097,1.0306022943126063,47.01063709417264,0.9220624409317263
59269_mask.png,15,1415.0,138.46803743153546,1.0794561388338395,43.93176527297759,0.9274002962282192
59269_mask.png,16,1997.0,164.36753236814715,1.0761924504289127,51.894122981316485,0.9288719718811891
59269_mask.png,17,1879.0,158.12489168102783,1.0483498220033498,50.11985634456667,0.9443569091753268
59269_mask.png,18,2624.0,190.16652224137047,1.1728223099500077,63.150613615387776,0.9118125518362742
59269_mask.png,19,1371.0,135.88225099390857,1.011011833394191,41.773197148410844,0.9330863869892274
59269_mask.png,20,2061.0,168.61017305526644,1.0994465023723208,54.08326913195984,0.911004049654361
59269_mask.png,21,2366.0,179.4386001800126,1.0590158917665438,56.08029957123981,0.9234063549983373
59269_mask.png,22,1209.0,128.22539674441617,1.203782447124548,43.174066289845804,0.9240342349540739
