image,label,area,perimeter,aspect_ratio,max_diameter,circularity
59302_mask.png,1,2038.0,166.0243866176395,1.020406415249376,51.31276644267,0.9291167186387929
59302_mask.png,2,2073.0,168.61017305526642,1.0160255570799497,52.20153254455275,0.9163082944849545
59302_mask.png,3,1300.0,132.46803743153546,1.1119822286780965,42.80186911806539,0.9309599802749022
59302_mask.png,4,1426.0,139.0538238691624,1.056603312036203,43.9089968002003,0.9267519687666945
59302_mask.png,5,2055.0,167.43860018001263,1.1698513008227522,55.31726674375732,0.9211079297286092
59302_mask.png,6,1094.0,121.9827560572969,1.1153474671216104,39.395431207184416,0.9239113514334776
59302_mask.png,7,1964.0,164.02438661763952,1.0495569910118434,50.99019513592785,0.9173488117809725
59302_mask.png,8,1332.0,140.71067811865476,1.487731212726446,50.59644256269407,0.8453955877114357
59302_mask.png,9,2407.0,180.8528137423857,1.0362568033308055,56.089214649520635,0.9247735810596769
59302_mask.png,10,2859.0,197.92388155425118,1.0281582298103058,61.29437168288782,0.917123074836756
59302_mask.png,11,2125.0,170.36753236814712,1.017354146819773,53.25410782277739,0.9200154747848964
59302_mask.png,12,1845.0,158.61017305526642,1.063558751392744,49.76946855251722,0.921603587340916
59302_mask.png,13,1270.0,133.53910524340094,1.1359511917250729,43.68065933568311,0.8949456490993669
59302_mask.png,14,1081.0,120.5685424949238,1.073850000118166,38.07886552931954,0.934474674919983
59302_mask.png,15,2096.0,170.36753236814712,1.0851999687726122,54.67174773134658,0.9074599694819496
59302_mask.png,16,1756.0,153.78174593052023,1.069471825570711,48.83646178829912,0.9330927199510625
59302_mask.png,17,2507.0,217.78174593052023,2.5551993421604187,84.34453153583817,0.6642342227925428
59302_mask.png,18,1425.0,141.63961030678928,1.3546525811086392,48.662100242385755,0.8925967103878198
59302_mask.png,19,1323.0,134.22539674441617,1.186404898719679,44.384682042344295,0.9227845520199455
59302_mask.png,20,2523.0,187.68124086713186,1.0672140638700487,59.464274989274024,0.9000888508373281
59302_mask.png,21,1453.0,141.53910524340097,1.2517106823529505,47.634021455258214,0.9114284621895042
59302_mask.png,22,1553.0,146.36753236814712,1.34862668405396,51.40038910358559,0.910944289370702
