image,label,area,perimeter,aspect_ratio,max_diameter,circularity
59334_mask.png,1,1218.0,127.39696961966999,1.0817199533757542,41.048751503547585,0.9430592020470893
59334_mask.png,2,1924.0,162.36753236814712,1.0300587521002444,50.0,0.9170996990214149
59334_mask.png,3,2228.0,174.02438661763955,1.014991417606384,53.85164807134504,0.9244955544909648
59334_mask.png,4,993.0,117.9827560572969,1.1198675840322223,37.94733192202055,0.8964416752424081
59334_mask.png,5,2365.0,181.095454429505,1.1927091955200717,59.413803110051795,0.906203865005088
59334_mask.png,6,1590.0,146.71067811865476,1.0458031625251922,46.17358552246078,0.9282897164765467
59334_mask.png,7,2276.0,178.16652224137044,1.2312646397889304,59.20304046246274,0.9010106329746761
59334_mask.png,8,1592.0,145.88225099390857,1.0782611747172448,46.57252408878007,0.9400436400906624
59334_mask.png,9,871.0,108.08326112068524,1.0366340521036417,34.40930106817051,0.9369386170317647
59334_mask.png,10,2058.0,167.7817459305202,1.0730080905280077,53.600373133029585,0.9186832873443013
59334_mask.png,11,1375.0,138.46803743153546,1.311048754729554,47.20169488482379,0.9011840334373155
59334_mask.png,12,1469.0,144.12489168102783,1.4441638126749492,52.392747589718944,0.8886969138420782
59334_mask.png,13,1974.0,163.78174593052023,1.085117980235184,52.20153254455275,0.9247535762238337
59334_mask.png,14,1254.0,131.29646455628165,1.092065941550443,41.48493702538308,0.9141160549406917
59334_mask.png,15,1243.0,129.63961030678928,1.1471767126734804,42.43819034784589,0.9294061862949005
59334_mask.png,16,1824.0,157.29646455628168,1.0593674954044803,49.92995093127971,0.926396221915504
59334_mask.png,17,1642.0,150.61017305526642,1.1888881531738147,50.80354318352215,0.9096501631154313
59334_mask.png,18,1605.0,149.29646455628165,1.3324599728087516,51.86520991955976,0.9048692998817238
59334_mask.png,19,1458.0,140.46803743153546,1.1148118317020184,45.12205669071391,0.9285651041721537
59334_mask.png,20,1679.0,150.95331880577405,1.0747727930457445,47.67598976424087,0.9259237602876501
59334_mask.png,21,2341.0,179.33809511662426,1.1192874839892974,58.463663928973865,0.9146736598620018
