image,label,area,perimeter,aspect_ratio,max_diameter,circularity
16752_mask.png,1,1038.0,119.7401153701776,1.2193701408436592,40.496913462633174,0.9097621681514022
16752_mask.png,2,1016.0,116.5685424949238,1.1115292035204152,37.656340767525464,0.9395953077610752
16752_mask.png,3,825.0,105.49747468305833,1.1369504615435753,34.20526275297414,0.9314931910320207
16752_mask.png,4,1960.0,166.71067811865476,1.3424357960639473,56.88585061331157,0.886215005441429
16752_mask.png,5,1960.0,166.0243866176395,1.3071056678209392,56.64803615307419,0.8935568049715574
16752_mask.png,6,2048.0,167.78174593052023,1.1642583906972366,54.70831746635972,0.9142193257925796
16752_mask.png,7,1882.0,161.53910524340094,1.2375840947690593,53.75872022286245,0.9063045014870356
16752_mask.png,8,1785.0,158.12489168102786,1.190346293410632,52.40229002629561,0.8971139344746983
16752_mask.png,9,1943.0,167.19595949289334,1.4507235623682788,58.872744118140105,0.8734360415814488
16752_mask.png,10,1762.0,154.46803743153546,1.0829728826824259,49.8196748283246,0.9279797742019856
16752_mask.png,11,1474.0,142.71067811865476,1.2016415458924046,47.51841748206689,0.9094826278889876
16752_mask.png,12,2369.0,181.4386001800126,1.2229275709887635,59.481089431852205,0.9043062898434718
16752_mask.png,13,1746.0,156.0243866176395,1.3556686599737229,54.120236510939236,0.9012995112974584
16752_mask.png,14,1760.0,156.95331880577402,1.292834678784716,53.46026561849464,0.8978039774943426
16752_mask.png,15,1541.0,144.22539674441617,1.1502388843310167,47.80167361086848,0.9309557059110465
16752_mask.png,16,773.0,101.84062043356593,1.0635168751309283,32.64965543462902,0.9365851876488376
16752_mask.png,17,1611.0,148.12489168102783,1.0889449910754057,47.16990566028302,0.922676188465419
16752_mask.png,18,2893.0,200.2670273047588,1.2041770163730787,66.70832032063167,0.906440694715493
16752_mask.png,19,2106.0,170.8528137423857,1.249405983933484,57.201398584300364,0.9066172120790105
16752_mask.png,20,1536.0,149.05382386916236,1.3917869628304136,53.665631459994955,0.8687900444818453
16752_mask.png,21,1127.0,123.29646455628165,1.1022556491472866,40.607881008493905,0.9316065486880365
16752_mask.png,22,511.0,82.42640687119285,1.1222956408347473,26.92582403567252,0.9451440989486406
16752_mask.png,23,1597.0,147.88225099390854,1.0504763957797079,46.238512086787566,0.9176618455029865
