image,label,area,perimeter,aspect_ratio,max_diameter,circularity
16765_mask.png,1,1855.0,160.12489168102786,1.1067324569300183,52.20153254455275,0.9091511240959341
16765_mask.png,2,1618.0,147.29646455628165,1.0099450162230996,45.803929962395145,0.9371384035086242
16765_mask.png,3,653.0,92.42640687119285,1.0238823324560107,28.861739379323623,0.9605741727554364
16765_mask.png,4,1224.0,128.5685424949238,1.0956757137213406,41.400483088968905,0.9305117052338827
16765_mask.png,5,1548.0,145.0538238691624,1.1112447943845019,46.647615158762406,0.9245330828926214
16765_mask.png,6,1703.0,151.88225099390854,1.023330441916638,47.50789408087881,0.9277062060601479
16765_mask.png,7,1334.0,134.95331880577405,1.2020960059371384,44.204072210600685,0.9204465092012081
16765_mask.png,8,1433.0,144.8528137423857,1.3642365979173692,49.040799340956916,0.8582270189118258
16765_mask.png,9,911.0,113.63961030678928,1.0620923825046424,37.0,0.8864796480711812
16765_mask.png,10,1253.0,136.12489168102786,1.0817001774501072,44.181444068749045,0.8497395661783778
16765_mask.png,11,1338.0,135.1543289325507,1.0810864292866447,42.638011210655684,0.9204624079088956
16765_mask.png,12,1504.0,143.53910524340094,1.0924800379807331,46.32493928760188,0.9173123294944877
16765_mask.png,13,1202.0,126.8111831820431,1.117934607131156,41.23105625617661,0.939288969802756
16765_mask.png,14,1624.0,148.46803743153546,1.0965520298714841,48.010415536631214,0.925827237646059
16765_mask.png,15,1188.0,125.98275605729688,1.0581328998341661,40.0,0.9405980948804176
16765_mask.png,16,1625.0,147.63961030678928,1.1206602735222135,48.25971404805462,0.936822793633344
16765_mask.png,17,1993.0,164.95331880577402,1.0315517381969863,51.73973328110612,0.920439074493187
16765_mask.png,18,930.0,111.7401153701776,1.051174491024246,35.77708763999664,0.9359972693033205
16765_mask.png,19,812.0,104.66904755831214,1.0985160388583761,33.60059523282288,0.9313852344997977
16765_mask.png,20,1956.0,162.95331880577402,1.0506260021027904,51.40038910358559,0.9256616992905368
