image,label,area,perimeter,aspect_ratio,max_diameter,circularity
27862_mask.png,1,1437.0,139.63961030678928,1.154898762110246,45.5411901469428,0.9260818567547918
27862_mask.png,2,1572.0,152.12489168102786,1.5670416615516314,54.70831746635972,0.8536146141127747
27862_mask.png,3,1664.0,150.36753236814712,1.1279133407389998,48.507731342539614,0.924815373462323
27862_mask.png,4,1988.0,162.61017305526642,1.025385365265636,50.96076922496363,0.9447802804729408
27862_mask.png,5,2107.0,170.2670273047588,1.133469351237654,55.31726674375732,0.9132996519649881
27862_mask.png,6,1255.0,129.63961030678928,1.0335147311181794,40.80441152620633,0.9383787319389381
27862_mask.png,7,1716.0,152.12489168102786,1.0624056693706905,47.853944456021594,0.931808319222342
27862_mask.png,8,1682.0,152.95331880577405,1.2182839533769423,50.28916384272063,0.903478965377907
27862_mask.png,9,1298.0,133.05382386916236,1.0271131958493873,41.10960958218893,0.9213610223882146
27862_mask.png,10,1344.0,136.46803743153546,1.2750793043634756,47.07440918375928,0.9068746055149335
27862_mask.png,11,1368.0,136.22539674441617,1.2230893891961534,46.32493928760188,0.9263600096067582
27862_mask.png,12,1641.0,150.71067811865476,1.1317705649354906,47.853944456021594,0.9078840726993183
27862_mask.png,13,3082.0,209.23759005323592,1.1331678442511688,68.00735254367721,0.8846328854080778
27862_mask.png,14,2003.0,167.4386001800126,1.146141092233044,54.78138369920935,0.8978000891709998
27862_mask.png,15,1608.0,147.53910524340094,1.168305590711752,48.41487374764082,0.9282856090596335
27862_mask.png,16,2313.0,180.2670273047588,1.1735539250092746,59.033888572581766,0.8944434800790476
27862_mask.png,17,1208.0,127.39696961966997,1.0166340526380309,39.824615503479755,0.9353165156591823
27862_mask.png,18,1330.0,137.05382386916236,1.2891040845404254,46.400431032480725,0.8897729340611183
27862_mask.png,19,1527.0,144.71067811865476,1.124675220169959,46.69047011971501,0.9163212195693141
27862_mask.png,20,1247.0,129.39696961967,1.0315930828133406,40.607881008493905,0.9358971102181682
27862_mask.png,21,1499.0,142.12489168102783,1.1003653170280983,45.5411901469428,0.9325480181536373
27862_mask.png,22,1669.0,150.8528137423857,1.0961951075119767,48.25971404805462,0.9216358727249768
27862_mask.png,23,1491.0,141.53910524340094,1.028353867693134,44.181444068749045,0.9352648569336209
27862_mask.png,24,1639.0,150.12489168102783,1.0881419601731686,47.38143096192854,0.9138678593124406
