image,label,area,perimeter,aspect_ratio,max_diameter,circularity
16691_mask.png,1,1512.0,143.29646455628165,1.0226060523951441,44.721359549995796,0.9253173473394273
16691_mask.png,2,1723.0,152.95331880577402,1.1280131675667817,50.24937810560445,0.9255019365910429
16691_mask.png,3,1727.0,152.36753236814712,1.1689891531337788,50.48762224545735,0.9347970504575633
16691_mask.png,4,1554.0,145.53910524340094,1.1446191577075093,47.20169488482379,0.9219374934710169
16691_mask.png,5,2782.0,195.33809511662426,1.026868503206836,60.30754513325841,0.9162059189444361
16691_mask.png,6,1524.0,145.63961030678928,1.370798614630575,51.419840528729765,0.9028920199665347
16691_mask.png,7,844.0,108.81118318204308,1.1974302211594061,36.49657518178932,0.8957880100619864
16691_mask.png,8,1488.0,141.63961030678928,1.0868372417006757,44.91102314577124,0.9320588807418078
16691_mask.png,9,3789.0,227.37972567696687,1.0358338636116964,70.9365914038728,0.9209392714630659
16691_mask.png,10,1603.0,149.53910524340094,1.3923552909149628,52.392747589718944,0.9008113112850539
16691_mask.png,11,2143.0,172.0243866176395,1.1965053802307142,56.32051136131489,0.9100222252616785
16691_mask.png,12,1589.0,148.95331880577402,1.2158092417367958,50.47771785649585,0.8999811079916287
16691_mask.png,13,1650.0,149.53910524340094,1.0323383673828115,46.647615158762406,0.9272231214100679
16691_mask.png,14,1372.0,136.22539674441617,1.159397431940296,44.721359549995796,0.9290686646056084
16691_mask.png,15,1732.0,158.36753236814712,1.1350990349080776,51.478150704935004,0.8678116024029923
16691_mask.png,16,2041.0,172.0243866176395,1.352449090101954,60.0,0.8667080549505769
16691_mask.png,17,1487.0,148.46803743153546,1.3574779452439445,49.8196748283246,0.8477248167362622
16691_mask.png,18,1798.0,157.29646455628165,1.0731282106728324,48.84669896727925,0.9131910126118844
16691_mask.png,19,1921.0,163.53910524340094,1.256437701289652,56.938563381947034,0.9025972256349655
16691_mask.png,20,2405.0,181.1959594928933,1.1188621556195928,58.180752831155424,0.9205087616426629
16691_mask.png,21,3319.0,213.23759005323592,1.0884441982999575,67.80117993073571,0.9172539384913724
16691_mask.png,22,1145.0,123.9827560572969,1.119728856342505,40.162171256046406,0.9360364875831377
