image,label,area,perimeter,aspect_ratio,max_diameter
10763_mask.png,1,2280.0,176.95331880577405,1.1467469234735985,57.4543296888929
10763_mask.png,2,2103.0,171.88225099390854,1.2007299571255443,56.859475903318
10763_mask.png,3,1998.0,166.0243866176395,1.0373216584161362,51.35172830587107
10763_mask.png,4,1697.0,150.46803743153546,1.0607132079247443,47.80167361086848
10763_mask.png,5,2154.0,171.6812408671319,1.0802418574803858,54.037024344425184
10763_mask.png,6,2112.0,171.19595949289334,1.1042112789218024,55.154328932550705
10763_mask.png,7,1772.0,154.95331880577402,1.018176374333495,47.634021455258214
10763_mask.png,8,1962.0,165.29646455628165,1.0961931093826893,52.80151512977634
10763_mask.png,9,2479.0,189.29646455628165,1.094161104322873,60.959002616512684
10763_mask.png,10,1843.0,157.78174593052023,1.0407753549143084,49.24428900898052
10763_mask.png,11,2136.0,174.50966799187808,1.0451612593990642,54.67174773134658
10763_mask.png,12,2497.0,183.6812408671319,1.087530345605294,58.52349955359813
10763_mask.png,13,2368.0,178.8528137423857,1.0578654074134948,56.61271941887264
10763_mask.png,14,1429.0,140.12489168102786,1.0884697115299151,45.17742799230607
10763_mask.png,15,1997.0,164.8528137423857,1.0113490374559808,50.80354318352215
10763_mask.png,16,1854.0,158.36753236814712,1.0556794210181353,49.8196748283246
10763_mask.png,17,2284.0,178.8528137423857,1.25365329408209,59.481089431852205
10763_mask.png,18,2336.0,177.92388155425118,1.037589749775781,55.47071299343465
10763_mask.png,19,1888.0,160.36753236814712,1.1977738575854313,53.41348144429457
10763_mask.png,20,2287.0,184.65180361560903,1.2753990679321243,62.0966987850401
10763_mask.png,21,858.0,114.66904755831214,1.7673440872090918,43.01162633521314
10763_mask.png,22,1638.0,149.53910524340094,1.0361193827733828,46.52956049652737
10763_mask.png,23,1969.0,164.26702730475878,1.1206560044677791,52.952809179494906
10763_mask.png,24,2012.0,166.0243866176395,1.0721750030303698,52.20153254455275
10763_mask.png,25,1523.0,151.18986283848344,1.4068434576614743,53.600373133029585
10763_mask.png,26,2215.0,173.92388155425118,1.0816473813021945,55.731499172371095
10763_mask.png,27,1718.0,164.22539674441617,1.3339904196926817,53.31041174104736
10763_mask.png,28,1955.0,162.36753236814712,1.0369737860705135,51.07837115648854
10763_mask.png,29,1749.0,153.53910524340094,1.0208702097106674,48.46648326421054
