image,label,area,perimeter,aspect_ratio,max_diameter,circularity
64101_mask.png,1,1079.0,121.1543289325507,1.1265465044313026,39.408120990476064,0.9237478399853692
64101_mask.png,2,1454.0,139.0538238691624,1.0317251086432306,44.01136216933077,0.9449490621225624
64101_mask.png,3,1436.0,139.88225099390854,1.026993623503853,44.14748010928823,0.9222296464518429
64101_mask.png,4,1275.0,132.22539674441617,1.102450832535029,42.20189569201838,0.9164109950510835
64101_mask.png,5,1915.0,160.95331880577402,1.066046474965789,50.774009099144415,0.9289209765635779
64101_mask.png,6,1685.0,150.12489168102786,1.1433509830959956,50.15974481593781,0.9395163776335949
64101_mask.png,7,1648.0,148.71067811865476,1.0860047644232362,48.54894437575342,0.9364460527314816
64101_mask.png,8,1701.0,151.88225099390854,1.0935583221750602,48.507731342539614,0.9266167096349451
64101_mask.png,9,1864.0,160.0243866176395,1.080869525467265,50.00999900019995,0.9147100055691703
64101_mask.png,10,1873.0,162.02438661763952,1.0857897613058778,50.60632371551998,0.8965755047870884
64101_mask.png,11,2063.0,168.0243866176395,1.0875379809212102,53.14132102234569,0.9182574375875963
64101_mask.png,12,2091.0,170.61017305526642,1.0905991641993757,54.12947441089743,0.9027220482097654
64101_mask.png,13,1532.0,145.53910524340094,1.0188469000014464,45.5411901469428,0.9088856113240655
64101_mask.png,14,1509.0,142.95331880577402,1.0311846460440839,44.64302857109943,0.9279201785770079
64101_mask.png,15,1645.0,148.95331880577402,1.0645416306141284,47.01063709417264,0.9316985038679856
64101_mask.png,16,1590.0,147.29646455628165,1.0150277028475976,45.60701700396552,0.9209209280461758
64101_mask.png,17,1812.0,155.53910524340094,1.0447439088977273,49.4064773081425,0.9412150540163281
64101_mask.png,18,2242.0,176.8528137423857,1.0335548837552317,55.072679252057455,0.9007857859226237
64101_mask.png,19,1866.0,159.78174593052023,1.0509671751024,49.76946855251722,0.9184746594251789
64101_mask.png,20,539.0,83.59797974644667,1.1212197596044051,27.51363298439521,0.9691858495365948
64101_mask.png,21,2016.0,166.8528137423857,1.1085779970362055,53.150729063673246,0.9099830902762813
64101_mask.png,22,1542.0,146.71067811865476,1.3340030010368507,50.635955604688654,0.9002658759791415
64101_mask.png,23,2044.0,166.61017305526642,1.024585234879117,51.62363799656123,0.9253109988933367
