image,label,area,perimeter,aspect_ratio,max_diameter,circularity
61498_mask.png,1,2036.0,167.19595949289334,1.0418296854615745,51.78802950489621,0.9152422957590477
61498_mask.png,2,1661.0,151.88225099390854,1.1324493254264913,49.678969393496885,0.9048267811308901
61498_mask.png,3,1616.0,149.05382386916236,1.1666965641730578,49.39635614091387,0.9140395259652747
61498_mask.png,4,2252.0,176.2670273047588,1.1503904183367513,57.42821606144492,0.910827405771047
61498_mask.png,5,1333.0,134.12489168102783,1.0854427994398583,43.56604182158393,0.9311534248187519
61498_mask.png,6,1680.0,150.71067811865476,1.1026764088676821,49.040799340956916,0.9294608422515872
61498_mask.png,7,1932.0,162.36753236814715,1.0270567661391414,50.44799302251776,0.92091300338325
61498_mask.png,8,2175.0,171.4386001800126,1.114534721991162,55.154328932550705,0.9299335177993194
61498_mask.png,9,2700.0,192.40916292848976,1.074691788975229,61.465437442517235,0.916478176316201
61498_mask.png,10,1650.0,149.1959594928933,1.0191989398824433,46.52956049652737,0.931493191032021
61498_mask.png,11,2467.0,184.16652224137047,1.0804618801467298,58.69412236331676,0.9140240842165397
61498_mask.png,12,1955.0,163.1959594928933,1.1182842226770948,52.46903848937962,0.9224393513342151
61498_mask.png,13,2318.0,176.8528137423857,1.0138743857213066,54.817880294662984,0.9313208973098313
61498_mask.png,14,2599.0,189.3380951166243,1.067626332245155,61.68468205316454,0.9110456452786414
61498_mask.png,15,2364.0,178.85281374238568,1.0427434298430194,56.302753041036986,0.9286793363793612
61498_mask.png,16,1788.0,156.02438661763952,1.1096583225335226,50.35871324805669,0.9229802555554726
61498_mask.png,17,2461.0,183.68124086713192,1.0846964203714167,58.83026432033091,0.91662535980089
61498_mask.png,18,2101.0,171.095454429505,1.153289606919543,55.90169943749474,0.9019012175922011
61498_mask.png,19,1931.0,162.95331880577405,1.1709314038600236,54.91812087098393,0.9138306448517517
61498_mask.png,20,2199.0,172.61017305526644,1.0461105209314325,54.70831746635972,0.9274752250150679
61498_mask.png,21,1984.0,164.6101730552664,1.0119557196861833,50.695167422546305,0.9201066909194394
61498_mask.png,22,1505.0,142.71067811865476,1.0246047099449047,44.77722635447622,0.9286101458432335
61498_mask.png,23,1806.0,156.8528137423857,1.1694580280006146,52.3450093132096,0.9224503126575623
61498_mask.png,24,1694.0,151.53910524340094,1.0475499075572454,47.53945729601885,0.9269874035242404
