image,label,area,perimeter,aspect_ratio,max_diameter,circularity
61497_mask.png,1,1573.0,145.63961030678928,1.0837775583425946,47.01063709417264,0.9319220127344877
61497_mask.png,2,2237.0,175.4386001800126,1.051440860941508,54.817880294662984,0.9133254114725127
61497_mask.png,3,1861.0,158.12489168102786,1.0664967155781189,50.0,0.9353103821049935
61497_mask.png,4,1945.0,163.29646455628168,1.1238588164249868,53.600373133029585,0.9165916685372177
61497_mask.png,5,1934.0,163.78174593052023,1.0740993775581658,51.97114584074513,0.9060149019335837
61497_mask.png,6,1697.0,152.36753236814712,1.0976565490238963,49.040799340956916,0.9185585377107615
61497_mask.png,7,1847.0,158.12489168102786,1.0705725639569317,50.60632371551998,0.9282741943836234
61497_mask.png,8,2267.0,183.4386001800126,1.3226312386355947,63.071388124885914,0.8466032452059749
61497_mask.png,9,1478.0,140.71067811865476,1.0378310826233452,44.01136216933077,0.9380590680461728
61497_mask.png,10,1919.0,161.19595949289334,1.0101886810425578,49.72926703662542,0.9280610273025828
61497_mask.png,11,1505.0,143.53910524340094,1.09817669387102,46.32493928760188,0.9179222446071834
61497_mask.png,12,1515.0,141.63961030678928,1.0719528162348608,45.5411901469428,0.9489712394649455
61497_mask.png,13,2029.0,165.53910524340094,1.0282008588454372,52.20153254455275,0.9304449950862177
61497_mask.png,14,2026.0,165.29646455628165,1.0312727545436358,52.69724850502159,0.9317988615921263
61497_mask.png,15,2486.0,185.92388155425118,1.0924122208509435,59.09314681077663,0.9037340241513847
61497_mask.png,16,2333.0,176.8528137423857,1.0418334677366656,55.54277630799526,0.9373475640309905
61497_mask.png,17,1828.0,157.53910524340094,1.101695396965931,50.60632371551998,0.9255700783085399
