image,label,area,perimeter,aspect_ratio,max_diameter,circularity
61550_mask.png,1,2149.0,170.61017305526642,1.0849899049600926,54.42425929675111,0.9277616841715858
61550_mask.png,2,2013.0,165.78174593052023,1.1381197366143307,53.41348144429457,0.9204076522296561
61550_mask.png,3,2031.0,166.61017305526642,1.0283675904553602,52.0,0.9194259485089857
61550_mask.png,4,2054.0,166.61017305526644,1.0439766292751944,52.20153254455275,0.9298379607274525
61550_mask.png,5,1574.0,145.63961030678928,1.0740719169193094,46.647615158762406,0.9325144615664867
61550_mask.png,6,1591.0,147.29646455628165,1.0595506135313546,46.238512086787566,0.9215001235984062
61550_mask.png,7,1846.0,157.53910524340094,1.110695587978597,51.22499389946279,0.9346840068695649
61550_mask.png,8,1648.0,149.29646455628168,1.024207160296418,46.238512086787566,0.9291119041776201
61550_mask.png,9,1817.0,157.53910524340094,1.0328537702407423,49.040799340956916,0.9200004552990246
61550_mask.png,10,1755.0,155.1959594928933,1.0694027874499568,48.41487374764082,0.915642967683502
61550_mask.png,11,1924.0,161.4386001800126,1.0150241305733014,50.21951811795888,0.9276842116611241
61550_mask.png,12,3287.0,211.23759005323592,1.0435717502486268,66.40030120413611,0.9256933841747037
61550_mask.png,13,1688.0,150.95331880577402,1.1116824814355581,48.662100242385755,0.9308870204678701
61550_mask.png,14,1386.0,136.46803743153546,1.0509187627381489,42.941821107167776,0.935214436937275
61550_mask.png,15,2214.0,173.4386001800126,1.0119564693010976,53.41348144429457,0.9249025167099877
61550_mask.png,16,2216.0,173.92388155425118,1.0399610370413406,55.02726596879042,0.9205792500012726
61550_mask.png,17,1541.0,146.12489168102783,1.154226717307215,47.265209192385896,0.9069098070758522
61550_mask.png,18,1688.0,152.61017305526642,1.162440795932345,50.32891812864648,0.9107838826003893
61550_mask.png,19,2035.0,179.82337649086284,1.6096543019009408,63.90618123468183,0.7908278980590657
61550_mask.png,20,2238.0,174.95331880577407,1.1244568668409605,55.94640292279746,0.9188097087278653
61550_mask.png,21,2375.0,179.68124086713186,1.0860184228118153,57.14017850864661,0.9244171663784898
61550_mask.png,22,2873.0,199.37972567696687,1.151744374426026,64.53681120105021,0.9082041912077526
61550_mask.png,23,2323.0,177.92388155425118,1.018664613877829,55.10898293381942,0.9221266739254572
61550_mask.png,24,2070.0,170.2670273047588,1.174041344565357,56.302753041036986,0.8972616419399739
