image,label,area,perimeter,aspect_ratio,max_diameter,circularity
61629_mask.png,1,2008.0,166.8528137423857,1.0806328660897566,52.49761899362675,0.9063720462672484
61629_mask.png,2,2507.0,184.7523086789974,1.0444141827711697,58.463663928973865,0.9229633369907588
61629_mask.png,3,2266.0,177.92388155425118,1.0480413178652135,55.362442142665635,0.8995002337990039
61629_mask.png,4,2339.0,181.095454429505,1.1389200289648986,57.38466694161429,0.8962413700832561
61629_mask.png,5,2010.0,164.36753236814712,1.0274334106337604,51.19570294468082,0.9349187098053033
61629_mask.png,6,2592.0,188.75230867899737,1.1300430157372994,60.440052945046304,0.9142402061142517
61629_mask.png,7,1471.0,141.0538238691624,1.0452505276215225,44.10215414239989,0.9290793525545209
61629_mask.png,8,1769.0,156.36753236814712,1.0797725824672741,50.21951811795888,0.9091688169018507
61629_mask.png,9,2264.0,175.6812408671319,1.0904130611305765,55.78530272392541,0.9217974576314846
61629_mask.png,10,2176.0,172.36753236814712,1.047756073572889,54.67174773134658,0.9203601930457577
61629_mask.png,11,1923.0,168.8528137423857,1.5709938109647719,61.465437442517235,0.8475640823996345
61629_mask.png,12,1314.0,133.6396103067893,1.1167861978509568,43.08131845707603,0.924559420619836
61629_mask.png,13,1774.0,156.36753236814712,1.2017344646745698,51.97114584074513,0.9117385422181364
61629_mask.png,14,2285.0,176.61017305526642,1.0923571473274865,55.78530272392541,0.9205865729040388
61629_mask.png,15,1644.0,150.12489168102786,1.0992126042629933,47.38143096192854,0.9166557417386528
61629_mask.png,16,1985.0,166.61017305526642,1.3012548490488292,56.753854494650845,0.8986019240720516
61629_mask.png,17,1589.0,146.95331880577405,1.195745473307224,49.24428900898052,0.9246448687187523
61629_mask.png,18,1477.0,142.95331880577405,1.0155797303292795,44.41846462902562,0.9082426134912126
61629_mask.png,19,1528.0,145.53910524340094,1.1683681494874674,47.16990566028302,0.9065125418428018
61629_mask.png,20,1568.0,146.71067811865476,1.0913628647248994,46.61544808322666,0.9154454562485693
61629_mask.png,21,2063.0,168.02438661763955,1.0266385747488362,51.62363799656123,0.9182574375875955
61629_mask.png,22,1784.0,158.71067811865476,1.3756252230818513,55.569775957799216,0.8900049448218792
61629_mask.png,23,1906.0,160.0243866176395,1.049898294659808,50.32891812864648,0.9353204241495915
61629_mask.png,24,2244.0,174.02438661763952,1.0627423718649427,55.154328932550705,0.9311346608068787
