image,label,area,perimeter,aspect_ratio,max_diameter,circularity
61788_mask.png,1,1431.0,138.71067811865476,1.1196362193767515,44.721359549995796,0.9346084602365655
61788_mask.png,2,1678.0,150.71067811865476,1.0645007722917792,47.634021455258214,0.9283543412489067
61788_mask.png,3,1896.0,162.0243866176395,1.1311390206018321,52.20153254455275,0.9075852413648265
61788_mask.png,4,1837.0,158.61017305526644,1.1034191444569796,50.15974481593781,0.9176074742250743
61788_mask.png,5,1922.0,162.36753236814715,1.0235794528592255,49.8196748283246,0.9161463729309558
61788_mask.png,6,1524.0,143.88225099390857,1.1528196812321454,47.16990566028302,0.9250823262549568
61788_mask.png,7,1573.0,147.29646455628165,1.049110597387856,46.04345773288535,0.9110746036582609
61788_mask.png,8,1552.0,144.71067811865476,1.0114085122700696,44.94441010848846,0.9313232041726099
61788_mask.png,9,2105.0,169.78174593052023,1.1210241560468073,54.78138369920935,0.9176561375155162
61788_mask.png,10,1598.0,148.02438661763952,1.0733479411496876,47.53945729601885,0.916473894538594
61788_mask.png,11,1991.0,167.92388155425118,1.0993877595027914,54.74486277268398,0.8872708124714662
61788_mask.png,12,1510.0,143.0538238691624,1.0752218651210272,45.27692569068709,0.9272308423954545
61788_mask.png,13,1866.0,160.12489168102786,1.180382922039026,52.392747589718944,0.9145423167455596
61788_mask.png,14,1566.0,150.02438661763952,1.2475234041032859,49.51767361255979,0.8743350773132174
61788_mask.png,15,2516.0,191.50966799187808,1.2232906557633687,63.788713735268246,0.8620631758993161
61788_mask.png,16,1546.0,147.29646455628165,1.0527190540434144,46.09772228646444,0.8954363237480426
61788_mask.png,17,1925.0,163.78174593052023,1.0325480783485395,50.44799302251776,0.9017987002182776
61788_mask.png,18,1916.0,161.7817459305202,1.1223462589376443,52.392747589718944,0.9199121031363786
61788_mask.png,19,1306.0,133.0538238691624,1.0497193161915803,41.48493702538308,0.927039672757325
61788_mask.png,20,1737.0,153.53910524340094,1.0754095246709545,48.60041152089147,0.9259161765423232
