image,label,area,perimeter,aspect_ratio,max_diameter,circularity
16859_mask.png,1,990.0,116.08326112068522,1.2050178817431791,38.600518131237564,0.9232213903254686
16859_mask.png,2,1658.0,150.46803743153546,1.025901834697182,46.87216658103186,0.9202501084606406
16859_mask.png,3,1200.0,126.81118318204308,1.0698329152341395,40.496913462633174,0.937726092981121
16859_mask.png,4,2222.0,174.0243866176395,1.083123319531538,55.54277630799526,0.9220058896224977
16859_mask.png,5,1353.0,135.39696961967,1.0996210253743588,44.204072210600685,0.9274484334359402
16859_mask.png,6,1121.0,122.81118318204308,1.0751991347453853,39.20459156782532,0.933984450100019
16859_mask.png,7,1619.0,154.81118318204307,1.5498716199754434,55.71355310873648,0.8488912421446778
16859_mask.png,8,1327.0,134.46803743153546,1.0662592341750265,42.44997055358225,0.922237238023427
16859_mask.png,9,1309.0,136.5685424949238,1.3498304393349407,48.60041152089147,0.8819585231856438
16859_mask.png,10,1658.0,153.63961030678928,1.3236996335443234,54.037024344425184,0.8826489244666558
16859_mask.png,11,1371.0,136.46803743153546,1.061457123732142,42.80186911806539,0.9250930685721531
16859_mask.png,12,1622.0,150.12489168102786,1.350081874553905,52.43090691567332,0.904389059063318
16859_mask.png,13,1458.0,140.81118318204307,1.0899893457717134,44.82186966202994,0.9240449386509275
16859_mask.png,14,1884.0,159.78174593052023,1.0603135581989138,50.0,0.9273345435996985
16859_mask.png,15,1481.0,141.0538238691624,1.0629583792337725,44.41846462902562,0.9353953236799764
16859_mask.png,16,1261.0,130.22539674441617,1.035561283094001,40.718546143004666,0.9344015972412296
16859_mask.png,17,1492.0,141.63961030678928,1.104694076468036,45.35416188179427,0.9345644153674578
16859_mask.png,18,2719.0,192.16652224137044,1.0253030245804982,59.665735560705194,0.9252596229845771
16859_mask.png,19,1647.0,150.36753236814712,1.091962273338692,48.507731342539614,0.9153671394786335
16859_mask.png,20,1414.0,139.88225099390854,1.2009933555450365,46.17358552246078,0.9081007800020237
16859_mask.png,21,521.0,83.84062043356595,1.2330486404351277,28.861739379323623,0.9314051186594776
16859_mask.png,22,1241.0,128.81118318204307,1.0646714061677334,40.80441152620633,0.9398845414343946
16859_mask.png,23,1655.0,150.36753236814712,1.050253578263007,47.01063709417264,0.9198133672356638
16859_mask.png,24,1212.0,128.8111831820431,1.0167034579237115,40.24922359499622,0.9179210831736387
