image,label,area,perimeter,aspect_ratio,max_diameter,circularity
16979_mask.png,1,1364.0,136.46803743153546,1.1737110882774855,44.598206241955516,0.920369763335096
16979_mask.png,2,1220.0,130.46803743153546,1.2416620017905964,44.384682042344295,0.9006611618910272
16979_mask.png,3,2217.0,174.8528137423857,1.1214019341575774,56.43580423808985,0.9112348194690744
16979_mask.png,4,1756.0,156.61017305526642,1.2045399414187794,51.22499389946279,0.8996931971712698
16979_mask.png,5,1361.0,136.46803743153546,1.1322937210467219,44.40720662234904,0.9183454896620719
16979_mask.png,6,793.0,103.25483399593904,1.173479591132383,34.48187929913333,0.9346785275537821
16979_mask.png,7,2102.0,171.19595949289334,1.3286892467816185,59.22837157984339,0.9012713275375486
16979_mask.png,8,2538.0,190.16652224137044,1.2620856625578212,65.19202405202648,0.881928451433104
16979_mask.png,9,2221.0,175.82337649086284,1.1148054941486603,56.64803615307419,0.9028283555239915
16979_mask.png,10,1568.0,146.46803743153546,1.2266680720017116,49.24428900898052,0.9184810441530581
16979_mask.png,11,3092.0,204.65180361560903,1.010885070317152,63.34824385884742,0.927722727867819
16979_mask.png,12,2852.0,197.8233764908628,1.0460633159620316,61.66036003787198,0.9158074344291979
16979_mask.png,13,1713.0,157.92388155425118,1.2977716664907537,55.90169943749474,0.8631208491186774
16979_mask.png,14,1970.0,165.78174593052023,1.214530217407026,56.08029957123981,0.9007466840002099
16979_mask.png,15,1809.0,156.95331880577402,1.1360612228673679,50.80354318352215,0.9227996564132191
16979_mask.png,16,1442.0,140.12489168102786,1.1858003878190666,46.647615158762406,0.922878534310186
16979_mask.png,17,2549.0,194.40916292848974,1.1952127167632298,64.19501538281614,0.8475127468604705
16979_mask.png,18,2664.0,194.40916292848976,1.0908464691091986,61.1310068623117,0.8857489045258111
16979_mask.png,19,1332.0,137.88225099390854,1.3101893842624501,46.84015371452148,0.8804351223885284
16979_mask.png,20,1802.0,159.19595949289334,1.2537386779449802,54.037024344425184,0.8935123692379922
