image,label,area,perimeter,aspect_ratio,max_diameter,circularity
57777_mask.png,1,1812.0,156.12489168102783,1.0612421152637679,49.24428900898052,0.9341653560112602
57777_mask.png,2,1282.0,131.0538238691624,1.016643970184611,40.496913462633174,0.9379906184807552
57777_mask.png,3,1963.0,162.61017305526642,1.076890191772462,51.86520991955976,0.9328992407285628
57777_mask.png,4,1385.0,136.8111831820431,1.0992351112538854,44.204072210600685,0.9298575887682292
57777_mask.png,5,1470.0,141.39696961967,1.0682394056532079,44.40720662234904,0.9239468624166348
57777_mask.png,6,1043.0,118.32590180780451,1.019218404018129,37.21558813185679,0.9361264715528111
57777_mask.png,7,2165.0,172.0243866176395,1.0895136178086324,55.0,0.9193644972895633
57777_mask.png,8,1732.0,154.12489168102786,1.0328550184730176,48.02082881417188,0.916246192534164
57777_mask.png,9,1406.0,137.0538238691624,1.064980286500946,43.60045871318328,0.9406171017217532
57777_mask.png,10,1195.0,126.22539674441617,1.091712992615494,40.52159917870962,0.9425063404166787
57777_mask.png,11,1624.0,151.05382386916236,1.1420723594950548,49.73932046178355,0.8944013404732566
57777_mask.png,12,1389.0,139.05382386916236,1.0967922811031834,43.829214001622255,0.9027058096892981
57777_mask.png,13,1350.0,135.29646455628165,1.1315831357807864,43.56604182158393,0.926767373473594
57777_mask.png,14,1827.0,157.53910524340094,1.0364630990453736,50.24937810560445,0.9250637489440385
57777_mask.png,15,1158.0,125.39696961966999,1.0175144021604752,38.600518131237564,0.9254316336948069
57777_mask.png,16,1592.0,148.12489168102786,1.1216074452964009,47.50789408087881,0.9117942222451562
57777_mask.png,17,2319.0,177.6812408671319,1.0858683118083814,56.61271941887264,0.9230547375011935
57777_mask.png,18,1930.0,162.61017305526642,1.0383248163371492,50.695167422546305,0.9172162682659838
57777_mask.png,19,1171.0,126.81118318204308,1.0309634586463385,39.20459156782532,0.9150643790674106
57777_mask.png,20,2502.0,187.3380951166243,1.1811762867623763,60.802960454241045,0.8958699502491557
57777_mask.png,21,1255.0,129.39696961967,1.0717792334542369,41.400483088968905,0.9419012616870899
57777_mask.png,22,1412.0,138.81118318204307,1.0496656109084743,44.04543109109048,0.9208643256433977
57777_mask.png,23,1457.0,139.63961030678928,1.0228448052515058,43.829214001622255,0.9389709570575726
57777_mask.png,24,1216.0,128.22539674441617,1.164967151845242,42.5205832509386,0.9293843091018641
