image,label,area,perimeter,aspect_ratio,max_diameter,circularity
58989_mask.png,1,1729.0,153.53910524340094,1.077718844366072,48.60041152089147,0.9216517381932509
58989_mask.png,2,2230.0,174.02438661763952,1.155137534895023,56.938563381947034,0.9253254427804544
58989_mask.png,3,2545.0,185.92388155425118,1.031003238241023,58.249463516842795,0.9251822572265783
58989_mask.png,4,2114.0,168.61017305526642,1.0594624452479005,52.952809179494906,0.9344311309894808
58989_mask.png,5,2950.0,200.7523086789974,1.0614486148399123,64.07807737440318,0.9198368057239696
58989_mask.png,6,1895.0,162.8528137423857,1.1598214792794126,52.952809179494906,0.8979011857213344
58989_mask.png,7,1523.0,154.56854249492378,1.5503832412003704,55.94640292279746,0.8010646067588373
58989_mask.png,8,2260.0,176.8528137423857,1.2110935666226883,58.69412236331676,0.9080177859880149
58989_mask.png,9,1538.0,148.2253967444162,1.3167105987061798,52.40229002629561,0.8796723807619383
58989_mask.png,10,2481.0,192.89444430272832,1.459481775912018,68.54195795277518,0.8379096450118877
58989_mask.png,11,1923.0,163.19595949289334,1.1310578591850315,52.43090691567332,0.9073405998034244
58989_mask.png,12,1829.0,156.95331880577405,1.0977601288051009,50.32891812864648,0.933001974339291
58989_mask.png,13,1925.0,164.0243866176395,1.2881408073758884,56.22277118748239,0.8991326184716765
58989_mask.png,14,1625.0,148.12489168102786,1.1019483065836158,47.92702786528704,0.9306944793645595
58989_mask.png,15,2381.0,179.4386001800126,1.0436050396880499,56.4003546088143,0.9292605795651063
58989_mask.png,16,2502.0,185.09545442950497,1.0436782719116935,58.309518948453004,0.917710419029928
58989_mask.png,17,2112.0,168.61017305526644,1.0421304216385492,52.952809179494906,0.9335470901843816
58989_mask.png,18,2889.0,197.43860018001263,1.0630692136380184,63.25345840347388,0.9313078836800005
