image,label,area,perimeter,aspect_ratio,max_diameter,circularity
58986_mask.png,1,1887.0,159.78174593052023,1.0699561943357203,51.264022471905186,0.9288111909621182
58986_mask.png,2,3082.0,204.75230867899734,1.0153659783178732,63.28506932918696,0.9238147322302228
58986_mask.png,3,1446.0,140.12489168102783,1.1057031392863033,44.654227123532216,0.9254385302444726
58986_mask.png,4,2480.0,183.6812408671319,1.0419116755823685,57.0701322935211,0.9237021098359237
58986_mask.png,5,3218.0,210.06601717798213,1.081816465193854,66.21933252457322,0.9163983553084334
58986_mask.png,6,2061.0,168.02438661763952,1.1048077955488484,53.600373133029585,0.9173672219428187
58986_mask.png,7,2747.0,194.7523086789974,1.051453231173395,61.032778078668514,0.910129715201776
58986_mask.png,8,2697.0,192.40916292848976,1.0657973377449126,60.21627686929839,0.9154598672314052
58986_mask.png,9,2242.0,173.78174593052023,1.056839722873102,55.31726674375732,0.9329044399828705
58986_mask.png,10,1545.0,144.71067811865476,1.047017212650852,45.221676218380054,0.9271226484836872
58986_mask.png,11,2333.0,178.8528137423857,1.0196464240769945,55.80322571321482,0.9165012232542508
58986_mask.png,12,2863.0,198.99494936611663,1.0485854419018223,61.587336360651285,0.9085463842409316
58986_mask.png,13,2342.0,178.26702730475878,1.0645694735766784,56.64803615307419,0.9260932309428617
58986_mask.png,14,1989.0,166.36753236814712,1.04187737959908,51.66236541235796,0.9030410591243468
58986_mask.png,15,2106.0,174.8528137423857,1.2775102862129712,60.63827174318213,0.8656114252602032
58986_mask.png,16,2707.0,191.58073580374358,1.0244398403477746,59.665735560705194,0.9268179705364296
58986_mask.png,17,2328.0,177.68124086713192,1.103679283690357,57.201398584300364,0.9266370974138756
58986_mask.png,18,2107.0,168.61017305526644,1.0386129748388455,53.009433122794285,0.9313369881716346
58986_mask.png,19,2821.0,195.92388155425118,1.0569187276811736,61.61168720299745,0.9235027599294617
58986_mask.png,20,1578.0,146.71067811865476,1.0386081354500227,46.14108798023731,0.9212837563521955
58986_mask.png,21,1640.0,151.29646455628165,1.1623700823156986,48.38388161361178,0.9003184552878972
58986_mask.png,22,2697.0,192.99494936611666,1.0567085588898641,60.53924347066124,0.90991101602447
58986_mask.png,23,1783.0,154.71067811865473,1.0414576747558513,48.25971404805462,0.9360965136653916
58986_mask.png,24,2551.0,186.5096679918781,1.0509752833471016,58.309518948453004,0.9215472864244365
