image,label,area,perimeter,aspect_ratio,max_diameter,circularity
58991_mask.png,1,1218.0,128.8111831820431,1.0203111446940172,39.698866482558415,0.9224652469517262
58991_mask.png,2,1684.0,150.36753236814712,1.0602778122479746,47.67598976424087,0.935930942854899
58991_mask.png,3,1250.0,130.5685424949238,1.2249851258717306,43.965895873961216,0.9213884515193285
58991_mask.png,4,2384.0,180.36753236814712,1.0918382335441086,58.008620049092706,0.9208722538116145
58991_mask.png,5,1427.0,140.12489168102783,1.201676259482916,46.04345773288535,0.913278549556613
58991_mask.png,6,1837.0,159.19595949289334,1.2330444457763816,53.41348144429457,0.9108669380078755
58991_mask.png,7,2561.0,187.92388155425118,1.0275500258188817,58.52349955359813,0.9112876698889824
58991_mask.png,8,2550.0,187.33809511662426,1.071177166710536,58.9406481131655,0.9130569037311543
58991_mask.png,9,2048.0,165.88225099390857,1.0141554995834297,52.009614495783374,0.9352764008738498
58991_mask.png,10,1591.0,147.78174593052023,1.2264772068725682,49.20365840057018,0.915458069974158
58991_mask.png,11,2126.0,170.02438661763952,1.0946988624706457,54.08326913195984,0.9241674978519347
58991_mask.png,12,1654.0,149.29646455628165,1.16207854282503,49.040799340956916,0.9324945931491408
58991_mask.png,13,1919.0,160.95331880577402,1.0735524519656063,51.62363799656123,0.93086128147546
58991_mask.png,14,2055.0,166.61017305526642,1.0330986449114752,52.32590180780452,0.9302906569108644
58991_mask.png,15,1864.0,158.36753236814712,1.0282760465553074,49.658836071740545,0.9339496690988323
58991_mask.png,16,1358.0,134.81118318204307,1.102921543232663,43.266615305567875,0.9389831377822253
58991_mask.png,17,2397.0,180.95331880577407,1.011908841076631,56.85068161420758,0.9199088404649305
58991_mask.png,18,1706.0,152.95331880577405,1.1133786452982084,49.24428900898052,0.9163704607221814
58991_mask.png,19,1762.0,156.36753236814715,1.1828950522688748,51.62363799656123,0.9055712014590506
58991_mask.png,20,1619.0,150.71067811865476,1.3762752759675236,52.61178575186362,0.8957125616698332
