image,label,area,perimeter,aspect_ratio,max_diameter,circularity
58993_mask.png,1,1382.0,137.88225099390854,1.099597293806721,44.181444068749045,0.9134844888445542
58993_mask.png,2,1330.0,133.05382386916236,1.035022701209535,41.78516483155236,0.9440756238646575
58993_mask.png,3,1397.0,137.63961030678928,1.2062885887145742,45.70557952810576,0.9266578335744835
58993_mask.png,4,2528.0,185.92388155425118,1.0730361166689881,58.69412236331676,0.9190022578659294
58993_mask.png,5,2009.0,165.1959594928933,1.1298369235350367,53.48831648126533,0.9251048530544694
58993_mask.png,6,1709.0,152.95331880577405,1.1656415525645982,50.00999900019995,0.9179818976402158
58993_mask.png,7,1550.0,145.05382386916236,1.2031276567788225,48.84669896727925,0.9257275700798214
58993_mask.png,8,1487.0,145.53910524340094,1.4557523104897037,52.009614495783374,0.8821885796598471
58993_mask.png,9,1542.0,153.05382386916236,1.3413074297746082,53.600373133029585,0.8271911302084419
58993_mask.png,10,1538.0,144.71067811865476,1.209722164801992,48.33218389437829,0.9229220927947642
58993_mask.png,11,1756.0,156.36753236814715,1.2300307075758283,51.62363799656123,0.9024875310795077
58993_mask.png,12,1991.0,165.19595949289334,1.0508706198828304,51.85556864985669,0.9168162082784709
58993_mask.png,13,1753.0,154.61017305526642,1.1222821127279683,49.8196748283246,0.9215430912056178
58993_mask.png,14,1345.0,136.46803743153546,1.198208972475752,45.0,0.9075493634059415
58993_mask.png,15,1995.0,168.95331880577405,1.326410495922852,58.82176467941097,0.8782523280359102
58993_mask.png,16,1962.0,163.78174593052023,1.0624585379894598,52.392747589718944,0.9191319739367587
58993_mask.png,17,1717.0,152.95331880577405,1.1497403026347721,49.72926703662542,0.922279062754974
58993_mask.png,18,2236.0,174.8528137423857,1.0361746655271913,55.072679252057455,0.9190442292886108
58993_mask.png,19,1439.0,138.46803743153546,1.0764754882670766,44.654227123532216,0.9431300539027614
58993_mask.png,20,1688.0,153.88225099390854,1.3769393989032699,53.600373133029585,0.8957880100619865
58993_mask.png,21,2275.0,175.78174593052023,1.0856215034439238,55.71355310873648,0.9252172420528851
58993_mask.png,22,1503.0,143.53910524340094,1.2217326005980726,48.46648326421054,0.9167024143817918
58993_mask.png,23,1352.0,134.81118318204307,1.1276742878903472,44.40720662234904,0.9348344641248664
58993_mask.png,24,1725.0,153.78174593052023,1.2046175126797394,50.60632371551998,0.9166201263756165
