image,label,area,perimeter,aspect_ratio,max_diameter,circularity
58990_mask.png,1,2050.0,167.1959594928933,1.1341193470087392,54.378304497290095,0.9215357103664285
58990_mask.png,2,1541.0,151.9827560572969,1.0767850510485824,49.678969393496885,0.8383471094155162
58990_mask.png,3,1488.0,142.71067811865476,1.1160548693354377,45.70557952810576,0.9181208618038083
58990_mask.png,4,1895.0,163.19595949289334,1.1018439316000783,51.478150704935004,0.8941291922139831
58990_mask.png,5,3156.0,244.30865786510142,2.24263521398037,90.82400563727631,0.6644604604569537
58990_mask.png,6,2264.0,175.4386001800126,1.0275284414889054,54.405882034941776,0.9243490083029812
58990_mask.png,7,2639.0,189.3380951166243,1.0321726104115072,59.033888572581766,0.9250671250059003
58990_mask.png,8,1323.0,135.05382386916236,1.1403365541752972,43.41658669218482,0.911498457134675
58990_mask.png,9,1618.0,149.29646455628165,1.195891741938815,49.24428900898052,0.9121984593200181
58990_mask.png,10,2789.0,195.33809511662426,1.0569132806058061,61.61168720299745,0.9185112537512696
58990_mask.png,11,2534.0,184.2670273047588,1.0153892806413136,57.30619512757761,0.9378237250494051
58990_mask.png,12,2217.0,210.5096679918781,2.6623825898120073,82.87339742040264,0.6286826346896738
58990_mask.png,13,1985.0,164.02438661763952,1.0271160225282248,51.54609587543949,0.9271575312552089
58990_mask.png,14,1992.0,167.36753236814712,1.1099051024515636,53.33854141237835,0.8936280082343047
58990_mask.png,15,1629.0,148.71067811865476,1.0942562817743422,47.80167361086848,0.9256496479973202
58990_mask.png,16,1692.0,151.53910524340097,1.1345788399534,49.76946855251722,0.9258929673925701
58990_mask.png,17,2326.0,180.16652224137047,1.1745049077772336,59.77457653551382,0.9004744269135999
58990_mask.png,18,1530.0,144.46803743153546,1.1172262373000155,47.20169488482379,0.9212081017237439
58990_mask.png,19,2917.0,218.46803743153546,2.021332224349074,81.39410298049853,0.7680163728258158
