image,label,area,perimeter,aspect_ratio,max_diameter,circularity
59024_mask.png,1,842.0,109.25483399593904,1.181194439222688,36.76955262170047,0.8864222170100174
59024_mask.png,2,2079.0,174.47413408594534,1.2201604664044952,57.201398584300364,0.8582271516536112
59024_mask.png,3,2144.0,171.4386001800126,1.1966718861143166,57.201398584300364,0.9166792929479268
59024_mask.png,4,1842.0,158.12489168102786,1.0362747082031438,49.39635614091387,0.9257612701974197
59024_mask.png,5,1719.0,153.4386001800126,1.138654136454563,49.33558553417604,0.9175219973696347
59024_mask.png,6,1889.0,161.95331880577405,1.1719912693782069,54.037024344425184,0.9050282123464881
59024_mask.png,7,1315.0,133.0538238691624,1.024824125860621,41.23105625617661,0.9334281544225744
59024_mask.png,8,1881.0,160.12489168102786,1.0414115872616139,50.60632371551998,0.9218939430859581
59024_mask.png,9,1414.0,140.8111831820431,1.3331361711981538,48.507731342539614,0.8961588088150967
59024_mask.png,10,1476.0,142.46803743153546,1.2185631644180084,48.16637831516918,0.913821429167237
59024_mask.png,11,1946.0,162.36753236814712,1.1537038446555423,53.41348144429457,0.9275862860164622
59024_mask.png,12,1991.0,163.78174593052023,1.0044401449101124,50.47771785649585,0.93271751279719
59024_mask.png,13,1316.0,133.0538238691624,1.2025899912803044,44.41846462902562,0.9341379857187133
59024_mask.png,14,2189.0,174.2670273047588,1.0530076515197149,54.70831746635972,0.9057851153557307
59024_mask.png,15,1948.0,164.36753236814715,1.051652924039308,51.088159097779204,0.9060804212441443
59024_mask.png,16,1049.0,120.91168824543142,1.074514820101025,38.897300677553446,0.9016724120180405
59024_mask.png,17,1792.0,156.61017305526642,1.1641940193229325,51.62363799656123,0.9181379324207947
59024_mask.png,18,2159.0,172.2670273047588,1.0758712061998994,54.3323108288245,0.9142357239750266
59024_mask.png,19,1290.0,133.88225099390857,1.3124056730100657,46.09772228646444,0.9043854424081935
59024_mask.png,20,2263.0,175.68124086713186,1.1327476078939969,57.0701322935211,0.9213903032774073
59024_mask.png,21,2735.0,195.4802307403552,1.0475324843309264,60.67124524847005,0.8994178630814025
59024_mask.png,22,1785.0,156.95331880577405,1.199550477352658,51.478150704935004,0.9105568749019325
59024_mask.png,23,1386.0,136.46803743153546,1.2637312371576188,47.29693436154187,0.935214436937275
59024_mask.png,24,2228.0,175.095454429505,1.1343740622762168,56.32051136131489,0.9132197747765365
