image,label,area,perimeter,aspect_ratio,max_diameter,circularity
59031_mask.png,1,1341.0,135.88225099390854,1.2629644235875348,46.17358552246078,0.9126687417597042
59031_mask.png,2,1550.0,145.39696961967,1.0809934829055776,46.861498055439924,0.9213631787899971
59031_mask.png,3,1932.0,162.71067811865478,1.1229020591256804,53.2634959423431,0.9170328134865391
59031_mask.png,4,1607.0,147.53910524340094,1.1729112121605987,48.46648326421054,0.9277083170141983
59031_mask.png,5,1404.0,138.46803743153546,1.0462748270841717,43.41658669218482,0.9201908239607207
59031_mask.png,6,1610.0,148.71067811865476,1.1337983660637223,48.41487374764082,0.9148532432631586
59031_mask.png,7,1745.0,153.53910524340094,1.01023988051236,47.70744176750625,0.9301806148913955
59031_mask.png,8,1862.0,159.1959594928933,1.1667633052492055,52.55473337388365,0.9232630585577926
59031_mask.png,9,1895.0,161.4386001800126,1.1384950337437927,52.3450093132096,0.9137014454770428
59031_mask.png,10,2207.0,173.4386001800126,1.1777065574335974,57.14017850864661,0.9219782540103626
59031_mask.png,11,1609.0,147.53910524340094,1.0959002910236952,48.38388161361178,0.9288629011050685
59031_mask.png,12,1747.0,158.95331880577402,1.420426883702607,55.90169943749474,0.8688875390608798
59031_mask.png,13,2367.0,180.02438661763952,1.0408761975091814,56.72741841473134,0.9177944818905154
59031_mask.png,14,2377.0,181.92388155425118,1.1003928058811174,57.55866572463264,0.9025257851142783
59031_mask.png,15,1267.0,131.5685424949238,1.0949790466305604,41.48493702538308,0.9197765896565859
59031_mask.png,16,1963.0,164.36753236814712,1.0800656336565126,51.478150704935004,0.9130574265411993
59031_mask.png,17,1757.0,153.78174593052023,1.1056050169348444,50.0,0.9336240939373672
59031_mask.png,18,1595.0,152.22539674441617,1.4182116569668575,54.78138369920935,0.8649605937905466
59031_mask.png,19,1951.0,162.6101730552664,1.0430829375128854,50.92150822589606,0.9271963416512616
59031_mask.png,20,1832.0,157.19595949289334,1.0637337010355583,49.64876634922564,0.9316495436083999
59031_mask.png,21,1932.0,162.12489168102783,1.1984149305910423,53.71219600798314,0.9236715949000485
59031_mask.png,22,1584.0,149.29646455628165,1.321600877120262,51.19570294468082,0.8930298884814022
