image,label,area,perimeter,aspect_ratio,max_diameter,circularity
45330_mask.png,1,1453.0,145.19595949289334,1.4681443785148576,51.03920062069938,0.8660967647289409
45330_mask.png,2,1664.0,149.53910524340094,1.151313693210769,49.040799340956916,0.9350904691068807
45330_mask.png,3,1767.0,154.36753236814715,1.0114386036019616,48.08326112068523,0.9318252829762828
45330_mask.png,4,1629.0,151.1959594928933,1.3150307075173793,52.392747589718944,0.8954690450138613
45330_mask.png,5,2169.0,174.8528137423857,1.2636750668182903,59.665735560705194,0.8915057841355084
45330_mask.png,6,838.0,107.7401153701776,1.3756774475089542,38.2099463490856,0.9071915787880002
45330_mask.png,7,1581.0,146.46803743153546,1.06077318717432,46.14108798023731,0.9260960017895313
45330_mask.png,8,1303.0,136.12489168102783,1.4838660149008327,49.040799340956916,0.8836477691384093
45330_mask.png,9,2231.0,175.43860018001263,1.0349100020453492,54.78138369920935,0.910875723287964
45330_mask.png,10,2872.0,199.68124086713186,1.0526366751995033,63.631753079732135,0.9051483539111588
45330_mask.png,11,3213.0,211.92388155425118,1.2728195212134086,71.69379331573968,0.8990022733434496
45330_mask.png,12,1759.0,156.61017305526642,1.2689586088543128,53.33854141237835,0.9012302584420635
45330_mask.png,13,1779.0,160.02438661763952,1.3747143905291013,56.61271941887264,0.8729984441564127
45330_mask.png,14,1798.0,156.95331880577405,1.032174428042856,49.39635614091387,0.9171883815538793
45330_mask.png,15,2202.0,178.16652224137047,1.402168667538064,63.071388124885914,0.871715911164427
45330_mask.png,16,1020.0,117.15432893255071,1.1598240187509814,38.600518131237564,0.9338849022031342
45330_mask.png,17,930.0,115.1543289325507,1.3593835628413635,40.311288741492746,0.8813172588082756
45330_mask.png,18,3706.0,228.5512985522207,1.0586481648232264,71.58910531638176,0.8915544924392279
45330_mask.png,19,1603.0,163.095454429505,1.5297308569479853,60.8276253029822,0.7572855536096031
45330_mask.png,20,1904.0,167.095454429505,1.4954908485750824,59.682493245507096,0.8569343200094625
45330_mask.png,21,1607.0,148.46803743153546,1.189436629196455,48.507731342539614,0.9161356963652812
45330_mask.png,22,1997.0,167.0538238691624,1.3732260498227102,57.87054518492115,0.8992389020434961
