image,label,area,perimeter,aspect_ratio,max_diameter,circularity
59809_mask.png,1,1403.0,139.78174593052023,1.112564014187669,44.721359549995796,0.9023325284930745
59809_mask.png,2,1434.0,139.88225099390854,1.1091407286189685,44.40720662234904,0.920945204047314
59809_mask.png,3,1477.0,140.71067811865476,1.0868351150383249,45.0,0.937424386674017
59809_mask.png,4,802.0,103.74011537017762,1.0562822237457725,32.449961479175904,0.9364633366216231
59809_mask.png,5,2565.0,186.50966799187808,1.0350744613072254,58.309518948453004,0.92660477839227
59809_mask.png,6,1439.0,143.53910524340094,1.3766790363266779,50.44799302251776,0.8776678471692604
59809_mask.png,7,1577.0,159.39696961967,1.9654707092495574,60.876925020897694,0.7799763532684265
59809_mask.png,8,1508.0,146.36753236814712,1.486452993813232,53.009433122794285,0.8845486080946675
59809_mask.png,9,2145.0,170.26702730475878,1.1389293403875762,55.226805085936306,0.9297711217204082
59809_mask.png,10,1953.0,162.12489168102786,1.0058928219761996,50.32891812864648,0.9337115035402661
59809_mask.png,11,2057.0,166.71067811865476,1.0723185281877308,53.2634959423431,0.9300736052005201
59809_mask.png,12,1456.0,140.12489168102783,1.055511998849571,44.553338819890925,0.9318385200801881
59809_mask.png,13,2441.0,183.5096679918781,1.0916395217551131,58.05170109479997,0.9108770175284124
59809_mask.png,14,1579.0,151.39696961967,1.3154923117665769,49.72926703662542,0.8656804889205056
59809_mask.png,15,2228.0,175.1959594928933,1.1591967226903388,56.71860364994893,0.9121722975986899
59809_mask.png,16,1662.0,160.71067811865476,1.4892896914570461,57.38466694161429,0.8086329171757977
59809_mask.png,17,2360.0,179.78174593052023,1.013240985304497,56.08029957123981,0.9175519859941837
59809_mask.png,18,1546.0,146.95331880577405,1.1833981564497233,48.877397639399746,0.8996230126111963
59809_mask.png,19,1321.0,132.8111831820431,1.0183093132107575,41.6293165929973,0.9411165053438886
59809_mask.png,20,1468.0,141.05382386916236,1.0548060582965908,45.27692569068709,0.9271845612168845
59809_mask.png,21,2956.0,200.40916292848976,1.023116212514882,63.97655820689325,0.9248667058051924
