image,label,area,perimeter,aspect_ratio,max_diameter,circularity
59904_mask.png,1,2146.0,171.1959594928933,1.0812247247442273,54.378304497290095,0.9201371402928544
59904_mask.png,2,1276.0,131.88225099390857,1.0161305871823283,40.496913462633174,0.9219085358507105
59904_mask.png,3,962.0,114.08326112068522,1.1057329786591872,37.44329045369811,0.9288403676361513
59904_mask.png,4,1979.0,165.4386001800126,1.1293061323319948,53.600373133029585,0.9086193152684262
59904_mask.png,5,1187.0,155.9888527117068,1.477554717845209,49.678969393496885,0.6130183223439967
59904_mask.png,6,1107.0,123.05382386916237,1.2070243569810293,41.19465984809196,0.9186863364645409
59904_mask.png,7,1385.0,137.49747468305833,1.2335394298656692,46.400431032480725,0.9205983532290385
59904_mask.png,8,1306.0,134.2253967444162,1.1455028425000802,43.86342439892262,0.9109271541481846
59904_mask.png,9,1698.0,150.71067811865476,1.110700705527173,48.877397639399746,0.9394193512757113
59904_mask.png,10,2404.0,184.99494936611666,1.3239490895000607,63.25345840347388,0.8827232873599915
