sequence,image,label,area,perimeter,major_axis_length,minor_axis_length,aspect_ratio,eccentricity,orientation_deg,centroid_x,centroid_y,nuclear_area,nuclear_fraction,nuclear_mean_R,nuclear_mean_G,nuclear_mean_B
35266,B-220-1-01_masks.tif,1,16128,702.2842712,276.0844523,78.70310234,3.507923373,0.958507016,-9.694998814,85.30716766,115.9697421,9819,0.608816964,190.5744934,190.7821503,173.3501434
35267,B-220-1-01_masks.tif,2,16475,817.0538239,309.767754,69.10891865,4.48231227,0.974795761,-25.0088801,1948.324674,132.1229135,10973,0.666039454,190.2390442,191.8037872,163.4152069
35268,B-220-1-01_masks.tif,3,4927,567.5979797,169.2862374,54.21179848,3.122682556,0.947337297,29.23605549,3206.807388,87.08808606,3482,0.706718084,197.6774902,203.7323303,174.1769104
35269,B-220-1-01_masks.tif,4,23956,1076.225397,412.5992099,77.29713829,5.337832926,0.98229476,-73.11710195,838.7292954,155.9228168,7937,0.331315746,191.6192474,195.1341858,178.2648315
35270,B-220-1-01_masks.tif,5,21645,1167.053824,469.3052364,61.18605691,7.670133688,0.991464646,-75.80775174,916.6604759,197.7599908,121,0.005590206,210.6198273,191.9504089,182.0578461
35271,B-220-1-01_masks.tif,6,14070,801.4974747,311.3943694,59.71537763,5.21464289,0.981440347,-73.53761525,284.135892,199.3051173,6257,0.444705046,172.4944916,177.4529266,159.7033691
35272,B-220-1-01_masks.tif,7,10472,673.2964646,245.2777545,55.00576523,4.45912812,0.974529559,49.4126958,1219.202827,220.8932391,0,0,,,
35273,B-220-1-01_masks.tif,8,20766,1121.338095,412.7364139,65.56056815,6.295497821,0.987303746,27.0359544,2310.690696,351.9067707,15159,0.729991332,187.9292755,189.5995178,176.9906921
35274,B-220-1-01_masks.tif,9,23712,1203.521861,417.9870315,74.95066518,5.576828844,0.983792007,44.32778368,2533.606402,409.036859,18291,0.771381579,187.5133057,189.865509,177.151825
35275,B-220-1-01_masks.tif,10,21958,1045.59798,443.0322143,64.49706507,6.869029061,0.989346339,-4.783988928,489.521359,492.2119045,14874,0.677384097,186.0378571,187.5579529,173.9930115
35276,B-220-1-01_masks.tif,11,14038,767.1543289,282.0977103,68.07073025,4.144185162,0.970450083,23.54251462,789.1862801,376.7092178,7338,0.522724035,178.7376709,179.3920746,163.8401489
35277,B-220-1-01_masks.tif,12,19896,1063.23759,393.8009396,67.14140399,5.865247316,0.985358404,33.66766743,174.4215923,456.454614,14932,0.750502614,188.5570526,189.5958405,178.6725159
35278,B-220-1-01_masks.tif,13,12069,655.3553391,241.5526994,68.40067988,3.531437112,0.959069485,-9.287594916,871.4132902,388.2656392,9751,0.807937692,195.5833282,196.785965,180.352066
35279,B-220-1-01_masks.tif,14,19899,1155.03658,415.096674,65.83119907,6.305470352,0.987344132,51.28252221,1055.12076,437.6929494,9435,0.474144429,189.8174896,190.6325378,169.2918854
35280,B-220-1-01_masks.tif,15,9663,673.2964646,240.3340144,52.01007562,4.620912613,0.976303133,41.24195463,1108.303218,414.2330539,4403,0.455655594,186.3933716,187.2132568,179.0944824
35281,B-220-1-01_masks.tif,16,7753,633.9827561,238.1532505,43.02074843,5.535776555,0.983548707,58.02708156,2622.223526,380.4469238,4634,0.597704115,186.1976624,191.8075104,185.1573181
35282,B-220-1-01_masks.tif,17,6040,448.1837662,149.8704106,52.54340649,2.85231622,0.936528198,52.08210176,1146.382616,380.1142384,90,0.014900662,220.4333344,201.0555573,228
35283,B-220-1-01_masks.tif,18,6960,496.8700577,196.5314365,46.52361068,4.224337571,0.971577059,13.92891584,1307.858908,426.3676724,6207,0.891810345,205.1053619,207.3009491,202.9768066
35284,B-220-1-01_masks.tif,19,21220,940.6101731,351.7320948,77.30925552,4.549676393,0.97554589,-27.50796391,646.3368992,493.5557022,11190,0.527332705,191.1923981,190.6428986,171.9239502
35285,B-220-1-01_masks.tif,20,15876,907.0954544,309.6965945,68.9958624,4.488625603,0.974867525,-35.31689756,2749.688083,495.9054548,12679,0.798626858,199.9153748,200.8174896,175.407135
35286,B-220-1-01_masks.tif,21,6092,442.2842712,163.1511026,50.29381204,3.243959763,0.951300451,20.9308357,1269.071898,439.9459947,1219,0.20009849,174.5102539,161.821991,181.4552917
35287,B-220-1-01_masks.tif,22,21074,1172.693434,431.3093366,64.91219989,6.644503458,0.988609958,38.10388058,1921.309101,567.6005979,14436,0.68501471,199.0982208,198.2407837,187.4600983
35288,B-220-1-01_masks.tif,23,11614,792.7106781,287.1767269,53.98903291,5.319167827,0.982169156,29.26723062,1785.741174,546.1794386,0,0,,,
35289,B-220-1-01_masks.tif,24,6112,484.1837662,169.9488948,48.18026618,3.527354835,0.958972663,18.56042518,1950.02716,498.8628927,61,0.009980366,241,232.8196716,242.6065521
35290,B-220-1-01_masks.tif,25,20021,1159.23759,434.6197157,60.49690509,7.184164464,0.990264986,-61.23655196,2819.13301,551.4768993,14465,0.722491384,196.5673065,199.219986,184.9924011
35291,B-220-1-01_masks.tif,26,19340,1082.894444,399.5619081,69.56021254,5.744115688,0.984729533,36.12565646,1906.634023,641.1747673,9705,0.501809721,182.800415,182.5913391,169.8214264
35292,B-220-1-01_masks.tif,27,27078,1202.568542,497.6658482,70.63919662,7.0451799,0.989875117,12.14232624,1045.948999,731.0402172,18515,0.683765418,184.4560089,183.7634277,165.8768005
35293,B-220-1-01_masks.tif,28,9740,526.5269119,175.2742275,73.23809854,2.393211061,0.908516653,-65.14086513,911.2201232,547.5025667,6594,0.677002053,194.3084564,197.2828369,165.4197693
35294,B-220-1-01_masks.tif,29,24512,1024.710678,389.4500417,82.87677282,4.699145833,0.977094769,71.33777888,2177.075228,607.0008567,12744,0.519908616,184.3092499,184.5984039,162.1460266
35295,B-220-1-01_masks.tif,30,6527,412.8700577,146.2874888,60.86706901,2.403393019,0.909328729,64.39868088,53.56534396,650.1424851,2596,0.397732496,167.2519226,167.5851288,169.1436768
35296,B-220-1-01_masks.tif,31,21496,1193.23759,430.1736424,65.38342759,6.579245816,0.988381554,-25.46161671,484.2075735,872.0776424,14142,0.65788984,198.7347565,198.6688538,183.4026947
35297,B-220-1-01_masks.tif,32,19627,957.2964646,355.1773551,71.39078385,4.975114938,0.979591163,-68.62390037,2167.975748,746.8561675,8615,0.438936159,190.8139343,192.2529297,165.5852509
35298,B-220-1-01_masks.tif,33,18018,1042.953319,400.8594437,61.78530737,6.48794124,0.98805025,-69.29212573,3296.88345,799.3384393,7143,0.396436896,185.6348877,188.9071808,161.3844299
35299,B-220-1-01_masks.tif,34,15525,1131.622366,390.6710066,56.81907519,6.875701608,0.989367117,51.22762399,1616.412045,860.936876,0,0,,,
35300,B-220-1-01_masks.tif,35,11225,675.254834,253.5525126,62.80191648,4.037337184,0.968839848,72.91608274,4210.504766,829.5801336,9065,0.807572383,190.6517334,194.4246063,173.9319305
35301,B-220-1-01_masks.tif,36,9644,574.4264069,203.6470151,61.73088036,3.298948823,0.952950212,67.20067494,954.3480921,821.9040854,1981,0.205412692,181.5345764,182.5138855,141.7592163
35302,B-220-1-01_masks.tif,37,23788,1297.965512,485.4265772,65.25112329,7.439359702,0.990924426,-61.46143127,2586.51362,958.6202707,16043,0.674415672,196.9396667,202.1034698,181.0547943
35303,B-220-1-01_masks.tif,38,20041,1160.066017,413.2492446,65.64671768,6.295048088,0.98730192,30.07271707,731.7949703,1076.729305,12075,0.602514845,181.8664246,180.5835266,162.8153992
35304,B-220-1-01_masks.tif,39,12261,848.7523087,297.6929691,54.04677272,5.50806189,0.983381334,-45.52124628,4203.610798,1003.465704,7161,0.584046978,184.2292938,188.428299,166.9194183
35305,B-220-1-01_masks.tif,40,21301,1080.769553,465.4857573,59.28676213,7.851428221,0.991855869,-82.53503241,3349.324727,952.3397024,9795,0.459837566,196.5254669,197.6104126,177.8050995
35306,B-220-1-01_masks.tif,41,13403,792.3675324,289.9945497,60.86166652,4.764814476,0.977728922,-35.55703551,3975.004029,1109.674476,9050,0.675221965,190.3822174,192.8819885,174.3663025
35307,B-220-1-01_masks.tif,42,13436,952.2842712,385.3361266,47.20860929,8.162412162,0.992466933,-84.54929157,1307.698199,1239.438747,0,0,,,
35308,B-220-1-01_masks.tif,43,14104,961.3969696,331.0974199,61.76349884,5.360729655,0.982447031,78.31904011,382.6728588,1271.357913,0,0,,,
35309,B-220-1-01_masks.tif,44,6171,440.2842712,162.1724919,49.62445661,3.267995319,0.952032158,72.8537402,5144.520499,1265.83066,5904,0.956733106,175.8849945,185.6890259,152.4258118
35310,B-220-1-01_masks.tif,45,22160,900.9116882,351.7898689,82.16831181,4.281332561,0.972339476,-15.04578076,760.0259928,1421.184161,14329,0.646615523,194.7265015,195.2740631,174.5575409
35311,B-220-1-01_masks.tif,46,16193,962.0660172,343.7195917,62.72952613,5.479390854,0.983205475,-44.50288407,4511.956648,1385.482554,5588,0.345087383,194.0161133,197.6898651,168.4380798
35312,B-220-1-01_masks.tif,47,9400,547.6984848,208.4084479,59.35181817,3.511407979,0.958591105,-10.99542086,4338.234149,1413.656064,6920,0.736170213,189.0403137,191.5570831,156.4750061
35313,B-220-1-01_masks.tif,48,20498,980.4680374,350.825664,76.28833015,4.598680602,0.976070642,-18.44871251,334.6778222,1503.394429,12052,0.587959801,188.7094269,190.4538727,172.1428833
35314,B-220-1-01_masks.tif,49,13165,856.9533188,304.5643167,56.32708633,5.407066768,0.98274922,28.4631531,4049.460995,1656.885758,6748,0.512571212,192.0451965,194.0807648,186.7689667
35315,B-220-1-01_masks.tif,50,12353,996.8944443,347.6023918,48.84588825,7.116308132,0.990077513,44.02913497,2843.421436,1680.250951,3036,0.245770258,191.2045441,192.4588318,185.5948639
35316,B-220-1-01_masks.tif,51,12795,875.9827561,350.4398082,47.88493771,7.318372435,0.990620439,-70.65250436,1340.577335,1589.558578,0,0,,,
35317,B-220-1-01_masks.tif,52,11951,704.6690476,262.970768,59.39834571,4.427240605,0.974156449,72.27656866,2377.273534,1653.136474,6506,0.544389591,181.5596313,183.7488403,178.2888031
35318,B-220-1-01_masks.tif,53,9158,587.0121933,226.0841289,52.91554686,4.272546395,0.972223969,-69.32390596,2623.6829,1652.986132,0,0,,,
35319,B-220-1-01_masks.tif,54,8826,582.8700577,238.2724277,48.57219881,4.905531014,0.979001815,78.89961967,1476.247904,1648.872762,0,0,,,
35320,B-220-1-01_masks.tif,55,15796,861.0954544,311.8204417,65.31519107,4.774087568,0.977816336,51.57321866,1426.98449,1722.6608,9931,0.628703469,185.6269226,188.166748,163.1382599
35321,B-220-1-01_masks.tif,56,10238,746.3675324,260.5936292,51.58995043,5.051247909,0.980207902,39.43806023,2785.77564,1755.781696,2363,0.230806798,181.7896729,181.0808258,175.0723724
35322,B-220-1-01_masks.tif,57,7687,524.4264069,188.2768035,53.5868943,3.513486012,0.958641129,63.68194648,2676.003122,1728.973852,0,0,,,
35323,B-220-1-01_masks.tif,58,15330,727.4974747,274.204704,71.72775451,3.822853592,0.965180525,-71.37423569,1856.20137,1744.420222,8467,0.552315721,186.7086334,186.500412,159.773941
35324,B-220-1-01_masks.tif,59,5938,454.6690476,162.2860151,47.73202553,3.399939838,0.955767623,-46.96113788,1322.478612,1772.664365,0,0,,,
35325,B-220-1-01_masks.tif,60,16129,880.1248917,321.8893088,65.35435189,4.925292647,0.979171767,25.11757991,1705.916858,1880.542563,9561,0.592783186,182.2263336,181.944458,166.4390717
35326,B-220-1-01_masks.tif,61,14512,861.0121933,344.6507093,61.18815827,5.632637409,0.984114176,4.687819769,3248.456932,1931.31691,0,0,,,
35327,B-220-1-01_masks.tif,62,5773,551.4974747,207.3230821,37.66786623,5.503977339,0.98335645,27.73221595,3070.148796,1856.80634,0,0,,,
35328,B-220-1-01_masks.tif,63,10558,593.4558441,235.5996306,58.64021533,4.017714282,0.96852977,83.20743543,1864.294658,1827.414094,5649,0.535044516,190.6599426,187.3012848,171.150116
35329,B-220-1-01_masks.tif,64,14994,844.2842712,371.540469,55.32606876,6.715468446,0.988850762,89.06554692,2625.643524,1830.538082,4129,0.275376817,190.3010406,193.3487549,177.5531616
35330,B-220-1-01_masks.tif,65,12743,736.9533188,266.9855522,62.39730595,4.278799351,0.972306247,-36.07948577,3152.653535,1949.80248,9447,0.741348191,197.9918518,198.8703308,179.124588
35331,B-220-1-01_masks.tif,66,5990,468.627417,179.2532262,43.6240004,4.109050627,0.969934725,89.6313713,2078.437229,1866.282471,0,0,,,
35332,B-220-1-01_masks.tif,67,7183,555.5979797,204.0473456,46.85253356,4.355097369,0.973281304,69.58650239,2624.832243,1915.24725,0,0,,,
35333,B-220-1-01_masks.tif,68,5407,376.627417,136.179284,51.81779472,2.628040902,0.924776155,4.560938327,1530.429628,1952.537821,0,0,,,
35334,B-220-1-01_masks.tif,69,4329,303.7989899,101.7485605,54.93821656,1.852054306,0.841702886,-76.83897027,2034.827212,1924.670594,3917,0.904827905,198.6300812,195.3193817,148.8618774
35335,B-220-1-01_masks.tif,70,8881,567.9411255,218.0066856,53.54785514,4.071249633,0.969364969,14.16768027,1431.859363,2016.707465,6350,0.715009571,196.8135376,193.662674,182.0640869
35336,B-220-1-01_masks.tif,71,4137,354.8700577,123.3603214,44.98794067,2.74207531,0.931130058,65.59018137,2814.266618,1950.074692,0,0,,,
35337,B-220-1-01_masks.tif,72,16666,1042.409163,393.8374084,57.98196474,6.792412264,0.98910331,-57.93680981,3367.433637,2059.690868,0,0,,,
35338,B-220-1-01_masks.tif,73,10722,697.2964646,252.1024632,55.3533376,4.554422085,0.975597463,33.74223984,1518.372505,2064.766555,336,0.031337437,237.8779755,242.5863037,237.1934509
35339,B-220-1-01_masks.tif,74,14871,697.5979797,271.9219841,70.42139745,3.861354559,0.965883629,-10.51937589,1357.174904,2094.175644,9302,0.625512743,192.2259674,190.4265747,175.283493
35340,B-220-1-01_masks.tif,75,19461,1111.965512,384.8854862,67.94797972,5.664413979,0.984293329,51.05019285,2949.294846,2101.366065,15540,0.798520117,187.729538,188.7344208,175.3288269
35341,B-220-1-01_masks.tif,76,12071,718.1248917,264.6034415,59.36224896,4.457436269,0.974509968,53.09074674,1751.232624,2071.31381,5057,0.41893795,194.6027222,197.6381226,170.7014008
35342,B-220-1-01_masks.tif,77,12308,661.4974747,247.652638,63.74774341,3.884884778,0.966302839,66.99982664,2638.282255,2061.808336,6373,0.517793305,175.8211212,173.9006805,178.3447418
35343,B-220-1-01_masks.tif,78,10136,634.7695526,233.4594938,57.58994003,4.053824222,0.969096825,80.63390961,2211.923737,2051.381511,5567,0.549230466,192.0862274,191.8623962,158.1162262
35344,B-220-1-01_masks.tif,79,6846,469.5979797,156.5944487,58.73866405,2.665951826,0.926984129,31.10741952,1639.661408,2163.827637,0,0,,,
35345,B-220-1-01_masks.tif,80,11793,684.0416306,277.4000373,56.41509942,4.917123964,0.979101767,2.231372357,3624.331044,2267.102518,0,0,,,
35346,B-220-1-01_masks.tif,81,7112,439.9411255,155.5959885,58.96045737,2.638988832,0.925424102,31.21510859,1740.594207,2177.274044,5057,0.711051744,186.4919891,187.3195496,166.7609253
35347,B-220-1-01_masks.tif,82,8133,518.3259018,179.8949426,58.77694408,3.060637898,0.945117972,50.8649779,1432.977376,2228.031231,0,0,,,
35348,B-220-1-01_masks.tif,83,9909,567.0121933,211.9285223,59.99199662,3.532613253,0.959097316,68.95788623,1556.668988,2213.353618,7599,0.766878595,188.5200653,189.7977295,175.293335
35349,B-220-1-01_masks.tif,84,13453,821.7401154,311.2478579,56.55461418,5.503491844,0.983353489,-70.26268622,3352.103025,2221.152159,5662,0.420872668,186.9508972,192.1250458,172.195694
35350,B-220-1-01_masks.tif,85,17398,910.3259018,363.147004,62.45913654,5.814153447,0.985097982,-74.48310245,1872.736119,2331.911427,8320,0.478215887,184.9868927,190.9228363,173.6871338
35351,B-220-1-01_masks.tif,86,4434,402.7695526,130.5326228,45.6526238,2.859257847,0.93684639,54.19052632,1495.827921,2333.688092,3377,0.761614795,196.199585,199.5226593,197.9970398
35352,B-220-1-01_masks.tif,87,11276,731.6396103,268.9004055,54.34289202,4.948216694,0.979366334,62.1804139,3457.976055,2356.728006,8958,0.794430649,184.9512177,186.0726776,172.0387421
35353,B-220-1-01_masks.tif,88,11827,682.0832611,239.507458,64.92650916,3.688900898,0.962555848,68.41601456,2783.192864,2392.49573,11530,0.974887968,182.8228149,183.3110199,163.8066711
35354,B-220-1-01_masks.tif,89,10160,624.1837662,237.513106,56.12476331,4.231877197,0.971679722,15.93007974,1539.200098,2590.3125,7448,0.733070866,186.6346741,187.2281189,174.4383698
35355,B-220-1-01_masks.tif,90,9722,605.4558441,252.7182137,49.86048935,5.068506487,0.980343808,82.33509984,1776.433347,2722.738531,6665,0.685558527,191.534729,196.9143219,186.4913788
35356,B-220-1-02_masks.tif,1,15416,911.0121933,340.7492271,61.1187531,5.575199261,0.983782453,82.96899029,1807.991178,38.86351842,0,0,,,
35357,B-220-1-02_masks.tif,2,19477,1008.911688,393.6817868,66.00661024,5.964278204,0.985844048,-80.11913186,1917.84895,97.39508138,0,0,,,
35358,B-220-1-02_masks.tif,3,7477,533.0121933,188.3197677,51.76457885,3.63800444,0.961479693,-23.14989751,1332.881503,262.0189916,5547,0.741875084,194.4465485,196.9394226,172.2312927
35359,B-220-1-02_masks.tif,4,7764,794.3675324,286.1689036,41.51233925,6.893586552,0.989422513,33.8333256,1501.382148,317.7846471,6725,0.866177228,209.0997772,212.4994812,210.0090637
35360,B-220-1-02_masks.tif,5,9576,498.0416306,188.8839154,65.42327975,2.887105571,0.938098846,-6.588163499,1224.012218,374.162594,0,0,,,
35361,B-220-1-02_masks.tif,6,15895,1029.580736,356.9480206,59.18162126,6.031399833,0.986159569,55.13221777,2651.078452,430.4196288,10368,0.652280591,185.7952423,190.9487915,171.4746399
35362,B-220-1-02_masks.tif,7,14354,1141.338095,411.382272,47.90366589,8.587699174,0.993197068,25.49557255,2368.272886,560.5580326,0,0,,,
35363,B-220-1-02_masks.tif,8,8741,584.3259018,213.5496769,53.47047383,3.99378688,0.968145333,-32.13365027,504.5474202,433.6829882,6935,0.793387484,193.5568848,196.0808868,178.8881073
35364,B-220-1-02_masks.tif,9,15160,952.6518036,342.2237086,58.35245297,5.86476988,0.985356002,46.65045064,1966.609565,489.0348945,7107,0.468799472,189.8018799,192.0059052,186.0047913
35365,B-220-1-02_masks.tif,10,7840,529.254834,177.8121759,57.8521982,3.073559543,0.945591716,-36.76610823,1906.458673,641.2139031,5039,0.642729592,196.3683319,196.494339,161.3939209
35366,B-220-1-02_masks.tif,11,5752,477.254834,147.3108839,52.15631775,2.824411121,0.935224184,-45.39743469,798.593185,633.7972879,0,0,,,
35367,B-220-1-02_masks.tif,12,10964,768.6101731,282.9820315,53.41943306,5.29736119,0.982020706,47.07512554,3808.467074,1362.067402,9622,0.877599416,200.3644714,201.207962,182.6201477
35368,B-220-1-02_masks.tif,13,8150,639.0538239,220.8822152,50.05890034,4.412446412,0.973980542,45.43210301,3783.071411,1394.015706,207,0.025398773,206.9565277,180.0579681,207.6956482
35369,B-220-1-02_masks.tif,14,16184,1019.154329,395.8075845,56.85436847,6.961779634,0.989629799,77.46370747,273.5768043,1466.369254,0,0,,,
35370,B-220-1-02_masks.tif,15,8782,640.0832611,224.8776898,53.12738722,4.232801604,0.97169227,65.50221845,143.0448645,1482.465725,0,0,,,
35371,B-220-1-02_masks.tif,16,9270,551.1126984,211.4525311,56.9634004,3.712077047,0.963030898,-77.76087237,3598.893743,1466.212945,0,0,,,
35372,B-220-1-02_masks.tif,17,15560,967.254834,381.2142722,59.64123222,6.391790679,0.987685772,-89.85015564,3788.889653,1487.401799,102,0.00655527,211.1078491,187.7647095,185.7941132
35373,B-220-1-02_masks.tif,18,13143,890.7523087,309.1218192,56.69596501,5.45227194,0.983036547,45.09754303,147.3757894,1628.849121,0,0,,,
35374,B-220-1-02_masks.tif,19,6821,469.0121933,165.7332017,53.87756621,3.076107802,0.94568441,59.23194326,204.5408298,1565.491863,0,0,,,
35375,B-220-1-02_masks.tif,20,14212,817.2964646,305.8311747,60.36060692,5.066734585,0.980329919,-61.66330165,3988.056009,1642.636927,7752,0.545454545,195.6024323,198.8081818,165.4619446
35376,B-220-1-02_masks.tif,21,6232,424.9705627,166.8930449,50.16367765,3.326969886,0.953758558,1.086351634,3676.978177,1718.611521,0,0,,,
35377,B-220-1-02_masks.tif,22,12265,706.6690476,258.410145,62.3535444,4.144273552,0.970451363,72.73300707,3563.496127,1758.09841,0,0,,,
35378,B-220-1-02_masks.tif,23,12545,673.8406204,258.0033304,63.07303918,4.090548573,0.969657868,72.00790181,3605.930969,1827.189318,0,0,,,
35379,B-220-1-02_masks.tif,24,7962,529.2132034,209.8322778,50.00952287,4.195846425,0.971184002,-10.21406062,299.9796534,1874.135016,0,0,,,
35380,B-220-1-02_masks.tif,25,9184,551.4974747,192.2224978,62.03603013,3.098562197,0.946490958,53.83249827,3646.333079,1912.674107,0,0,,,
35381,B-220-1-02_masks.tif,26,21451,931.7817459,340.637131,81.91033404,4.158658794,0.970658518,26.30301684,3534.694606,2109.110531,0,0,,,
35382,B-220-1-02_masks.tif,27,14680,738.6690476,280.4123231,67.75765746,4.138459528,0.970367012,-75.6771072,3805.514578,1997.53188,0,0,,,
35383,B-220-1-02_masks.tif,28,12351,720.4264069,272.5174721,60.18996651,4.527622924,0.975304061,14.77255403,3966.320784,2112.740102,0,0,,,
35384,B-220-1-02_masks.tif,29,8320,475.7989899,184.6655501,60.22501588,3.066259883,0.945324855,-89.33330796,3826.742548,2069.142188,0,0,,,
35385,B-220-1-02_masks.tif,30,14699,956.4264069,371.4230863,53.19330137,6.982516159,0.989691622,80.39979541,1219.81992,2083.525342,0,0,,,
35386,B-220-1-02_masks.tif,31,21098,1041.480231,371.6010709,74.46919033,4.989997463,0.979713978,47.06109055,3731.453124,2219.962177,13285,0.629680538,196.7954865,197.1803589,179.6217499
35387,B-220-1-02_masks.tif,32,8666,498.627417,191.6464589,62.54393397,3.064189391,0.945248801,79.87141464,3837.034272,2138.359797,0,0,,,
35388,B-220-1-02_masks.tif,33,7877,529.4558441,211.3086628,48.271626,4.377492129,0.973557688,13.09710238,4032.995557,2202.866827,0,0,,,
35389,B-220-1-02_masks.tif,34,10237,518.2842712,195.2427052,68.31785555,2.857857636,0.936782402,81.1525632,1259.928299,2144.786363,0,0,,,
35390,B-220-1-02_masks.tif,35,17409,993.3969696,398.5940519,57.56091529,6.924734429,0.989517958,75.22224002,1090.215348,2167.963984,473,0.027169855,243.3953552,241.5708313,239.9703979
35391,B-220-1-02_masks.tif,36,15438,871.254834,360.9043492,58.9280129,6.12449549,0.986579976,77.13102544,1116.081228,2223.010882,5143,0.333139008,196.8948059,196.6006165,181.0501709
35392,B-220-1-02_masks.tif,37,9722,557.6984848,218.3686393,57.87611732,3.773035397,0.964237804,88.66212037,1483.419152,2203.68165,0,0,,,
35393,B-220-1-02_masks.tif,38,11813,676.7695526,256.9312511,61.53319069,4.175490467,0.970898135,-83.06302589,3385.115127,2225.561839,5249,0.44434098,199.1552734,198.1093597,164.3295898
35394,B-220-1-02_masks.tif,39,17832,1249.279221,436.8746296,69.93740048,6.246652387,0.987103112,46.4596775,1460.186519,2380.251795,0,0,,,
35395,B-220-1-02_masks.tif,40,6937,553.254834,207.1259865,45.65840035,4.536426701,0.97540103,66.35044911,1497.727548,2280.3095,0,0,,,
35396,B-220-1-02_masks.tif,41,26132,1169.154329,476.3168674,73.35444422,6.493360728,0.988070309,78.70359018,3604.737525,2318.559965,0,0,,,
35397,B-220-1-02_masks.tif,42,6201,563.4974747,193.8284892,47.02528305,4.121793142,0.97012319,56.38769382,3457.674891,2380.769715,0,0,,,
35398,B-220-1-02_masks.tif,43,7633,627.6396103,219.1782201,45.71727259,4.794210321,0.978004258,51.02830465,3402.557972,2410.381108,0,0,,,
35399,B-220-1-02_masks.tif,44,12480,773.9411255,305.9707569,56.91029233,5.376369446,0.98254991,4.688449321,1790.283814,2529.89367,0,0,,,
35400,B-220-1-02_masks.tif,45,10222,698.1837662,281.5560047,49.93750357,5.638167401,0.984145574,79.26390161,3734.377421,2434.056838,0,0,,,
35401,B-220-1-02_masks.tif,46,14301,778.2842712,327.9735007,56.55479834,5.799216164,0.985020532,-83.88561916,3744.58835,2497.025523,0,0,,,
35402,B-220-1-02_masks.tif,47,17657,925.5807358,327.1930779,71.27225919,4.590749355,0.975986869,-52.09882724,3799.958034,2602.349606,7492,0.42430764,198.7015533,200.8274231,171.3222046
35403,B-220-1-02_masks.tif,48,13753,752.1837662,310.3747709,61.05450912,5.083568362,0.980461271,80.45880109,1452.423908,2631.240675,0,0,,,
35404,B-220-1-02_masks.tif,49,22074,1055.882251,386.4831666,77.07132487,5.01461688,0.979914715,16.53795826,1895.168479,2837.340672,0,0,,,
35405,B-220-1-02_masks.tif,50,18393,1091.095454,425.310408,60.30129417,7.053089223,0.989897928,26.56599882,1775.751916,2840.816234,0,0,,,
35406,B-220-1-02_masks.tif,51,17165,1017.4386,383.0708423,60.49591311,6.332177211,0.987451339,24.76190608,1730.527993,2856.34716,0,0,,,
35407,B-220-1-02_masks.tif,52,8224,559.6984848,225.1220372,48.22567518,4.668095083,0.976785406,-77.5800687,1516.985287,2742.236625,0,0,,,
35408,B-220-1-02_masks.tif,53,8179,536.1837662,197.2519512,54.07505689,3.647743757,0.961689206,64.58030693,1586.919428,2831.753637,0,0,,,
35409,B-220-1-02_masks.tif,54,15979,1011.59798,401.2949685,54.17748931,7.407042549,0.990844692,-0.359293731,1967.996683,3075.700106,0,0,,,
35410,B-220-1-02_masks.tif,55,9408,655.0538239,230.7197387,53.55941644,4.307734364,0.972682243,48.32651983,1410.845238,3062.475128,0,0,,,
35411,B-220-1-02_masks.tif,56,7559,488.0832611,175.9828264,55.28405951,3.183247177,0.949375138,48.27519478,1505.484059,3088.858182,0,0,,,
35412,B-220-1-02_masks.tif,57,10436,801.1543289,298.8732215,47.82438793,6.249389369,0.98711448,70.76978701,1782.561901,3123.683308,0,0,,,
35413,B-220-1-02_masks.tif,58,6944,460.1837662,165.8549825,53.90605357,3.076741321,0.945707418,58.50915059,1634.361463,3133.248704,0,0,,,
35414,B-220-1-03_masks.tif,1,13641,910.1248917,345.752809,53.14636865,6.50567137,0.988115686,-22.38522641,4247.308408,163.0915622,4459,0.326882193,183.1233521,186.5344238,182.3509827
35415,B-220-1-03_masks.tif,2,8693,551.9411255,203.2127985,58.58381904,3.468753008,0.957543736,-17.71304561,3179.921316,117.29518,0,0,,,
35416,B-220-1-03_masks.tif,3,15711,845.7817459,304.647015,67.66070408,4.502569389,0.975024937,32.30108199,4831.498441,152.3666221,7879,0.501495767,182.9616699,183.3739014,168.2733917
35417,B-220-1-03_masks.tif,4,3587,524.2842712,142.6424591,40.59480776,3.513810434,0.958648931,3.175648701,751.351826,166.5935322,1709,0.47644271,196.0696259,200.6518402,194.9280243
35418,B-220-1-03_masks.tif,5,20539,1022.468037,395.1636508,67.6208221,5.843816128,0.985250011,-16.45790709,4998.850626,301.6623497,0,0,,,
35419,B-220-1-03_masks.tif,6,10600,767.7817459,280.4244092,52.82665533,5.308388491,0.982096006,33.39554454,3706.723302,301.0322642,4390,0.414150943,193.2145844,193.3977203,187.251709
35420,B-220-1-03_masks.tif,7,7841,539.9411255,203.7171731,53.67931969,3.795077401,0.964659604,-19.388819,3906.261574,299.7976023,6461,0.824002041,186.70578,189.4185181,182.8774109
35421,B-220-1-03_masks.tif,8,16756,828.5269119,342.318215,63.13648022,5.421876764,0.982844154,86.88453767,4533.424206,232.7920745,12997,0.775662449,191.9156799,195.3332367,180.8271179
35422,B-220-1-03_masks.tif,9,7939,550.8700577,218.8417023,47.25509251,4.631071291,0.976408236,-77.90783754,2424.7967,279.8887769,0,0,,,
35423,B-220-1-03_masks.tif,10,9554,699.6984848,272.2418267,48.48897513,5.614509814,0.984010594,-3.834544339,3367.190705,391.3577559,2472,0.258739795,194.6966095,195.5509644,189.4368896
35424,B-220-1-03_masks.tif,11,13468,907.9238816,320.9812096,56.48006298,5.683088734,0.984397201,55.24955874,4654.27376,386.0138848,4657,0.345782596,185.6212158,183.7019501,180.2441559
35425,B-220-1-03_masks.tif,12,12410,847.7401154,302.1425412,58.98476054,5.122383111,0.980759152,-18.24986483,3764.913537,469.3839645,8925,0.719178082,190.7343445,190.0732727,176.5765839
35426,B-220-1-03_masks.tif,13,7404,431.4558441,159.7104479,60.03903872,2.66011001,0.926650376,77.92261563,4872.675311,385.9993247,3319,0.448271205,176.0096436,178.1849976,174.3787231
35427,B-220-1-03_masks.tif,14,8295,534.4264069,191.9676762,58.57519485,3.277286173,0.952310544,-27.04968387,3844.297167,444.3117541,357,0.043037975,206.8823547,195.8347321,190.1344604
35428,B-220-1-03_masks.tif,15,21803,1082.267027,397.4584961,71.99419731,5.520701819,0.983457985,-23.03881456,4961.015181,702.4484704,13860,0.635692336,185.6815338,188.464798,168.0733795
35429,B-220-1-03_masks.tif,16,20273,1087.539105,415.0436577,63.79140023,6.506263481,0.988117862,-71.22579922,4829.515316,588.7990924,9532,0.470182015,191.605545,193.2156982,171.5421753
35430,B-220-1-03_masks.tif,17,17899,831.9411255,341.3031741,68.49483127,4.982904079,0.97965558,-5.188122703,4971.566903,921.971842,11120,0.621263758,183.7821045,186.5931702,168.1705017
35431,B-220-1-03_masks.tif,18,8274,657.1126984,269.5783901,44.0570558,6.118847144,0.986555019,7.769266752,3096.103215,909.1466038,5500,0.664732898,200.9707336,203.2887268,197.3414612
35432,B-220-1-03_masks.tif,19,15693,971.0538239,362.7237696,56.49723913,6.42020345,0.987795197,70.83855014,2507.60116,875.9561588,3955,0.252023195,185.9433594,185.3729401,181.3613129
35433,B-220-1-03_masks.tif,20,12819,659.4558441,265.8600515,63.10602924,4.212910473,0.97142039,3.739199938,1223.507372,1022.243857,12225,0.953662532,182.9653168,182.6961212,166.1859283
35434,B-220-1-03_masks.tif,21,17633,945.5391052,355.0326389,66.44419485,5.343320657,0.982331436,66.75346679,5277.194748,961.4621448,0,0,,,
35435,B-220-1-03_masks.tif,22,12597,719.0538239,228.0611991,74.47819963,3.062120195,0.945172634,60.67929535,3224.689291,985.8556799,7066,0.560927205,184.207901,182.1655884,167.3402252
35436,B-220-1-03_masks.tif,23,9173,661.8406204,243.963249,49.27094856,4.951462395,0.97939366,69.71160476,1420.043061,981.1277663,4883,0.532323122,185.8339081,186.7937775,185.4632416
35437,B-220-1-03_masks.tif,24,21818,1068.183766,454.6263549,63.64176407,7.143522206,0.990153346,6.541253547,1818.101201,1204.679851,14587,0.668576405,194.8973083,195.8126373,184.5480957
35438,B-220-1-03_masks.tif,25,19509,864.7695526,347.6293538,73.76952848,4.712370555,0.977224647,-5.33098621,1946.115075,1160.367676,16188,0.829770875,197.1685181,197.318512,181.7545776
35439,B-220-1-03_masks.tif,26,10658,574.2842712,221.5029056,63.37338427,3.495203991,0.958197874,-79.05548847,5336.905986,1079.892006,5457,0.512009758,174.8829041,177.4212952,162.6408234
35440,B-220-1-03_masks.tif,27,18109,991.5807358,352.6099768,66.78407804,5.279850934,0.981900153,-55.51391993,1282.472638,1157.543984,11465,0.633110608,194.3870087,199.01091,177.09935
35441,B-220-1-03_masks.tif,28,18076,987.1126984,394.310642,60.73526515,6.492284854,0.988066331,2.850791934,3146.675039,1355.031202,5187,0.286955079,190.4613495,189.894165,184.6882629
35442,B-220-1-03_masks.tif,29,12593,673.254834,244.827383,68.10210201,3.595004792,0.96053367,-20.78962566,2213.180418,1301.20289,8878,0.704994838,190.8640442,192.6359558,175.0625153
35443,B-220-1-03_masks.tif,30,21062,1009.823376,353.6929204,77.56063846,4.560211564,0.975660157,38.24014059,5327.010778,1340.12449,13576,0.644573165,164.8198242,167.3914948,155.7298889
35444,B-220-1-03_masks.tif,31,7588,420.0416306,153.1073606,63.70173091,2.403503931,0.909337515,78.05378979,3237.008698,1272.152478,3312,0.436478651,187.2080383,187.0150909,182.8692627
35445,B-220-1-03_masks.tif,32,6659,520.6690476,176.8382107,49.25884126,3.589979103,0.960420814,60.7529192,3566.116834,1387.055113,0,0,,,
35446,B-220-1-03_masks.tif,33,8801,557.3553391,210.5891732,54.74348609,3.846835272,0.965621016,-75.37888124,3289.792637,1397.965458,0,0,,,
35447,B-220-1-03_masks.tif,34,9408,694.0832611,261.9865112,47.13386375,5.558349992,0.983683165,19.86032855,2498.080995,1510.814201,0,0,,,
35448,B-220-1-03_masks.tif,35,20498,1044.468037,408.9536017,65.11873322,6.280122193,0.987241099,-72.22656944,2088.834764,1460.183774,7412,0.361596253,199.2412262,196.8849182,171.8571167
35449,B-220-1-03_masks.tif,36,21053,943.5807358,333.3888584,81.21303208,4.105115274,0.969876158,-47.43737384,2206.682706,1518.580345,10993,0.522158362,195.8944855,195.9451447,173.0710449
35450,B-220-1-03_masks.tif,37,22021,1155.59798,463.4186632,64.83223364,7.147966947,0.990165649,-1.730068715,2575.805413,1754.561373,0,0,,,
35451,B-220-1-03_masks.tif,38,10985,666.5269119,251.2050238,59.59969184,4.214871186,0.971447365,85.68094336,1954.203368,1556.099044,7830,0.712790168,184.1877441,184.0813599,170.4586182
35452,B-220-1-03_masks.tif,39,17829,1254.793939,429.8745704,56.45699844,7.614194561,0.991338222,29.11728869,3850.738852,1734.258792,0,0,,,
35453,B-220-1-03_masks.tif,40,9710,606.3259018,213.2172208,59.20368761,3.601417909,0.960676976,-29.55892132,4696.777034,1671.957467,8874,0.913903193,186.5205078,188.6226044,158.1320648
35454,B-220-1-03_masks.tif,41,6340,447.0121933,156.5815415,52.67112311,2.972815696,0.941725827,55.71362495,2847.676972,1643.469243,3116,0.49148265,190.4659882,189.4756165,185.4643707
35455,B-220-1-03_masks.tif,42,18012,774.1837662,302.7646528,77.35797693,3.913812961,0.966807652,8.539333578,1769.822618,1754.744781,7527,0.417888075,185.10495,183.7070618,154.7394714
35456,B-220-1-03_masks.tif,43,22150,1003.941125,420.5337804,68.50902851,6.13837022,0.986640985,3.972728693,4453.330429,1861.29228,0,0,,,
35457,B-220-1-03_masks.tif,44,10585,606.627417,255.6880939,56.15750951,4.553052587,0.975582597,-85.35552618,5330.940576,1800.376571,0,0,,,
35458,B-220-1-03_masks.tif,45,8663,686.5685425,247.1135524,45.9665403,5.375944127,0.982547125,62.97265326,3827.108277,1868.962022,0,0,,,
35459,B-220-1-03_masks.tif,46,10554,618.6690476,218.2003382,63.47183732,3.437750465,0.956757144,61.45999699,2246.375024,1894.566326,7635,0.723422399,175.4965363,172.6589355,164.4433594
35460,B-220-1-03_masks.tif,47,16980,1010.124892,384.8018872,58.38334675,6.590952877,0.988423033,18.7892366,2390.128269,2015.731272,8566,0.504475854,188.0653687,189.0359497,181.6634369
35461,B-220-1-03_masks.tif,48,16661,937.0121933,374.3828173,59.68844461,6.272283015,0.98720898,6.64580314,1916.365164,2109.914591,13667,0.820298902,195.4483795,195.5686035,181.5077209
35462,B-220-1-03_masks.tif,49,12910,746.3259018,279.130413,61.0129139,4.574939881,0.97581856,-21.84746348,1833.70519,2115.645933,393,0.030441518,214.460556,211.4071198,219.1526642
35463,B-220-1-03_masks.tif,50,12569,920.6690476,342.419994,54.38612658,6.296090851,0.987306153,10.74167498,4041.573474,2211.50179,0,0,,,
35464,B-220-1-03_masks.tif,51,16180,966.1665222,329.1315865,65.67053213,5.011861117,0.979892394,-35.08540534,3859.213041,2278.922126,0,0,,,
35465,B-220-1-03_masks.tif,52,13792,750.9533188,271.1642494,66.31021588,4.089328405,0.969639475,47.88421143,5332.488907,2280.037631,0,0,,,
35466,B-220-1-03_masks.tif,53,20242,935.0121933,387.554292,71.23196356,5.440735769,0.98296391,7.909608418,2492.980783,2440.885733,16773,0.828623654,190.5782471,191.2127228,175.0120392
35467,B-220-1-03_masks.tif,54,25088,1064.911688,417.7855125,79.90441059,5.228566351,0.981539991,-81.06504612,3456.840123,2331.453922,0,0,,,
35468,B-220-1-03_masks.tif,55,10004,839.6396103,319.3585153,46.71674152,6.83606144,0.989242774,22.97505601,3087.657537,2502.487305,0,0,,,
35469,B-220-1-03_masks.tif,56,12061,730.1837662,290.5667785,54.81200109,5.301152535,0.982046649,-12.48426597,3195.101567,2480.783268,0,0,,,
35470,B-220-1-03_masks.tif,57,15709,829.9411255,334.3319216,62.38400178,5.359257375,0.982437299,-5.008799533,3620.281686,2556.243555,0,0,,,
35471,B-220-1-03_masks.tif,58,26105,1093.39697,431.5803359,79.7971983,5.408464772,0.982758215,13.75090162,1715.449339,2667.945643,18857,0.72235204,182.2989349,183.7550049,172.8122711
35472,B-220-1-03_masks.tif,59,12306,701.4558441,284.7955146,58.82649959,4.841279297,0.978434575,-85.06146501,3426.565822,2507.032017,0,0,,,
35473,B-220-1-03_masks.tif,60,15473,670.2842712,265.3846005,77.42672761,3.427558012,0.956493724,2.933654735,1633.574032,2658.640406,8960,0.579073224,200.8500061,200.0795746,184.5457611
35474,B-220-1-03_masks.tif,61,15666,773.5979797,301.9033399,67.22199414,4.491139302,0.974896012,-11.22291852,3209.315971,2734.032618,7503,0.478935274,194.0409241,194.2725525,177.3538513
35475,B-220-1-03_masks.tif,62,7210,425.7989899,162.8498869,57.81694521,2.816646337,0.934854092,85.91736316,3506.642441,2730.320527,0,0,,,
35476,B-220-1-03_masks.tif,63,18473,886.2670273,329.676222,75.23320956,4.382057126,0.973613498,35.19159903,1612.067883,2843.183782,0,0,,,
35477,B-220-1-03_masks.tif,64,6775,611.1543289,196.1811473,45.71575515,4.291324657,0.972469959,-57.90396876,1929.726347,2861.591292,327,0.048265683,228.9785919,224.4434204,224.7400665
35478,B-220-1-03_masks.tif,65,6554,442.8700577,164.074268,51.86448768,3.163518533,0.948724635,77.36476353,4070.308361,2893.599634,6554,1,196.1977386,200.6782074,199.2735748
35479,B-220-1-03_masks.tif,66,25830,1290.651804,487.3770103,74.53080048,6.539269767,0.988238219,64.98114758,1569.003291,3261.322067,0,0,,,
35480,B-220-1-03_masks.tif,67,17320,1010.083261,377.5839718,60.65942315,6.224654838,0.987011197,7.724470677,3797.096767,3394.258314,0,0,,,
35481,B-220-1-03_masks.tif,68,14665,809.4386002,279.1600128,72.56908123,3.846817516,0.965620693,41.6655912,3973.243982,3337.959768,0,0,,,
35482,B-220-1-03_masks.tif,69,13253,1021.823376,352.8589681,51.47874701,6.854459143,0.989300754,57.77340335,1648.814382,3452.417264,0,0,,,
35483,B-220-1-03_masks.tif,70,14006,909.4386002,325.730902,56.32535694,5.783024196,0.984935889,59.02504985,1864.113737,3498.212052,7235,0.51656433,186.608017,186.1382141,178.0501709
35484,B-220-1-03_masks.tif,71,7695,523.5979797,187.5440811,53.29093158,3.51924944,0.958779394,64.11875072,2021.626121,3537.1436,0,0,,,
35485,B-220-1-04_masks.tif,1,5621,496.2842712,179.3662109,44.37154824,4.042369897,0.968918632,14.90893894,1106.563779,79.00338018,2272,0.404198541,178.900528,179.5189209,172.7169952
35486,B-220-1-04_masks.tif,2,15242,863.4386002,315.0058648,63.90858557,4.929006988,0.979203479,-33.65479533,1957.742685,121.9027687,10188,0.668416218,191.8188019,195.4134216,171.8195953
35487,B-220-1-04_masks.tif,3,9715,500.627417,188.6194427,67.9404914,2.776244899,0.932875579,8.851697894,4346.658878,85.09686052,8143,0.838188369,183.6786194,186.1416016,157.0406494
35488,B-220-1-04_masks.tif,4,13813,750.1248917,268.9544448,66.54327495,4.041797537,0.968909687,-54.97662177,1852.729603,105.8088033,0,0,,,
35489,B-220-1-04_masks.tif,5,5624,433.7989899,171.0786822,43.60724613,3.923170972,0.966968513,80.02211847,5338.137447,56.19683499,0,0,,,
35490,B-220-1-04_masks.tif,6,13007,758.8700577,327.0961887,51.73991188,6.321931692,0.987410373,-85.19268132,1653.827939,58.88806028,0,0,,,
35491,B-220-1-04_masks.tif,7,22519,1144.208153,416.7696285,70.57402407,5.905425318,0.985558411,-53.54734582,2331.946401,171.4585461,10315,0.45805764,182.3846893,184.2542877,163.0939484
35492,B-220-1-04_masks.tif,8,10118,672.6690476,254.3565569,52.86166037,4.811739834,0.978166016,-68.98061026,5031.029749,83.82862226,4753,0.469756869,178.0753174,184.0172577,162.5869904
35493,B-220-1-04_masks.tif,9,14355,820.8528137,288.1039407,65.11923825,4.424252316,0.974121062,46.86221025,4255.826263,219.7504006,9547,0.665064437,182.6324463,184.5138855,172.0781403
35494,B-220-1-04_masks.tif,10,20755,1133.39697,464.5026668,66.43234223,6.992116357,0.989720056,-80.62612206,1395.737124,183.6784389,6188,0.298145025,189.7299652,191.67453,184.6278229
35495,B-220-1-04_masks.tif,11,12105,667.3553391,254.3130021,62.0693324,4.097240815,0.96975845,-10.87063122,4610.036431,299.6572491,7492,0.618917803,181.5671387,185.8435669,159.1485596
35496,B-220-1-04_masks.tif,12,15694,905.1126984,383.7832451,54.29040127,7.069081019,0.989943815,0.107233323,2657.795654,409.9806295,4427,0.282082324,189.084259,190.0336609,183.0700226
35497,B-220-1-04_masks.tif,13,19438,1096.953319,434.4993643,58.80172234,7.389228528,0.990800291,71.10545346,1929.279401,326.334911,0,0,,,
35498,B-220-1-04_masks.tif,14,12323,770.9533188,273.9161614,59.38736308,4.612364435,0.976214145,38.44861874,4346.368579,375.9636452,55,0.004463199,236.9454498,189.4545441,226.3272705
35499,B-220-1-04_masks.tif,15,16438,931.7401154,358.4826691,65.73238755,5.453668769,0.98304531,-78.12860368,2273.631646,351.1634019,7227,0.439652026,191.1674347,193.9180908,177.3675079
35500,B-220-1-04_masks.tif,16,18266,1052.083261,443.3736108,57.8001198,7.670807817,0.991466153,78.04762162,1505.213019,403.0462608,5678,0.310850761,190.3684387,190.8173676,186.7985229
35501,B-220-1-04_masks.tif,17,24863,1448.124892,605.4384895,58.19752066,10.40316637,0.995369311,-79.33662328,2161.175964,431.3534972,3105,0.124884366,192.370697,196.2421875,191.2950134
35502,B-220-1-04_masks.tif,18,19441,1259.823376,476.3005031,62.45810235,7.62592018,0.991364955,66.60954317,4348.681652,490.0847693,9455,0.486343295,200.7028046,201.0283508,200.0274963
35503,B-220-1-04_masks.tif,19,14042,836.6690476,316.9600731,63.51672021,4.990183246,0.979715504,-79.38413119,2196.820182,488.9010113,0,0,,,
35504,B-220-1-04_masks.tif,20,18948,1291.23759,496.9760264,49.96784364,9.945917016,0.994932636,66.932892,4329.446855,530.4749842,3438,0.181443952,186.4557953,187.9089661,192.3004608
35505,B-220-1-04_masks.tif,21,18178,1221.580736,421.9263197,59.07569702,7.142130199,0.990149489,24.59055932,3105.56959,658.8169216,8543,0.469963692,178.5255737,178.6709595,163.379837
35506,B-220-1-04_masks.tif,22,8353,746.1248917,262.9707406,46.13359415,5.70020059,0.984491475,58.3921305,3470.422244,544.3888423,0,0,,,
35507,B-220-1-04_masks.tif,23,17912,1212.350288,413.0140404,60.33995448,6.844785415,0.989270326,-45.14050293,4597.712986,722.5683341,10659,0.595075927,198.3651428,202.6807404,185.3779907
35508,B-220-1-04_masks.tif,24,26140,1064.911688,420.7440879,80.83131262,5.205211622,0.981372391,-10.2360589,3477.474713,849.6019128,17908,0.685080337,193.9706879,194.220459,173.7473145
35509,B-220-1-04_masks.tif,25,16534,1213.178716,443.1677044,49.10431312,9.025026036,0.993842389,38.00604703,5175.000605,794.7232974,0,0,,,
35510,B-220-1-04_masks.tif,26,7574,509.7989899,213.5642625,45.99809325,4.642893811,0.976529672,-83.41708584,3393.287167,681.719963,0,0,,,
35511,B-220-1-04_masks.tif,27,18763,1050.894444,375.2869905,65.49877748,5.729679315,0.984651886,54.43240951,2128.708682,805.7325588,9246,0.49277834,186.0531006,187.4462433,168.6584473
35512,B-220-1-04_masks.tif,28,5512,366.627417,128.5315877,55.38121104,2.320851878,0.902411015,71.90862796,2189.419993,731.9513788,0,0,,,
35513,B-220-1-04_masks.tif,29,9943,893.3380951,323.4898518,44.89786197,7.205016847,0.990321529,-55.52339977,1803,831.0217238,0,0,,,
35514,B-220-1-04_masks.tif,30,8870,529.6984848,204.2507387,56.36523604,3.623700583,0.961168836,14.27722397,3118.460541,867.7710259,0,0,,,
35515,B-220-1-04_masks.tif,31,6575,422.627417,162.4145372,52.27231541,3.107085192,0.946792354,-6.339571626,2957.708745,850.5026616,0,0,,,
35516,B-220-1-04_masks.tif,32,12191,921.7817459,337.3256851,52.79984984,6.388762205,0.987674022,-62.64964743,3984.983512,852.5803462,0,0,,,
35517,B-220-1-04_masks.tif,33,12463,764.7695526,323.5646788,49.80054715,6.497211322,0.98808453,-78.97421673,3704.70938,826.6579475,0,0,,,
35518,B-220-1-04_masks.tif,34,9878,674.0416306,280.5285381,48.09267284,5.833082703,0.98519527,-4.278294879,4275.928022,977.2565297,0,0,,,
35519,B-220-1-04_masks.tif,35,14610,733.5979797,286.673362,65.71611661,4.362299186,0.973370658,12.18578067,3061.27091,959.9600958,12935,0.885352498,190.8225708,189.6591492,176.6411285
35520,B-220-1-04_masks.tif,36,12288,823.4386002,298.704935,57.17030939,5.224826281,0.981513304,35.85386244,3349.170247,967.2489421,5380,0.437825521,194.1784363,196.562088,189.3516693
35521,B-220-1-04_masks.tif,37,7946,407.4558441,133.294667,77.54103967,1.719020889,0.813384462,-6.900479005,2763.435062,930.4111503,7173,0.902718349,178.828949,180.5590363,157.1311798
35522,B-220-1-04_masks.tif,38,22344,1014.811183,360.766668,80.37995133,4.488266813,0.974863454,14.26243247,3211.081812,1043.222521,9209,0.412146438,193.7896576,191.7348175,187.1317139
35523,B-220-1-04_masks.tif,39,15139,1121.338095,398.0894013,63.43919152,6.275133585,0.987220674,-62.63128319,2069.846886,1089.326706,7253,0.479093731,194.6595917,199.8516541,181.2154999
35524,B-220-1-04_masks.tif,40,7175,622.2253967,222.1684544,45.52322547,4.880332008,0.978782056,-38.51038486,1594.458537,1061.921812,3228,0.44989547,187.846344,194.9826508,191.9042816
35525,B-220-1-04_masks.tif,41,18652,1082.852814,406.5746429,61.21251638,6.642018119,0.988601383,23.76039806,3207.113875,1227.568572,6789,0.363982415,197.6576843,196.7020111,178.0054474
35526,B-220-1-04_masks.tif,42,11798,750.9705627,330.0042646,48.04596884,6.868510982,0.989344723,88.87438575,4449.615189,1063.582302,0,0,,,
35527,B-220-1-04_masks.tif,43,5331,387.1126984,134.5624856,51.46991332,2.614391145,0.923956222,59.92019721,2869.975427,1086.879385,0,0,,,
35528,B-220-1-04_masks.tif,44,13184,915.1959595,318.671341,55.61570056,5.729880911,0.984652974,-29.51614849,1547.0848,1214.346481,0,0,,,
35529,B-220-1-04_masks.tif,45,13359,621.0121933,218.8482425,79.82530978,2.741589643,0.931104752,-16.09121419,3540.010106,1162.829254,5903,0.441874392,191.4922943,186.6083374,153.6757507
35530,B-220-1-04_masks.tif,46,9328,551.7401154,195.9391701,61.5170938,3.185117469,0.949436157,39.12171849,3713.49925,1140.85506,0,0,,,
35531,B-220-1-04_masks.tif,47,13883,962.6518036,338.9462148,55.80943763,6.073277733,0.986351098,45.30597865,3048.866383,1181.251819,7244,0.521789239,189.1278229,186.9860535,190.2396393
35532,B-220-1-04_masks.tif,48,12479,711.9411255,273.7474066,61.12535452,4.478459204,0.974751811,-84.57714531,2783.384326,1146.171648,0,0,,,
35533,B-220-1-04_masks.tif,49,16731,801.7401154,294.852408,74.83725513,3.939914785,0.967253414,-71.4664421,1329.557827,1204.931624,14465,0.864562788,192.8081512,196.2883453,182.025238
35534,B-220-1-04_masks.tif,50,12477,721.3553391,289.9372576,55.6654286,5.208569571,0.981396629,-79.9157054,4200.929871,1184.015549,0,0,,,
35535,B-220-1-04_masks.tif,51,12515,651.8406204,238.9429611,68.23884137,3.50156826,0.95835299,17.58561308,3377.754934,1275.454015,8259,0.659928086,186.9637909,186.8813477,167.6516571
35536,B-220-1-04_masks.tif,52,8181,631.254834,230.8064434,47.32256714,4.877301832,0.978755397,-69.29444521,4483.209265,1227.385894,0,0,,,
35537,B-220-1-04_masks.tif,53,7901,594.2842712,242.5901606,45.02354746,5.388073004,0.982626305,-80.90481355,3619.020504,1283.436274,0,0,,,
35538,B-220-1-04_masks.tif,54,23612,1292.166522,493.2398334,66.21199227,7.449403295,0.990948993,67.61705187,4210.073268,1366.313485,14253,0.603633746,187.7281952,190.1772308,177.4653778
35539,B-220-1-04_masks.tif,55,12205,917.4386002,339.7982097,47.11167581,7.212611393,0.990341999,60.83348766,4150.833183,1392.923474,0,0,,,
35540,B-220-1-04_masks.tif,56,11087,689.6396103,254.8621405,56.25094697,4.530806221,0.97533919,-59.89787794,2956.841616,1455.205827,0,0,,,
35541,B-220-1-04_masks.tif,57,5822,489.0121933,166.7345641,46.3733484,3.595482531,0.960544372,66.32145903,2745.414119,1441.540364,0,0,,,
35542,B-220-1-04_masks.tif,58,19900,1151.580736,424.4195835,62.10869633,6.833496895,0.989234654,26.14787712,5282.763417,1623.695176,12076,0.606834171,179.9350739,181.1392059,165.0201263
35543,B-220-1-04_masks.tif,59,12671,888.5269119,377.8651595,46.13773274,8.189937759,0.992517674,-5.585603651,3470.866625,1604.690553,0,0,,,
35544,B-220-1-04_masks.tif,60,9202,540.0416306,212.8173466,56.37472739,3.775048793,0.964276648,87.83723974,2681.612258,1485.760813,0,0,,,
35545,B-220-1-04_masks.tif,61,3468,301.2132034,78.11681715,61.84592456,1.263087547,0.610896124,-27.55423482,2511.934833,1495.623991,3347,0.965109573,186.5264435,182.080368,137.5927734
35546,B-220-1-04_masks.tif,62,8763,518.0832611,181.8984246,61.90646893,2.938278144,0.940304116,-36.90707689,1495.176195,1697.953555,8568,0.977747347,191.0948944,193.335083,164.2388
35547,B-220-1-04_masks.tif,63,7008,427.9411255,145.3019588,62.027258,2.34255009,0.904305818,-29.15144003,1422.210759,1700.338756,6216,0.886986301,191.0283203,192.9245453,167.2644806
35548,B-220-1-04_masks.tif,64,13627,746.8700577,320.6444134,55.06215697,5.82331734,0.9851452,1.611294065,742.5337198,1814.662141,10511,0.771336318,189.375885,190.3629456,181.155365
35549,B-220-1-04_masks.tif,65,19390,974.6101731,355.8096318,70.67125474,5.034715077,0.98007638,-25.14997713,4007.367457,1836.485095,12322,0.635482207,189.6016846,190.4554443,170.4916382
35550,B-220-1-04_masks.tif,66,6125,365.4558441,120.1271322,66.0216861,1.819510214,0.835428956,-82.40367258,1596.163755,1767.002449,5663,0.924571429,185.4585876,187.1403809,162.1100159
35551,B-220-1-04_masks.tif,67,20537,1126.551299,388.7317093,70.90746704,5.482239397,0.983223072,33.41935628,1054.899206,1949.233335,12784,0.622486244,184.0294189,184.0429382,176.3764801
35552,B-220-1-04_masks.tif,68,7431,517.6984848,196.8325451,49.56207066,3.971435061,0.967779774,12.80125405,4668.280447,1904.426726,0,0,,,
35553,B-220-1-04_masks.tif,69,3490,300.627417,96.50857311,47.68451414,2.023897587,0.869407268,-70.09296185,1510.115473,1844.021203,3116,0.892836676,190.5240631,193.5776672,152.8741913
35554,B-220-1-04_masks.tif,70,13251,752.7695526,299.6239933,58.41686192,5.129066907,0.980809756,-6.257825996,1237.88899,1969.422157,10097,0.761980228,195.5300598,195.5099487,178.4343872
35555,B-220-1-04_masks.tif,71,15486,883.0538239,334.5846465,61.66134214,5.426165485,0.982871499,-22.26375763,4547.760816,2045.240152,8076,0.521503293,189.9794464,198.1146545,189.5056915
35556,B-220-1-04_masks.tif,72,11738,671.4558441,282.9442773,54.72265044,5.170514861,0.981119138,-88.76062972,2122.412251,1922.856194,0,0,,,
35557,B-220-1-04_masks.tif,73,15197,721.9411255,290.2753627,68.43858089,4.241399499,0.971808584,83.20355396,4425.499638,1937.756926,7168,0.471672041,178.4242401,180.218338,178.9079285
35558,B-220-1-04_masks.tif,74,12727,774.4680374,295.1746741,59.97657813,4.92149908,0.979139303,63.20656268,5097.144967,1955.728216,3402,0.267305728,181.7877655,186.7695465,179.9953003
35559,B-220-1-04_masks.tif,75,12280,734.8700577,309.2568465,52.42275192,5.899286763,0.98552812,3.105720449,3822.97044,2076.536971,2456,0.2,187.1555328,193.1628723,183.9735413
35560,B-220-1-04_masks.tif,76,15344,876.2253967,334.3467112,60.43385652,5.53244043,0.983528695,68.93489298,4902.081595,2003.639012,8626,0.56217414,199.4287109,202.1268311,199.0269012
35561,B-220-1-04_masks.tif,77,5844,480.1421356,212.9890951,36.08445359,5.902516844,0.985544071,-0.075334748,5419.040554,2050.673682,0,0,,,
35562,B-220-1-04_masks.tif,78,14322,1066.994949,397.1133041,48.92735101,8.116386765,0.992380927,28.81499176,4419.754573,2125.374459,0,0,,,
35563,B-220-1-04_masks.tif,79,11371,808.2670273,282.2055441,52.80231412,5.34456773,0.982339754,-45.26020968,3330.606719,2073.194002,6410,0.563714713,190.794693,192.7762909,162.0987549
35564,B-220-1-04_masks.tif,80,3056,302.627417,100.0782555,40.27336514,2.484973758,0.915455712,-22.95049505,1597.245092,2018.272906,2784,0.910994764,186.5714874,184.2693939,149.7754974
35565,B-220-1-04_masks.tif,81,4617,486.6690476,173.7534406,35.15172811,4.942955866,0.979321925,-53.37739083,2180.88629,2019.982456,0,0,,,
35566,B-220-1-04_masks.tif,82,10904,708.4680374,261.1555119,54.25790708,4.813224947,0.978179638,-30.31470411,4687.437546,2078.847854,7516,0.689288335,194.9415894,199.2300415,183.2746124
35567,B-220-1-04_masks.tif,83,16339,790.8700577,336.1192461,65.42901679,5.13715875,0.980870752,-1.593311193,5346.709835,2157.459086,9131,0.558846931,178.9498444,183.9710846,163.5876617
35568,B-220-1-04_masks.tif,84,5704,410.627417,152.4617253,48.89205815,3.118333142,0.94718619,-81.4303281,1962.977384,2010.773492,3512,0.615708275,181.9236908,184.1611633,159.8607635
35569,B-220-1-04_masks.tif,85,11880,694.0832611,263.843951,61.13490676,4.315765983,0.972785246,69.88678323,4889.546549,2056.580556,473,0.039814815,201.6828766,179.8245239,196.7378387
35570,B-220-1-04_masks.tif,86,15214,803.254834,320.6285983,63.86455027,5.020447133,0.979961815,13.65574182,5105.722953,2241.926975,11354,0.746286315,189.8733521,192.4502411,182.2087402
35571,B-220-1-04_masks.tif,87,12579,716.4680374,234.9569132,69.05969856,3.402229058,0.955828502,27.22534715,1980.510772,2227.199698,9584,0.761904762,185.6621399,184.2026367,166.4018097
35572,B-220-1-04_masks.tif,88,13446,717.2132034,301.2232498,62.12865965,4.848378373,0.978498375,-88.45370774,4937.025212,2163.642422,0,0,,,
35573,B-220-1-04_masks.tif,89,17762,1193.865007,410.6064613,56.8930074,7.217169211,0.990354254,55.11674481,1264.671321,2291.074147,3151,0.177401194,187.0596619,184.7781677,182.2215118
35574,B-220-1-04_masks.tif,90,11077,712.1837662,278.3712045,56.31333806,4.943255259,0.979324456,12.84332109,4925.844814,2540.720953,10196,0.92046583,180.639267,186.4134979,160.147995
35575,B-220-1-04_masks.tif,91,13306,860.7523087,312.3385255,57.0273481,5.476995441,0.983190656,39.77819666,3969.977604,2760.331204,5092,0.382684503,191.150238,191.6798859,187.4387207
35576,B-220-1-04_masks.tif,92,18018,948.7695526,378.889941,63.26326038,5.989099183,0.985961973,-6.67890772,3425.875846,2894.867466,15756,0.874458874,195.5422668,197.8776398,187.5924683
35577,B-220-1-04_masks.tif,93,13826,857.8406204,338.6101946,53.07204913,6.380198243,0.987640703,-74.87580719,3687.432952,2948.32504,12354,0.893533922,188.5830536,192.5705872,181.7774811
35578,B-220-1-04_masks.tif,94,8239,519.7989899,212.2390905,50.74005021,4.182871118,0.971002276,1.936844126,3319.40903,3547.965287,5842,0.709066634,188.6639862,193.8611755,187.9246826
35579,B-220-1-05_masks.tif,1,13379,770.8700577,322.9059817,56.36231918,5.729110981,0.984648817,1.254580344,4268.316242,166.1675013,10281,0.768443082,199.4091034,199.0075836,187.5160065
35580,B-220-1-05_masks.tif,2,14486,835.6984848,349.8555562,55.69557266,6.281568525,0.987247012,2.097998973,4314.489162,185.1133508,13309,0.918749137,198.3196259,198.8280792,187.1148834
35581,B-220-1-05_masks.tif,3,10575,818.4680374,288.1720235,50.66959596,5.687276918,0.984420354,63.59902817,961.1340898,184.0432151,8725,0.825059102,182.8570709,189.0899658,168.3417816
35582,B-220-1-05_masks.tif,4,18237,1306.936075,449.3574181,56.74993391,7.918201612,0.991993199,-36.83471791,4455.857707,317.3466579,14350,0.786861874,195.9528198,200.3204193,176.964325
35583,B-220-1-05_masks.tif,5,17113,943.4974747,385.8399974,58.15651697,6.634510069,0.988575421,-77.72167866,3522.662771,257.910419,8435,0.492900134,189.334671,191.9375153,174.990036
35584,B-220-1-05_masks.tif,6,15880,960.2670273,338.141215,61.17482225,5.527457254,0.983498733,-60.91825871,3246.201259,301.1100756,10051,0.632934509,193.6321716,198.1450653,177.5389557
35585,B-220-1-05_masks.tif,7,8659,730.4264069,294.6020246,43.92137659,6.707486137,0.98882406,-77.56142219,3479.248181,313.8663818,30,0.003464603,207.2333374,212.2333374,201.9666595
35586,B-220-1-05_masks.tif,8,13261,717.8406204,281.9676703,61.40275603,4.59210121,0.976001179,-16.06504455,4505.532011,421.7187995,9994,0.753638489,196.331192,198.3410034,173.7182312
35587,B-220-1-05_masks.tif,9,10374,734.4680374,239.6287042,58.30548669,4.109882583,0.969947084,-32.62637866,4609.151533,391.4792751,8424,0.812030075,197.2241211,198.1525421,170.9705658
35588,B-220-1-05_masks.tif,10,21743,1165.965512,432.1750209,66.28675078,6.519779833,0.988167372,-33.02147097,3968.525089,472.7587269,5979,0.274985053,196.8360901,198.0118713,162.1784515
35589,B-220-1-05_masks.tif,11,10656,748.3675324,260.5723593,55.13677342,4.725926876,0.977356633,-46.0123608,2418.50854,411.7707395,0,0,,,
35590,B-220-1-05_masks.tif,12,8359,510.0832611,179.8333071,59.79024447,3.007736609,0.943111744,-39.72796,2543.378634,424.4534035,7977,0.954300754,189.7220764,192.3958893,158.9056091
35591,B-220-1-05_masks.tif,13,13439,801.1126984,316.0959483,55.71008779,5.673944538,0.984346469,-84.76660871,3457.823722,381.4894709,8587,0.638961232,202.1654816,202.5075073,191.4193573
35592,B-220-1-05_masks.tif,14,5556,551.4974747,198.4730348,37.1949913,5.336015088,0.982282586,-40.35120773,2435.99568,472.9420446,3481,0.626529878,195.1197968,202.9428253,185.8905487
35593,B-220-1-05_masks.tif,15,12212,718.7695526,291.3693724,54.24240207,5.371616324,0.98251874,-77.78776552,3446.104651,436.6211104,7040,0.576482149,196.013916,199.8671875,185.8586578
35594,B-220-1-05_masks.tif,16,9468,786.8528137,276.1564276,45.03317154,6.132289113,0.986614297,-45.32427712,3998.573933,531.1862062,0,0,,,
35595,B-220-1-05_masks.tif,17,7461,518.2842712,203.749921,47.20085166,4.316657727,0.972796646,14.20935299,4416.349015,575.7238976,5371,0.719876692,198.4190979,203.3181915,194.328064
35596,B-220-1-05_masks.tif,18,18940,1089.63961,410.7689007,62.11694847,6.612831294,0.988499955,-74.09976742,2697.013886,567.330623,14675,0.774815206,193.8907623,199.1638794,184.315094
35597,B-220-1-05_masks.tif,19,14317,877.4386002,325.6543345,57.43756375,5.669710086,0.984322892,30.63350244,3494.524132,678.2519383,0,0,,,
35598,B-220-1-05_masks.tif,20,12008,812.2842712,324.4136927,49.51023933,6.552456564,0.988285793,-4.546240991,4766.306712,806.9337109,9206,0.766655563,193.1573944,199.0316162,189.8668213
35599,B-220-1-05_masks.tif,21,16096,997.8233765,356.5832591,59.49231911,5.993769691,0.985983998,-35.3942492,4415.769632,806.9271869,9436,0.586232604,199.9070587,202.0603027,176.8501434
35600,B-220-1-05_masks.tif,22,19986,937.882251,362.9756385,71.16819866,5.100250467,0.980590141,-68.20313741,3753.09952,752.2939558,10988,0.549784849,194.3822327,197.355484,173.7607422
35601,B-220-1-05_masks.tif,23,7183,538.4264069,188.326118,49.85677337,3.777342681,0.964320825,63.41753265,2727.163441,734.1979674,3961,0.551440902,191.5738525,196.7813721,190.5316772
35602,B-220-1-05_masks.tif,24,18861,884.1837662,345.5673667,71.47643613,4.834703371,0.978375221,86.45410821,2977.620063,736.634961,15833,0.839457081,195.197876,198.4535522,182.3106232
35603,B-220-1-05_masks.tif,25,7223,492.8700577,191.0212069,49.22942144,3.880224494,0.966220432,5.714153444,4826.513637,868.8240343,0,0,,,
35604,B-220-1-05_masks.tif,26,12411,873.3969696,333.2919419,50.32713579,6.622509639,0.988533739,71.09970032,3832.844251,864.2720973,5077,0.409072597,196.3100281,197.0309296,192.2034607
35605,B-220-1-05_masks.tif,27,12114,956.1248917,344.3794609,46.74648512,7.366959463,0.990744328,66.79802688,3822.943536,950.0275714,2211,0.182516097,191.5703278,193.2048798,186.6427002
35606,B-220-1-05_masks.tif,28,5770,523.0121933,185.1560686,41.82489719,4.42693422,0.974152824,-65.98275329,104.8850953,957.6786828,4549,0.788388215,184.4433899,191.4011841,165.1426697
35607,B-220-1-05_masks.tif,29,11139,810.8528137,276.0382699,56.21406937,4.910483673,0.979044604,39.34270157,2640.634168,1090.807972,5463,0.490438998,191.0968323,193.7281647,187.1872559
35608,B-220-1-05_masks.tif,30,18363,900.3259018,338.1173415,75.88578963,4.455608134,0.974488773,-77.7160891,3252.045036,1028.043784,10000,0.544573327,199.6248932,200.1118927,174.8081055
35609,B-220-1-05_masks.tif,31,7974,697.882251,229.5834238,47.28982885,4.854816128,0.978555986,48.60487323,5288.983572,1175.208929,2839,0.356032104,183.3289948,184.8798828,177.5537109
35610,B-220-1-05_masks.tif,32,12091,713.3553391,275.457683,57.82810997,4.763387271,0.977715422,-77.95029601,1122.580018,1181.693656,10603,0.876933256,193.0039673,198.8644714,176.2062683
35611,B-220-1-05_masks.tif,33,9592,712.3259018,258.0610975,48.5023101,5.320593947,0.9821788,68.5849799,2951.551293,1276.48457,5144,0.536280234,196.9358521,200.7381439,196.4525604
35612,B-220-1-05_masks.tif,34,21656,1083.112698,455.6826902,62.81622205,7.254219934,0.990453006,89.85958143,3664.859346,1391.975988,18252,0.842814924,196.3834686,199.9561157,185.7571259
35613,B-220-1-05_masks.tif,35,12655,862.2842712,336.752916,50.60033088,6.655152449,0.988646589,84.15044343,1606.552746,1451.796207,0,0,,,
35614,B-220-1-05_masks.tif,36,13140,822.9533188,291.0833001,58.98602811,4.934783871,0.979252657,-59.06205852,2530.841857,1522.583333,12299,0.935996956,198.8507996,202.8070526,185.6915131
35615,B-220-1-05_masks.tif,37,24497,980.1837662,414.6469316,76.81916099,5.397701905,0.982688781,85.71717816,1761.235662,1551.868637,13785,0.562721966,192.7653961,194.7913666,180.5735931
35616,B-220-1-05_masks.tif,38,15177,1077.580736,353.0207709,59.81316995,5.902057543,0.985541805,57.28733356,3512.610068,1651.697832,4493,0.296040061,192.3850403,193.3634491,186.7734222
35617,B-220-1-05_masks.tif,39,22510,1217.622366,428.5893238,72.3792199,5.921441601,0.985636997,-55.41099868,1975.987916,1679.463927,4550,0.202132386,192.3265991,200.7492371,193.7978058
35618,B-220-1-05_masks.tif,40,8760,589.5979797,223.4755969,51.78162371,4.315731739,0.972784808,16.27735524,3799.590639,1756.561644,3806,0.434474886,194.0764618,195.5136566,190.3339539
35619,B-220-1-05_masks.tif,41,11194,685.5979797,266.2984991,55.1393777,4.829552131,0.978328555,-74.70515766,2056.421476,1711.925228,0,0,,,
35620,B-220-1-05_masks.tif,42,13022,818.2670273,295.4317137,58.14201498,5.081208723,0.980442939,52.83262242,3669.303717,1803.710183,4579,0.351635693,191.9816589,191.862854,186.1734009
35621,B-220-1-05_masks.tif,43,20098,1068.468037,408.750233,65.28721642,6.260800436,0.987161713,-74.18824789,1300.76321,1808.581998,9846,0.489899492,198.9977722,202.0786133,181.2252655
35622,B-220-1-05_masks.tif,44,10963,726.3675324,263.9193217,55.70230036,4.73803272,0.977473526,45.75201263,3950.696525,1894.403357,5029,0.458724802,196.3436127,199.2133636,193.3951111
35623,B-220-1-05_masks.tif,45,13774,881.3380951,320.5537294,58.06165774,5.520919344,0.983459299,37.53692641,3930.6929,2039.642007,5226,0.379410484,191.7893219,193.1896362,185.4364777
35624,B-220-1-05_masks.tif,46,21278,1117.740115,443.9376215,62.22667905,7.134200768,0.99012747,11.44981557,1799.753407,2415.83443,11314,0.531722906,186.7212372,188.8981781,185.0333252
35625,B-220-1-05_masks.tif,47,19427,1110.752309,412.2191633,61.86227172,6.663498637,0.988675174,-26.14629479,1559.074896,2531.151078,16747,0.862047666,203.1537628,206.6486511,188.859436
35626,B-220-1-05_masks.tif,48,13756,899.4386002,316.6561692,58.81971178,5.383504264,0.982596543,57.73223516,4010.817752,2479.805539,13478,0.979790637,201.0061646,201.1734619,193.4773712
35627,B-220-1-05_masks.tif,49,21308,1047.4386,364.5271219,76.80914359,4.745881868,0.977548832,-66.82825715,3279.011029,2527.81866,19271,0.904402102,199.4419556,203.3619385,187.0540771
35628,B-220-1-05_masks.tif,50,10184,741.5391052,267.1549585,50.17108856,5.324878652,0.982207728,-32.59119459,1452.662903,2587.413295,8457,0.830420267,199.7776947,207.8177795,202.2564697
35629,B-220-1-05_masks.tif,51,13220,943.2375901,321.9446637,54.44929196,5.912742887,0.985594396,38.68634413,4057.693116,2685.924281,6947,0.525491679,200.3509369,203.6238708,197.1645355
35630,B-220-1-05_masks.tif,52,10676,716.7106781,252.5280283,54.97947882,4.593132451,0.976012087,36.22621074,2872.224616,2973.043556,4719,0.442019483,196.190506,198.2621307,194.0296631
35631,B-220-1-05_masks.tif,53,12564,977.5807358,370.2072987,52.44789486,7.058573078,0.989913699,33.65098747,2852.915075,3070.636819,0,0,,,
35632,B-220-1-05_masks.tif,54,13253,1097.497475,415.9542946,44.52090885,9.342897649,0.99425545,10.94374753,4691.367615,3144.805025,5201,0.392439448,191.819458,196.9113617,189.0198059
35633,B-220-1-05_masks.tif,55,18483,1153.338095,430.523821,64.31762407,6.693714626,0.988777765,64.61078411,3137.491749,3097.989071,14401,0.779148407,193.2172699,196.0959625,184.5298309
35634,B-220-1-05_masks.tif,56,11173,793.2964646,288.0834773,50.54014435,5.700092096,0.98449088,28.99573139,3018.285152,3156.688982,3401,0.304394523,192.5710144,192.8100586,191.3693085
35635,B-220-1-05_masks.tif,57,18992,880.0832611,324.04493,77.51329562,4.180507711,0.97096899,-80.25014497,3812.067186,3102.56945,17314,0.911647009,199.0642242,202.8011475,193.240036
35636,B-220-1-05_masks.tif,58,16656,989.2964646,344.7428342,66.54705822,5.180436873,0.981192085,-20.29188568,3900.175192,3367.900576,16631,0.998499039,192.90271,198.7001953,182.0269318
35637,B-220-1-05_masks.tif,59,10341,799.1959595,276.2035085,50.48720751,5.470762241,0.983152001,38.46966247,3205.906972,3427.884634,3674,0.355284789,189.4327698,189.9403992,186.7868805
35638,B-220-1-05_masks.tif,60,9408,789.2964646,275.9833297,47.3961406,5.822907228,0.985143092,62.5576721,3233.189732,3542.972364,2688,0.285714286,193.0178528,193.7220917,191.9456787
35639,B-220-1-05_masks.tif,61,11332,733.0121933,279.699444,58.32926031,4.795182426,0.978013276,82.94102837,2428.680109,3541.682669,7149,0.630868337,189.868515,192.7405243,178.3292694
35640,B-220-1-06_masks.tif,1,11044,660.8700577,281.5411511,53.863603,5.226927562,0.981528305,12.41994813,2971.37912,116.1965773,0,0,,,
35641,B-220-1-06_masks.tif,2,8550,674.4680374,253.0988965,45.70787518,5.537314862,0.983557923,34.26760964,4833.098713,94.47567251,4638,0.54245614,178.9920197,186.9831848,175.7662811
35642,B-220-1-06_masks.tif,3,9635,721.9827561,272.9817925,51.08224453,5.343966285,0.982335743,63.40269384,4946.713544,75.45355475,5914,0.61380384,177.061554,188.271225,169.9212036
35643,B-220-1-06_masks.tif,4,10230,766.6101731,282.7236653,48.82211829,5.790893046,0.984977113,51.82121376,4012.4913,107.0956012,0,0,,,
35644,B-220-1-06_masks.tif,5,8182,604.8700577,227.2942093,47.62027184,4.773055686,0.977806634,-89.80702376,5064.575409,199.8178929,55,0.006722073,211.8727264,184.4727325,200.9636383
35645,B-220-1-06_masks.tif,6,20241,1124.852814,437.4092606,63.30512281,6.90953972,0.98947156,-65.67929849,4885.79833,321.2468752,13961,0.689738649,197.9785767,201.2618713,183.6985931
35646,B-220-1-06_masks.tif,7,11455,705.4974747,261.4713917,56.71477169,4.610287301,0.976192446,-69.38111205,5262.863378,273.9482322,7243,0.632300306,184.8009186,192.780899,169.4529877
35647,B-220-1-06_masks.tif,8,16746,943.1959595,348.1509844,64.1507439,5.42707634,0.982877298,64.04611152,3852.471336,330.8329153,12422,0.741789084,193.7450562,196.2222595,181.0205231
35648,B-220-1-06_masks.tif,9,17073,1002.468037,374.6998826,59.97940963,6.247141893,0.987105147,-70.15249353,2861.672055,325.2544954,0,0,,,
35649,B-220-1-06_masks.tif,10,17253,943.6984848,402.7048197,56.94666034,7.071614337,0.989951055,85.25915356,3474.715991,311.9394888,10888,0.631078653,189.8281555,193.8744507,174.199585
35650,B-220-1-06_masks.tif,11,16173,1049.722871,365.837947,57.28845697,6.385892837,0.987662873,-52.87366715,4067.738886,399.5397885,10892,0.673468126,199.0117493,201.3690796,174.3968048
35651,B-220-1-06_masks.tif,12,9685,707.2964646,251.0469077,51.15307548,4.90775785,0.97902107,56.69438828,3814.443986,371.1400103,0,0,,,
35652,B-220-1-06_masks.tif,13,14826,939.0954544,343.0541918,59.25712957,5.789247543,0.984968506,56.51039538,3654.622083,451.3016997,0,0,,,
35653,B-220-1-06_masks.tif,14,10523,733.3553391,299.4703818,46.58795182,6.428064985,0.987825215,81.23559032,3033.551269,440.996769,0,0,,,
35654,B-220-1-06_masks.tif,15,11739,658.7695526,246.4911782,63.69716892,3.869735224,0.966033835,80.94945545,3787.154868,451.4222677,5983,0.509668626,187.6956329,188.4216919,170.5943451
35655,B-220-1-06_masks.tif,16,3157,424.4264069,160.4636828,29.98066806,5.3522384,0.982390792,40.38261441,5390.070637,473.98828,0,0,,,
35656,B-220-1-06_masks.tif,17,10544,779.4386002,277.7505465,49.57275858,5.602886634,0.983943644,46.92491252,2956.914738,537.5949355,0,0,,,
35657,B-220-1-06_masks.tif,18,5959,483.1126984,186.5674067,41.70290617,4.473726746,0.974697672,-17.47946078,1297.096661,559.9264977,0,0,,,
35658,B-220-1-06_masks.tif,19,13179,773.9411255,315.9974462,54.7411496,5.772575997,0.98488089,84.47016136,3592.07603,520.5055771,0,0,,,
35659,B-220-1-06_masks.tif,20,14233,795.0121933,321.6194169,57.11955314,5.630636082,0.98410279,12.15265397,2314.421977,659.1146631,9007,0.632825125,188.5298157,188.935379,171.3573914
35660,B-220-1-06_masks.tif,21,16388,1083.480231,383.7662429,63.27001581,6.06553101,0.98631597,-55.99348582,3761.775751,644.1989871,9706,0.592262631,200.3663788,202.0956116,183.1291962
35661,B-220-1-06_masks.tif,22,9566,755.9827561,290.6050653,48.37277488,6.007616186,0.986048989,-68.87701486,5265.985574,576.3392222,0,0,,,
35662,B-220-1-06_masks.tif,23,11631,710.8111832,259.2178998,58.73134008,4.413621406,0.973994579,31.62560262,2584.092511,671.1506319,0,0,,,
35663,B-220-1-06_masks.tif,24,18457,903.4974747,352.7622818,69.78371538,5.055080256,0.980238202,13.29849292,2289.422712,798.6745408,30,0.0016254,226.5333405,222.8000031,235.1000061
35664,B-220-1-06_masks.tif,25,17366,843.7401154,316.6121531,74.14170738,4.270365012,0.972195179,16.09381548,2224.255902,805.449499,10562,0.608199931,186.7623596,187.1532898,172.5057678
35665,B-220-1-06_masks.tif,26,14469,851.3969696,322.7475553,58.11406463,5.553690958,0.98365555,-21.60485714,4900.931923,790.9839657,10631,0.734743244,194.6528015,198.0077057,171.0120392
35666,B-220-1-06_masks.tif,27,4829,347.7989899,115.3046078,55.62890837,2.072746189,0.875922554,13.96663543,5405.416028,730.2087389,0,0,,,
35667,B-220-1-06_masks.tif,28,17558,1084.651804,405.8215915,57.64625765,7.03986014,0.989859731,33.57776807,3645.619718,850.4186696,0,0,,,
35668,B-220-1-06_masks.tif,29,15572,964.4091629,346.1344913,61.65171847,5.614352688,0.984009692,39.08597977,2555.089199,858.9737991,9246,0.593758027,184.9928589,187.0645752,169.8505249
35669,B-220-1-06_masks.tif,30,28387,1506.551299,578.2647978,66.67244927,8.67321966,0.993331013,22.95266058,4038.353718,987.5837884,22614,0.796632261,200.403244,200.5801697,190.2624054
35670,B-220-1-06_masks.tif,31,8536,651.5979797,246.1031044,46.50021015,5.292515962,0.981987469,-15.43957493,3463.60567,847.5623243,0,0,,,
35671,B-220-1-06_masks.tif,32,7915,506.8700577,199.9204456,52.53837987,3.805226695,0.964851302,-11.87139436,2935.36892,871.9095389,0,0,,,
35672,B-220-1-06_masks.tif,33,7553,493.3553391,184.1980964,53.60898745,3.43595552,0.956710929,64.20879819,3567.144976,878.5420363,0,0,,,
35673,B-220-1-06_masks.tif,34,16004,952.3259018,384.0997671,54.11478658,7.097870865,0.990025638,-75.2494188,4283.72182,924.8520995,10598,0.662209448,200.7157898,202.9545135,198.3705444
35674,B-220-1-06_masks.tif,35,8064,551.4558441,230.0343192,49.36519433,4.659848346,0.976702185,77.47629122,5346.946553,930.7367312,4329,0.536830357,179.3636017,190.3839264,182.491806
35675,B-220-1-06_masks.tif,36,13740,785.882251,282.7867804,63.06004295,4.484405135,0.974819584,25.83644877,2485.458588,1047.196943,9552,0.695196507,190.9700623,191.1127472,186.1701202
35676,B-220-1-06_masks.tif,37,16793,841.6984848,349.7519915,62.20719704,5.622371817,0.984055642,-5.248630457,2782.827845,1107.558745,4293,0.255642232,190.324707,189.145813,145.4824066
35677,B-220-1-06_masks.tif,38,14475,956.9949494,347.5812796,57.24988764,6.071300642,0.986342146,34.19115617,3576.385699,1072.89506,0,0,,,
35678,B-220-1-06_masks.tif,39,6503,485.2132034,197.4009119,44.60130064,4.425900345,0.974140587,86.59787367,5352.597878,1006.960326,0,0,,,
35679,B-220-1-06_masks.tif,40,14526,718.7695526,281.9029771,66.97196041,4.209268706,0.971370187,8.888990422,2045.641884,1138.053353,7388,0.50860526,195.8317566,197.3370361,172.1390076
35680,B-220-1-06_masks.tif,41,24178,1263.338095,487.3416194,73.64347668,6.617580285,0.988516551,20.94056481,2469.798453,1233.275292,15487,0.640540988,191.4484406,192.0956879,178.428421
35681,B-220-1-06_masks.tif,42,16378,946.7523087,341.2518727,65.34976523,5.22192959,0.981492595,34.449892,3575.482171,1178.81121,10915,0.666442789,194.4700012,195.8721924,177.8613892
35682,B-220-1-06_masks.tif,43,11586,703.4974747,273.9202121,57.98150064,4.724269105,0.977340555,72.21914674,4403.67547,1136.541343,3401,0.293543932,172.8841553,180.9373779,152.9226685
35683,B-220-1-06_masks.tif,44,27109,1146.769553,478.4145079,74.21380105,6.446435854,0.987894932,-3.055960504,3340.257036,1332.041204,19502,0.719392084,198.0713806,198.9246216,177.7954559
35684,B-220-1-06_masks.tif,45,14067,846.6101731,297.7492578,61.86788122,4.812662919,0.978174484,58.09541322,5211.925642,1179.49641,5137,0.36518092,166.9123993,170.644928,135.06073
35685,B-220-1-06_masks.tif,46,11601,750.7106781,277.0147311,55.23011192,5.015646746,0.979923047,34.21486257,2563.010603,1243.176709,675,0.058184639,235.989624,232.623703,238.469635
35686,B-220-1-06_masks.tif,47,12511,810.2253967,295.1797602,58.02183303,5.087391155,0.980490916,-65.34465554,1502.835345,1245.839821,6794,0.543042123,195.6131897,199.1954651,170.5057373
35687,B-220-1-06_masks.tif,48,13414,848.1248917,313.4174017,56.17546639,5.57925767,0.983806232,27.49260352,3472.754436,1336.455569,0,0,,,
35688,B-220-1-06_masks.tif,49,17379,966.9116882,371.845864,62.25924778,5.972540262,0.985883466,12.7963361,1306.903965,1438.039185,0,0,,,
35689,B-220-1-06_masks.tif,50,9904,652.0832611,237.965243,55.27666482,4.304985545,0.972646855,-23.99768414,1211.019386,1409.84895,0,0,,,
35690,B-220-1-06_masks.tif,51,16002,864.3675324,307.3665666,67.97990032,4.521433029,0.975235538,61.13265485,1436.886014,1398.627109,0,0,,,
35691,B-220-1-06_masks.tif,52,9770,726.9533188,253.6016662,54.03706158,4.693106153,0.977035084,42.32147879,3701.493245,1435.891812,0,0,,,
35692,B-220-1-06_masks.tif,53,22999,1104.267027,405.2794925,76.64714252,5.287600805,0.981953658,67.1962973,1640.13905,1441.17379,0,0,,,
35693,B-220-1-06_masks.tif,54,16554,957.882251,351.5106333,61.06697043,5.75614986,0.98479381,21.05713688,2661.606923,1519.958983,11571,0.69898514,198.1088867,198.1430359,186.8253326
35694,B-220-1-06_masks.tif,55,13251,842.8528137,297.2211531,62.59882991,4.74803049,0.97756938,47.20432155,1935.600936,1549.320429,6798,0.513017885,185.8643646,188.0344238,175.3523102
35695,B-220-1-06_masks.tif,56,17333,1010.124892,312.1990102,97.17091931,3.212885217,0.950329141,11.74468791,2609.084059,1590.770553,0,0,,,
35696,B-220-1-06_masks.tif,57,15861,808.5269119,336.6026156,63.1228721,5.332498417,0.982258999,-83.86087993,5078.003342,1504.80802,11648,0.734379926,191.6729126,196.4261627,177.6627808
35697,B-220-1-06_masks.tif,58,22935,1396.83557,507.0866494,65.1304899,7.785702982,0.99171721,55.42415953,2202.801657,1644.827251,13312,0.580422934,190.4622192,191.8746948,180.9267578
35698,B-220-1-06_masks.tif,59,15885,1007.195959,377.373399,55.11756841,6.846698973,0.989276355,24.29701819,2424.692162,1711.98401,0,0,,,
35699,B-220-1-06_masks.tif,60,14244,1004.267027,365.2439977,55.3169562,6.60274937,0.988464604,62.1259356,4824.080525,1712.145886,12155,0.853341758,198.1495667,201.8052673,196.6461487
35700,B-220-1-06_masks.tif,61,23545,960.1837662,398.6705226,76.25690858,5.227992192,0.981535898,-6.862273013,2919.089828,1878.542578,18694,0.793968996,199.6954041,199.8447571,183.2621765
35701,B-220-1-06_masks.tif,62,17510,1020.325902,399.5059855,59.98611883,6.659973896,0.988663115,12.51395587,3511.246145,1877.354255,10899,0.622444318,186.8957672,187.7619019,163.6334534
35702,B-220-1-06_masks.tif,63,9044,572.0416306,228.9567968,51.71943219,4.426900821,0.974152429,2.049063745,5115.600509,1858.837461,5144,0.568774878,174.5793152,180.3767548,143.9758911
35703,B-220-1-06_masks.tif,64,15890,882.1837662,363.4179,57.4536838,6.325406413,0.987424289,-6.644104333,2986.996602,1945.339899,6696,0.421397105,193.1828003,197.1066284,168.9807281
35704,B-220-1-06_masks.tif,65,8202,527.4558441,208.8269499,50.67509063,4.120899387,0.970110029,-0.985472471,3703.570105,1902.881614,0,0,,,
35705,B-220-1-06_masks.tif,66,13663,834.9116882,331.0374782,55.50783004,5.963797864,0.985841751,16.87234388,2021.043256,1995.745224,0,0,,,
35706,B-220-1-06_masks.tif,67,17889,1054.752309,398.3892924,58.83018188,6.771852128,0.989036675,27.66860767,4043.35519,2050.83392,12644,0.706803063,195.9138794,199.315094,187.3290863
35707,B-220-1-06_masks.tif,68,21560,1142.551299,411.071359,72.46700672,5.672531233,0.984338606,-36.70373915,2210.44026,2192.608627,9428,0.43729128,197.8418579,199.5895233,174.5410461
35708,B-220-1-06_masks.tif,69,12462,779.8406204,308.4759217,56.17620513,5.491220366,0.983278371,79.56249196,3166.385251,2140.837346,0,0,,,
35709,B-220-1-06_masks.tif,70,17638,1003.195959,360.1680268,73.37067171,4.908882778,0.979030787,66.03866682,3103.543316,2214.481517,8368,0.474430208,205.3822937,206.83078,203.9168243
35710,B-220-1-06_masks.tif,71,18955,931.3969696,361.8022545,69.94573386,5.172613605,0.981134603,14.45703032,1821.757637,2311.241625,13872,0.731838565,197.6065521,198.6593933,186.7556152
35711,B-220-1-06_masks.tif,72,25729,1510.83557,571.6037833,63.72214963,8.970252677,0.993766725,31.29468695,1786.074624,2387.758055,11751,0.456721987,192.6249695,192.428894,182.9726868
35712,B-220-1-06_masks.tif,73,16690,930.5685425,363.9153097,59.93485023,6.071848153,0.986344626,74.14889937,2666.172738,2263.2,12919,0.774056321,206.1846924,205.8900909,206.2726288
35713,B-220-1-06_masks.tif,74,16621,843.4386002,290.7265271,75.8308334,3.83388279,0.965384159,37.38994592,1929.057518,2378.230131,10561,0.635400999,187.4407654,188.8083496,175.8011627
35714,B-220-1-06_masks.tif,75,41938,1960.031529,705.7704048,77.90839595,9.058977485,0.993888599,43.19412684,1873.579188,2635.680052,12429,0.296366064,190.1114349,190.8555756,173.3717957
35715,B-220-1-06_masks.tif,76,6819,553.254834,206.6765919,42.96564211,4.810275879,0.978152576,29.04494662,2388.638803,2493.1072,6053,0.887666813,206.7416229,209.788208,206.5949097
35716,B-220-1-06_masks.tif,77,9451,559.1126984,211.5191837,57.89583711,3.653443741,0.961811027,-75.02716603,3309.495397,2490.578986,3685,0.38990583,188.7606506,191.3484344,160.0976868
35717,B-220-1-06_masks.tif,78,23899,1093.740115,446.5182955,69.94691007,6.383674347,0.987654243,79.77345528,2091.735763,2527.417381,14025,0.586844638,191.8722992,191.8226776,175.8199005
35718,B-220-1-06_masks.tif,79,9536,633.1126984,244.7256925,52.65212127,4.647974033,0.976581565,82.46000216,3710.489199,2541.505348,0,0,,,
35719,B-220-1-06_masks.tif,80,13298,828.5269119,338.2441699,52.50951659,6.44157844,0.987876557,-89.41190757,3200.101293,2549.021432,0,0,,,
35720,B-220-1-06_masks.tif,81,27516,1339.07821,476.2359412,76.47767908,6.22712335,0.98702156,47.91272156,2109.065598,2666.92379,20774,0.754978921,188.3420105,190.2389526,174.834549
35721,B-220-1-06_masks.tif,82,13520,901.8233765,317.8011488,55.317383,5.745050318,0.98473454,43.34177248,3142.485207,2681.86176,10775,0.796967456,202.1385651,205.2272797,202.0090027
35722,B-220-1-06_masks.tif,83,17278,992.4264069,389.1212848,60.23958524,6.459561155,0.987944375,7.992630298,5353.350967,2802.09677,11429,0.661477023,181.1273041,187.1956482,164.510025
35723,B-220-1-06_masks.tif,84,12390,840.8700577,365.178318,45.53043188,8.020532706,0.992197006,0.321031197,1607.969653,2796.541162,0,0,,,
35724,B-220-1-06_masks.tif,85,33150,1466.669048,629.9282171,68.93556752,9.137927484,0.993994064,-6.391665119,1660.543107,2930.844223,0,0,,,
35725,B-220-1-06_masks.tif,86,8825,661.4974747,229.7457157,51.15687626,4.491003604,0.974894476,18.77135031,5396.820283,2730.451671,6499,0.736430595,182.0230865,186.4172974,166.7718048
35726,B-220-1-06_masks.tif,87,6785,543.4974747,197.7412231,45.39033124,4.356461337,0.973298261,36.63193088,2535.505527,2699.745615,6755,0.995578482,207.9015503,212.2349396,207.5237579
35727,B-220-1-06_masks.tif,88,10290,648.627417,269.7310388,51.63151754,5.224154774,0.981508507,-2.952880425,2338.964917,2807.763654,5694,0.55335277,188.3942719,189.5723572,163.0844727
35728,B-220-1-06_masks.tif,89,16278,842.8111832,313.9042312,67.46232211,4.653030334,0.976633042,70.60075949,4112.868534,2790.478191,3072,0.188720973,182.0791016,183.9069061,139.2109375
35729,B-220-1-06_masks.tif,90,8849,652.6690476,242.1126687,50.25260459,4.817912837,0.978222553,68.99303149,3919.396429,2792.132557,3663,0.413945079,179.0756226,185.0950012,156.6006012
35730,B-220-1-06_masks.tif,91,16926,813.7401154,297.7886187,75.78157192,3.92956508,0.96707775,19.21923264,2759.386033,2901.40937,15606,0.92201347,202.2711182,204.2662506,191.9176025
35731,B-220-1-06_masks.tif,92,12616,633.9411255,245.1769693,66.38413165,3.693306867,0.962646866,-81.95652872,3735.221386,2831.428107,4174,0.330849715,199.7398224,199.5610962,149.8885956
35732,B-220-1-06_masks.tif,93,18159,1033.338095,355.6944136,77.24830343,4.604559554,0.976132454,56.38652664,1857.993997,2975.512859,13939,0.767608348,194.3295135,196.4049835,183.6139679
35733,B-220-1-06_masks.tif,94,15954,978.1665222,351.8705688,63.74281667,5.520160344,0.983454712,-54.97649413,4117.431114,2944.279303,0,0,,,
35734,B-220-1-06_masks.tif,95,27893,1422.391919,497.5933691,75.58902738,6.582878313,0.988394448,47.81642005,2202.779515,3033.484745,17346,0.621876456,180.7028656,183.4621887,171.8480377
35735,B-220-1-06_masks.tif,96,9629,611.5979797,237.3884199,53.35477313,4.449244293,0.974414783,70.15483589,3525.904144,2917.753661,0,0,,,
35736,B-220-1-06_masks.tif,97,14002,919.1543289,356.9975581,52.8925683,6.749484277,0.988963484,-77.22918028,4304.879232,2921.668262,3920,0.279960006,188.4311218,186.9862213,151.859436
35737,B-220-1-06_masks.tif,98,17816,1261.906638,455.3778977,51.94551916,8.766451949,0.993472573,43.07721938,4705.325157,3049.09194,8623,0.484003143,174.5273132,179.2745056,156.4762878
35738,B-220-1-06_masks.tif,99,27593,1258.024387,483.1462944,75.61351883,6.389681394,0.98767759,17.14772736,3859.456891,3134.64578,13853,0.502047621,190.222702,190.7646027,164.3753052
35739,B-220-1-06_masks.tif,100,13144,849.3380951,314.3327802,54.55661567,5.761588697,0.984822726,45.4672294,3431.823418,3011.874315,0,0,,,
35740,B-220-1-06_masks.tif,101,17799,885.9827561,346.9999025,66.39041788,5.2266564,0.98152637,-16.30180647,3710.294511,3080.708972,12101,0.679869656,195.2948456,198.6867981,172.6991119
35741,B-220-1-06_masks.tif,102,18033,915.9238816,330.6096527,71.62638133,4.615752556,0.976249476,-54.7977305,4253.684745,3022.433927,4584,0.254200632,193.2940674,196.4788361,163.3169708
35742,B-220-1-06_masks.tif,103,22964,1393.622366,538.9358602,55.4480158,9.719659981,0.994693334,26.98329044,3601.758317,3177.104468,13774,0.599808396,188.5007324,189.6482544,173.6184845
35743,B-220-1-06_masks.tif,104,23921,1217.865007,435.4447514,78.60188915,5.539876409,0.983573252,52.86112469,3446.381924,3161.866394,16859,0.704778228,189.1077118,190.5754242,177.6467133
35744,B-220-1-06_masks.tif,105,17532,795.0121933,289.4690434,82.4317042,3.511622696,0.958596278,-77.40363829,5315.435546,3075.331964,0,0,,,
35745,B-220-1-06_masks.tif,106,17808,930.2842712,412.7513592,57.38089537,7.193184361,0.990289505,84.40829688,1864.8823,3066.426887,9505,0.533748877,203.7265625,202.6728058,196.5470734
35746,B-220-1-06_masks.tif,107,9067,686.4264069,250.5434847,48.98481737,5.114717134,0.980700864,12.81839326,3322.042462,3164.132789,5098,0.56225874,204.8118896,209.3856354,201.4676361
35747,B-220-1-06_masks.tif,108,10513,839.6812409,290.6264674,49.4035863,5.882699804,0.985445791,39.41346072,4714.67583,3177.510225,0,0,,,
35748,B-220-1-06_masks.tif,109,19326,893.3380951,318.6108703,77.9348269,4.088170628,0.969622007,-41.66480891,4156.245265,3226.551278,6140,0.317706716,190.9385986,195.1654663,147.893158
35749,B-220-1-06_masks.tif,110,6753,545.0121933,209.1337289,42.11779303,4.965448421,0.979510792,65.82958125,4878.642233,3147.70117,0,0,,,
35750,B-220-1-06_masks.tif,111,9772,688.5269119,278.3365938,46.59857562,5.973070852,0.985885992,7.472391367,4641.155444,3279.973291,0,0,,,
35751,B-220-1-06_masks.tif,112,18268,884.2842712,390.0675655,62.89547433,6.201838362,0.986914815,-87.60112267,1819.451664,3179.662525,6232,0.341142982,185.1344604,186.5892181,164.4723969
35752,B-220-1-06_masks.tif,113,12674,828.509668,295.6733236,56.61930426,5.222129226,0.981494024,47.45328931,5288.444374,3335.668771,3843,0.303219189,180.2388763,182.6976318,176.0955048
35753,B-220-1-06_masks.tif,114,16351,961.1959595,361.0063947,60.01752209,6.01501665,0.986083539,65.07279368,3350.095529,3377.16207,5754,0.351905082,197.8319397,201.4256134,198.6965637
35754,B-220-1-06_masks.tif,115,14197,878.3675324,337.8243488,57.03946855,5.922641942,0.985642861,28.07074181,4286.246179,3518.193139,10495,0.739240685,179.5683594,182.3297729,162.0535431
35755,B-220-1-06_masks.tif,116,9074,550.8700577,211.2540986,57.8654309,3.650782432,0.961754222,-89.46150892,3722.238814,3440.875689,0,0,,,
35756,B-220-1-06_masks.tif,117,7778,484.8700577,178.7394767,56.50325203,3.163348484,0.948718973,-17.01710425,4481.550656,3535.224736,3923,0.504371304,184.2419128,188.5184784,151.5865479
35757,B-220-1-06_masks.tif,118,8180,529.1126984,198.4457184,54.27622373,3.656218226,0.961870112,17.69667325,5362.368337,3561.838631,5371,0.656601467,162.4325104,169.2476196,141.2561951
35758,B-220-1-06_masks.tif,119,7766,641.2964646,231.3962254,43.79406757,5.283734494,0.981926995,44.00602478,1504.039145,3557.242596,4506,0.580221478,190.7487793,194.7791901,188.7359009
35759,B-220-1-06_masks.tif,120,14325,790.3259018,305.4079384,60.85292567,5.018788087,0.979948429,70.20138397,3861.554136,3550.362723,7008,0.48921466,182.292099,184.6929169,172.5585022
35760,B-220-1-06_masks.tif,121,3392,467.4558441,137.4917436,43.04313926,3.194277787,0.949733412,5.933221984,4236.88296,3584.016804,0,0,,,
35761,B-220-1-06_masks.tif,122,5041,436.1421356,184.7381098,37.58553461,4.915138543,0.9790847,-86.85446807,4002.795874,3627.086292,0,0,,,
35762,B-220-1-07_masks.tif,1,18557,964.0243866,356.8343297,73.3411019,4.86540726,0.978650261,-26.0557833,1907.892871,132.1522337,5749,0.309802231,188.4819946,189.2184753,147.3685913
35763,B-220-1-07_masks.tif,2,17090,866.8700577,381.0050548,60.28737284,6.319815194,0.987401886,3.450362419,2079.273376,168.8804564,10138,0.593212405,188.8396149,187.9777069,167.6173859
35764,B-220-1-07_masks.tif,3,17168,844.0416306,381.7067549,59.47746785,6.417669895,0.987785499,4.629231938,2027.839352,169.9723905,371,0.021609972,165.1024323,139.1105194,169.8194122
35765,B-220-1-07_masks.tif,4,12261,812.9116882,323.2948335,52.03124828,6.213474482,0.986964102,16.57742739,5319.54082,245.1698067,6179,0.503955632,184.4973297,194.4230499,184.1148987
35766,B-220-1-07_masks.tif,5,6988,583.254834,205.35433,44.66928857,4.597215146,0.976055197,-27.19782802,1942.903263,184.9882656,0,0,,,
35767,B-220-1-07_masks.tif,6,8666,555.6984848,186.1174008,60.61915,3.070274011,0.945471848,88.50607535,2762.304408,136.5143088,5417,0.625086545,175.2560425,177.3132782,140.4705505
35768,B-220-1-07_masks.tif,7,5525,496.8700577,180.036072,41.68202703,4.319273433,0.972830044,-15.94114541,5404.175204,214.7455204,0,0,,,
35769,B-220-1-07_masks.tif,8,15345,960.2670273,353.3694717,58.18603379,6.073097764,0.986350284,29.36292485,5357.831737,447.1988921,5724,0.373020528,185.829483,185.3693237,181.3389282
35770,B-220-1-07_masks.tif,9,12522,916.8111832,323.0183233,52.69551137,6.129902052,0.986603799,-17.65990213,5085.998722,517.9314007,0,0,,,
35771,B-220-1-07_masks.tif,10,12460,900.0832611,347.4783828,47.92929438,7.249812192,0.990441338,-14.22498367,1343.974559,555.9748796,0,0,,,
35772,B-220-1-07_masks.tif,11,16611,907.6812409,299.6465159,72.60023902,4.12734889,0.970204803,-36.62901867,1737.030161,515.325748,7964,0.479441334,191.2831421,194.592041,160.0691833
35773,B-220-1-07_masks.tif,12,15877,930.3259018,360.6057876,60.00511265,6.009584377,0.98605819,-15.34082972,4488.812181,598.5741009,13619,0.857781697,197.2147675,198.4447479,180.6819916
35774,B-220-1-07_masks.tif,13,16312,922.9533188,352.0889308,61.81606991,5.695750819,0.984467043,25.35785725,2235.146641,585.9206719,7529,0.46156204,184.5311432,185.8464661,173.5170746
35775,B-220-1-07_masks.tif,14,13797,860.4680374,327.8334649,57.44220066,5.707188463,0.984529728,25.73891428,2270.607378,548.0334855,237,0.017177647,227.4472504,219.1561127,232.4514771
35776,B-220-1-07_masks.tif,15,20865,991.882251,366.7442347,76.48612566,4.794911908,0.978010767,74.34936595,2418.869399,516.7566259,12743,0.610735682,184.8377991,187.9114075,170.9170532
35777,B-220-1-07_masks.tif,16,7393,723.4974747,214.6692597,51.84949851,4.140237916,0.970392852,-70.13269984,2483.962532,612.4130935,3333,0.450831868,181.8001862,187.6303558,156.8262787
35778,B-220-1-07_masks.tif,17,17434,845.1126984,354.1949173,64.00993838,5.533436311,0.983534673,1.321203592,4073.436733,768.4724102,11450,0.656762648,188.8538818,190.5641022,175.056076
35779,B-220-1-07_masks.tif,18,14272,836.6690476,338.9319602,58.97619397,5.746928335,0.984744593,12.2906963,1446.494745,778.2633128,0,0,,,
35780,B-220-1-07_masks.tif,19,6172,581.4558441,229.4211372,36.0866318,6.357510408,0.987551776,84.53891568,3576.38464,636.9476669,5636,0.913156189,182.3985138,192.7013855,165.5865936
35781,B-220-1-07_masks.tif,20,9027,602.5269119,245.2404246,47.8035604,5.130170693,0.980818093,76.5905016,1965.942617,660.2133599,0,0,,,
35782,B-220-1-07_masks.tif,21,17001,1052.894444,391.1914131,59.42107756,6.583377972,0.98839622,52.78944951,1972.378272,779.815305,9164,0.539027116,188.7678986,190.6195984,174.5704956
35783,B-220-1-07_masks.tif,22,12616,889.1543289,343.0893105,49.55341608,6.923625809,0.989514583,-72.89228232,4807.289157,706.4760621,0,0,,,
35784,B-220-1-07_masks.tif,23,20485,1070.225397,431.7066577,68.13162762,6.336362021,0.987468014,13.39534823,2898.240469,874.1192092,16471,0.804051745,200.0632629,199.6808929,185.9175568
35785,B-220-1-07_masks.tif,24,18201,875.7401154,334.5772442,72.03743236,4.644491527,0.976546011,-78.05752609,2398.148728,746.8297346,10395,0.571122466,189.9786377,195.789032,171.0730133
35786,B-220-1-07_masks.tif,25,11800,747.1126984,288.1434069,55.62675793,5.179942488,0.981188461,1.109228303,3213.159576,876.4367797,0,0,,,
35787,B-220-1-07_masks.tif,26,16391,1004.308658,352.6956108,61.52583312,5.732480048,0.984666996,45.46592142,3990.553352,875.4213898,11176,0.681837594,190.466095,192.1419983,174.2194061
35788,B-220-1-07_masks.tif,27,19714,970.2670273,352.2694495,73.75607839,4.776141265,0.977835626,-31.89874382,1632.769149,918.5456021,8391,0.425636603,196.3521576,196.3900604,173.9561462
35789,B-220-1-07_masks.tif,28,19372,898.5685425,347.2775128,72.95563539,4.760119091,0.977684462,74.5111591,3700.871774,819.4422362,13574,0.700702044,190.4498291,190.9052582,176.6834412
35790,B-220-1-07_masks.tif,29,15879,903.254834,358.8268995,58.80061911,6.102434038,0.986482102,76.44270383,3759.224636,891.9118332,10017,0.630833176,187.9861298,187.9710541,179.7240753
35791,B-220-1-07_masks.tif,30,18861,1053.823376,371.4436813,67.71246889,5.485602391,0.983243811,54.27759174,5297.246806,959.9412014,16014,0.849053603,195.9165039,195.8971558,183.9903259
35792,B-220-1-07_masks.tif,31,7708,510.8700577,200.9094426,50.59368788,3.971037712,0.967773219,1.693765666,1436.221458,945.5398287,0,0,,,
35793,B-220-1-07_masks.tif,32,20074,1045.296465,408.4419047,63.57278373,6.42479188,0.987812731,-18.24879606,1480.214158,1046.949935,0,0,,,
35794,B-220-1-07_masks.tif,33,18516,971.9238816,355.4501972,70.88860537,5.014207789,0.979911404,33.05928328,3628.773925,1022.341488,0,0,,,
35795,B-220-1-07_masks.tif,34,14943,904.7695526,366.0671911,56.13050407,6.521715725,0.988174438,-6.971384495,4488.501706,1073.872917,12316,0.824198621,194.4084167,197.3554688,179.8916016
35796,B-220-1-07_masks.tif,35,10106,555.5979797,209.0109426,62.20733897,3.359908108,0.954682176,-22.54460475,2111.752028,1105.985652,0,0,,,
35797,B-220-1-07_masks.tif,36,18484,1151.865007,419.2924526,60.47782042,6.93299543,0.989543055,-45.89421451,1929.682699,1164.789926,0,0,,,
35798,B-220-1-07_masks.tif,37,22092,1182.325902,465.8902253,66.35370533,7.021314379,0.989805816,-8.444911166,2671.273266,1269.145935,0,0,,,
35799,B-220-1-07_masks.tif,38,23421,1273.03658,476.1622243,70.51427752,6.752706559,0.988974073,31.77380018,3430.405021,1226.545664,16605,0.708979121,192.7150269,192.9138184,176.1869965
35800,B-220-1-07_masks.tif,39,18701,993.6396103,390.2921822,62.06128216,6.28881919,0.987276592,16.75600805,1575.427785,1253.076146,7019,0.375327523,181.1125488,182.5901184,177.959259
35801,B-220-1-07_masks.tif,40,17073,886.8528137,316.8446508,70.30618624,4.506639711,0.975070607,-57.26833839,2188.697183,1183.227611,11013,0.645053593,196.2252808,198.5547028,172.1211243
35802,B-220-1-07_masks.tif,41,19561,1008.651804,375.7803445,67.62736567,5.556631413,0.983672987,53.61420244,2878.316293,1275.500332,13989,0.715147487,189.2922974,192.2869415,178.8402252
35803,B-220-1-07_masks.tif,42,15463,820.8528137,300.5077701,68.9936666,4.355584866,0.973287367,45.97623954,3612.880618,1248.73802,13514,0.873957188,196.3468933,196.4786835,193.4763947
35804,B-220-1-07_masks.tif,43,20399,1035.137085,370.1111607,71.69377493,5.162389078,0.981059078,45.4628869,3588.74337,1310.450757,15033,0.73694789,187.7395782,186.9044037,174.5071564
35805,B-220-1-07_masks.tif,44,20559,1184.994949,442.2522207,60.35526459,7.327483753,0.99064386,64.12906522,3083.349871,1296.179435,13939,0.677999903,191.6725769,192.0310669,177.0917511
35806,B-220-1-07_masks.tif,45,27046,1415.923882,529.5690476,68.43918396,7.737804821,0.991613914,18.33701145,2826.185055,1469.260926,20585,0.7611107,199.2359924,198.6349335,186.5667725
35807,B-220-1-07_masks.tif,46,7225,530.627417,226.0433758,41.40384107,5.459478394,0.983081686,80.89217505,3311.946436,1263.594464,0,0,,,
35808,B-220-1-07_masks.tif,47,18045,957.882251,365.101241,64.42624454,5.666964505,0.984307576,69.48076169,5244.2977,1410.264062,15191,0.841839845,191.9646454,192.9811096,179.4716644
35809,B-220-1-07_masks.tif,48,18050,872.1837662,350.4740516,67.38837315,5.200808911,0.98134054,-86.64991411,4166.694238,1457.48144,9970,0.552354571,195.3973846,196.6649017,176.4095306
35810,B-220-1-07_masks.tif,49,26439,1309.421356,455.8160502,77.16885557,5.906735908,0.985564866,48.10681289,4005.091607,1588.299406,14570,0.551079844,194.4111176,193.7610168,180.3270416
35811,B-220-1-07_masks.tif,50,15967,966.1248917,348.5688089,61.27358308,5.688728998,0.98442837,21.71788009,2935.196969,1605.407528,377,0.023611198,225.8381958,223.403183,230.9018555
35812,B-220-1-07_masks.tif,51,13065,780.0832611,307.0072682,54.81105908,5.601192047,0.983933847,17.28638956,3804.174436,1587.897742,4773,0.36532721,189.6886597,192.204895,183.5330048
35813,B-220-1-07_masks.tif,52,20810,1220.208153,442.6927854,62.52675545,7.080053685,0.989975118,56.81576766,4099.245123,1565.360067,16206,0.778760211,199.7913666,202.0441132,198.1810455
35814,B-220-1-07_masks.tif,53,13085,881.5391052,323.190075,53.35626035,6.057210023,0.986278086,23.48679604,2831.012916,1625.557738,699,0.053419947,221.3504944,205.570816,236.1630859
35815,B-220-1-07_masks.tif,54,21417,956.6690476,391.3727129,73.00022517,5.361253502,0.982450491,81.22101951,3148.545174,1574.566373,13979,0.652705794,192.5037537,194.713501,178.2761993
35816,B-220-1-07_masks.tif,55,20763,1187.379726,437.2797363,65.65667102,6.660096065,0.988663534,-56.56234376,4080.382122,1854.594904,14377,0.692433656,202.630722,204.3881836,189.0671234
35817,B-220-1-07_masks.tif,56,25505,1386.007143,503.1824731,66.53439704,7.562741912,0.991219438,-57.80808923,3410.515075,1902.74703,18831,0.738325818,202.1296234,202.0224609,183.84935
35818,B-220-1-07_masks.tif,57,16695,1107.580736,400.9543339,55.62757826,7.207833713,0.990329129,-62.98412116,3137.39431,1907.413537,15602,0.934531297,208.9481506,209.8082275,207.9480896
35819,B-220-1-07_masks.tif,58,9023,616.2842712,235.1351303,50.28590436,4.675965029,0.976864408,86.14250222,2867.554139,2005.509919,0,0,,,
35820,B-220-1-07_masks.tif,59,21847,1257.178716,455.6501087,66.65384999,6.836065866,0.989242788,52.15056571,3169.479608,2156.688653,14882,0.681191926,192.6818237,193.5262756,181.8153534
35821,B-220-1-07_masks.tif,60,11796,706.0416306,296.8062998,54.19626967,5.476507915,0.983187637,1.145642091,1841.69371,3014.687776,0,0,,,
35822,B-220-1-07_masks.tif,61,11077,743.1126984,304.626703,47.48490394,6.415232584,0.987776159,-3.605837056,612.3825946,3061.151034,0,0,,,
35823,B-220-1-07_masks.tif,62,10464,651.8406204,248.4522791,55.81799476,4.45111438,0.974436559,-13.21460598,1466.482703,3075.162653,0,0,,,
35824,B-220-1-07_masks.tif,63,5778,420.8700577,144.4351205,52.65187227,2.743209581,0.931189103,0.22226922,1265.479751,3125.443925,0,0,,,
35825,B-220-1-07_masks.tif,64,14119,710.7695526,274.3184544,66.96306926,4.096563336,0.969748291,-84.85250006,1635.280756,3105.745733,0,0,,,
35826,B-220-1-07_masks.tif,65,6537,433.4558441,159.6592579,53.00171301,3.012341467,0.943290762,-11.51182379,1313.815512,3190.788129,0,0,,,
35827,B-220-1-07_masks.tif,66,12105,866.6101731,302.4746266,54.36035456,5.564250437,0.983718039,31.31244855,1634.91235,3290.054192,3891,0.321437423,195.8460541,200.1187286,196.401947
35828,B-220-1-07_masks.tif,67,16431,852.5269119,357.4635507,60.35570588,5.922614035,0.985642725,82.75118656,177.0549571,3272.059887,10635,0.647252145,184.2658234,189.3997192,178.0451355
35829,B-220-1-07_masks.tif,68,9244,787.0538239,291.7364752,42.85898463,6.806891899,0.989149874,24.53078734,2343.592384,3409.188122,0,0,,,
35830,B-220-1-07_masks.tif,69,19989,1072.894444,386.3722403,66.70727117,5.792055851,0.98498319,55.85926168,512.05463,3433.297564,16551,0.828005403,197.1932831,199.0018158,193.0293579
35831,B-220-1-07_masks.tif,70,22195,1216.409163,440.4718268,66.16606032,6.657065944,0.988653152,64.71890351,2662.923001,3426.33066,19575,0.881955395,197.36026,199.7910156,191.4664154
35832,B-220-1-07_masks.tif,71,13513,787.3553391,322.9346961,57.16834172,5.648837912,0.984205894,9.429647118,783.9048324,3508.010434,0,0,,,
35833,B-220-1-07_masks.tif,72,13765,727.1126984,291.3080695,61.0410471,4.772330807,0.977799815,2.117333109,143.3776971,3502.35721,5993,0.435379586,190.8321381,190.6726227,163.4793854
35834,B-220-1-07_masks.tif,73,12872,875.4386002,289.7293775,67.99349242,4.261133929,0.972072846,49.11403034,2292.275016,3567.400016,9340,0.725605966,193.9846954,195.3422852,193.2653046
35835,B-220-1-08_masks.tif,1,5606,427.3553391,141.0476564,55.11400633,2.55919803,0.920497943,45.03314709,1429.352658,47.54120585,0,0,,,
35836,B-220-1-08_masks.tif,2,10042,594.2842712,223.7410185,61.30730994,3.649499851,0.9617268,10.76193228,1566.796953,93.9874527,5935,0.591017726,184.0507202,184.1235046,160.3826447
35837,B-220-1-08_masks.tif,3,8551,574.6690476,203.1861479,59.62245848,3.407879397,0.955978225,32.92572075,2124.734066,72.24172611,0,0,,,
35838,B-220-1-08_masks.tif,4,5409,405.9411255,137.5110478,52.09714131,2.639512348,0.925454873,46.72076928,2182.49584,48.26622296,0,0,,,
35839,B-220-1-08_masks.tif,5,17115,1015.941125,446.7258489,49.60229648,9.00615255,0.993816474,6.094920301,4320.698627,225.1765118,13095,0.765118317,196.8311615,199.2956848,192.7877045
35840,B-220-1-08_masks.tif,6,20199,1047.012193,450.0252369,65.26740284,6.895099504,0.989427179,5.979762158,4365.142284,217.6760731,17152,0.849150948,203.5148621,203.7486572,197.0149841
35841,B-220-1-08_masks.tif,7,7220,511.254834,181.2723432,54.72674175,3.312317477,0.953338513,40.03383036,4624.94349,62.21897507,0,0,,,
35842,B-220-1-08_masks.tif,8,18404,744.7695526,275.8360466,86.63833503,3.183764398,0.949392024,-4.855255127,816.2825473,147.2342969,8267,0.449195827,181.4145355,180.8657379,158.3071289
35843,B-220-1-08_masks.tif,9,16791,1064.409163,400.9808787,59.24720352,6.7679292,0.989023892,57.2468282,1020.412006,155.3416711,12466,0.742421535,186.5353699,187.0429993,178.2515717
35844,B-220-1-08_masks.tif,10,13652,766.5269119,312.9785688,57.72688176,5.421712714,0.982843107,5.967680873,3018.1684,198.5272488,9879,0.723630237,191.6445923,192.1255188,181.3360596
35845,B-220-1-08_masks.tif,11,16997,870.4264069,343.0621843,67.41110469,5.089104916,0.980504184,-87.74676005,1211.571924,81.92092722,10008,0.58880979,177.8346252,182.0079956,160.6666718
35846,B-220-1-08_masks.tif,12,20770,968.4264069,388.7912531,69.34197618,5.606867218,0.98396662,6.341931832,749.9511314,272.649687,10970,0.528165623,188.3140411,187.4713745,171.0627136
35847,B-220-1-08_masks.tif,13,10922,829.0538239,304.6783732,54.49782427,5.590652054,0.983872715,28.10975349,2056.788867,191.3378502,5435,0.497619484,194.6953125,197.8480225,189.9350433
35848,B-220-1-08_masks.tif,14,19431,968.7695526,411.460034,67.39430532,6.105264117,0.986494718,86.85149158,5248.498019,123.1796099,15201,0.782306623,199.0671082,201.2646484,193.9705353
35849,B-220-1-08_masks.tif,15,11210,628.0416306,246.2457752,60.40407304,4.076641901,0.969447235,1.611123211,3073.070562,222.9325602,7523,0.671097235,196.9972076,197.1209564,177.2876587
35850,B-220-1-08_masks.tif,16,14551,864.8111832,337.8021181,57.77079663,5.847281633,0.98526762,-21.33580351,4207.129063,263.2087829,10592,0.72792248,198.2801208,200.361969,179.8209076
35851,B-220-1-08_masks.tif,17,7839,507.7401154,177.6643103,57.27585704,3.101905751,0.946609503,46.50959915,963.5393545,184.1520602,5250,0.669728282,188.4017181,189.9510498,190.7276154
35852,B-220-1-08_masks.tif,18,10836,579.3553391,223.4885864,63.3523649,3.527707083,0.958981031,71.69354994,1436.72859,155.9263566,4851,0.447674419,186.2360382,188.3745575,181.9255829
35853,B-220-1-08_masks.tif,19,7405,607.4974747,227.5770223,44.54101093,5.109381614,0.980660139,28.2063475,671.4255233,241.861445,0,0,,,
35854,B-220-1-08_masks.tif,20,11453,712.2842712,282.209648,54.04084648,5.22215447,0.981494204,1.16593942,1614.925172,273.5379377,2921,0.255042347,183.5809631,184.4833984,175.8178711
35855,B-220-1-08_masks.tif,21,11025,657.1126984,274.5918146,53.35103947,5.146887809,0.980943705,78.3238172,1753.509569,171.5440363,5496,0.498503401,182.8648071,187.4417725,172.8276978
35856,B-220-1-08_masks.tif,22,15825,919.4558441,404.5256901,51.90606456,7.793418622,0.99173367,85.62203687,5234.053017,169.3447709,8509,0.537693523,190.7366333,191.5960693,181.4275513
35857,B-220-1-08_masks.tif,23,18327,1072.024387,416.9273416,58.44000753,7.134279396,0.990127689,23.15083533,613.6666121,331.3419545,10015,0.546461505,183.455719,183.6076813,184.7313995
35858,B-220-1-08_masks.tif,24,12352,752.4680374,277.8940712,57.90117585,4.799454711,0.978052841,-61.03457637,1263.639896,241.5763439,4679,0.378805052,187.804657,194.5037384,188.7275085
35859,B-220-1-08_masks.tif,25,16444,890.6690476,334.7360782,64.82328307,5.163824822,0.981069711,77.39478696,2247.511189,237.7991973,11168,0.679153491,189.158493,191.8823395,173.9698181
35860,B-220-1-08_masks.tif,26,21562,1080.769553,483.3842703,64.02079681,7.550425711,0.991190642,86.24095442,5230.413784,227.2938967,12154,0.563676839,190.4381256,189.2712708,173.8330536
35861,B-220-1-08_masks.tif,27,11112,741.0121933,295.9113671,49.66825098,5.957756943,0.985812818,14.75764422,300.3955184,356.4219762,3040,0.273578114,187.2953949,187.1266479,183.4444122
35862,B-220-1-08_masks.tif,28,14082,673.254834,242.1402799,75.34525471,3.213742934,0.950356343,-17.31124989,834.9010084,341.1271126,8023,0.569734413,196.9906464,197.1334839,171.1285095
35863,B-220-1-08_masks.tif,29,11891,736.2842712,287.5641517,54.72803753,5.254421038,0.981722898,85.25237193,5190.577159,268.2120932,5603,0.471196703,183.8639984,185.8818512,156.509903
35864,B-220-1-08_masks.tif,30,22793,1009.497475,391.4570828,76.97843028,5.085282739,0.980474574,8.708371755,5100.752029,487.5386303,16817,0.737814241,186.9196014,187.4387817,169.251709
35865,B-220-1-08_masks.tif,31,13464,831.1543289,313.7688897,56.9748435,5.5071479,0.983375771,-18.35863606,1676.719103,421.6763963,6940,0.515448604,193.921463,196.2257996,174.3237762
35866,B-220-1-08_masks.tif,32,22792,1128.083261,475.5862006,62.68301886,7.587161709,0.991276117,9.299692562,2411.531415,517.7600474,11033,0.484073359,183.4241791,183.0746918,162.3933716
35867,B-220-1-08_masks.tif,33,8960,675.0121933,264.8242952,45.69315207,5.795710806,0.985002268,15.91444524,699.2662946,431.0954241,5653,0.630915179,194.5344086,196.6354218,193.1546021
35868,B-220-1-08_masks.tif,34,8672,583.1126984,231.9253626,49.5028127,4.685094643,0.976955549,-80.28461186,2812.387915,357.0013838,4136,0.476937269,182.0541534,185.3909607,152.654007
35869,B-220-1-08_masks.tif,35,12613,709.6396103,262.3019878,63.06914267,4.158959148,0.97066282,-58.86570304,2217.686197,400.5055102,7342,0.582097836,192.5204315,195.5166168,170.7773132
35870,B-220-1-08_masks.tif,36,11517,668.5269119,258.3523486,58.21657054,4.437780278,0.974280678,-6.851779851,1951.514196,484.0571329,6835,0.593470522,191.9139709,193.7572784,170.3504028
35871,B-220-1-08_masks.tif,37,13658,761.254834,306.3680769,58.00613522,5.281649531,0.981912592,-15.6494748,3113.644604,526.4220237,0,0,,,
35872,B-220-1-08_masks.tif,38,8684,640.627417,270.616942,43.9085392,6.163196202,0.986749112,4.084788174,3960.312874,547.383579,0,0,,,
35873,B-220-1-08_masks.tif,39,19239,875.1959595,313.5882713,84.58710367,3.707282289,0.962933368,-52.43064155,5333.301159,503.422943,8142,0.423202869,196.5287323,200.9715118,175.0556335
35874,B-220-1-08_masks.tif,40,7269,422.627417,150.5071908,62.47503656,2.409077274,0.909777302,81.46980534,2705.596506,441.0324666,6233,0.857476957,187.4524231,190.6755981,161.0447693
35875,B-220-1-08_masks.tif,41,15498,890.3675324,332.4670672,61.16212578,5.435832437,0.982932895,27.24787465,5027.621241,563.3803717,5299,0.341915086,189.2979736,194.0511475,186.7650452
35876,B-220-1-08_masks.tif,42,24342,1087.781746,370.9916169,86.97049907,4.265717926,0.972133695,-20.53705334,1855.412661,618.718388,8568,0.351984225,194.4333496,195.2323761,167.4798126
35877,B-220-1-08_masks.tif,43,17086,1097.823376,407.7418353,55.37521151,7.363255583,0.990734971,28.75519103,4975.179796,585.115182,0,0,,,
35878,B-220-1-08_masks.tif,44,13609,710.7695526,268.5384011,65.58102494,4.094757613,0.969721187,4.988833934,3412.005878,551.2799618,8825,0.648467926,190.8396606,192.8250427,173.8858948
35879,B-220-1-08_masks.tif,45,6147,533.5979797,196.5913746,40.60636836,4.841392683,0.978435596,-69.62286278,989.2025378,461.9207744,0,0,,,
35880,B-220-1-08_masks.tif,46,11818,768.9533188,274.5900485,56.15386516,4.889958112,0.978866412,56.42676213,2925.329751,513.6159249,4268,0.361144018,184.794754,186.4594727,178.8022461
35881,B-220-1-08_masks.tif,47,21723,1146.308658,421.0832229,79.35988807,5.305995676,0.982079707,53.23180567,3624.293652,539.7208949,11405,0.525019565,197.2423553,199.3466034,187.9320526
35882,B-220-1-08_masks.tif,48,8217,550.9116882,197.8441871,53.80516594,3.677048174,0.962309327,37.9933568,2995.775952,643.8679567,3740,0.455153949,180.8911743,182.1342316,173.789032
35883,B-220-1-08_masks.tif,49,24304,1253.59798,527.7541247,62.72845801,8.413312576,0.992911114,-89.82672021,4316.26687,597.220581,12611,0.51888578,187.3617401,192.9946136,171.6898804
35884,B-220-1-08_masks.tif,50,31511,1297.379726,460.4761148,89.83287136,5.125920032,0.980785955,28.77636117,3465.364317,836.7978801,13413,0.42566088,189.7366028,188.1659546,172.0833588
35885,B-220-1-08_masks.tif,51,16300,1172.693434,439.908476,53.55156334,8.21467103,0.992562831,37.96855875,754.6740491,799.8478528,7865,0.482515337,189.3239594,190.2485657,186.4593811
35886,B-220-1-08_masks.tif,52,19282,1022.710678,393.4170266,67.3409497,5.842166295,0.985241616,-20.70791335,3758.9401,828.5298206,12843,0.666061612,200.2469025,201.9933777,181.6869049
35887,B-220-1-08_masks.tif,53,16847,1000.752309,329.9963229,79.11029939,4.171344635,0.970839389,58.20174065,5230.063453,740.1915475,7484,0.444233395,184.1451111,192.0916595,184.0252533
35888,B-220-1-08_masks.tif,54,17395,1081.154329,424.2801082,57.2040525,7.416958933,0.99086927,-77.2163826,4200.179879,712.1349238,0,0,,,
35889,B-220-1-08_masks.tif,55,15976,1018.894444,356.2948427,59.38045795,6.000203687,0.986014254,40.25197629,3028.166124,790.9187531,3299,0.206497246,182.9254303,182.9784851,174.7326508
35890,B-220-1-08_masks.tif,56,17190,1101.965512,374.526634,63.26998525,5.91949931,0.985627501,52.38851544,3262.727632,781.2753345,11391,0.662652705,195.429718,195.656311,182.6456909
35891,B-220-1-08_masks.tif,57,7475,564.8700577,218.1998419,45.50411596,4.795167146,0.978013134,82.31598277,2327.959599,715.5901003,0,0,,,
35892,B-220-1-08_masks.tif,58,10439,823.1959595,266.4678687,54.65759713,4.875221061,0.978737061,-53.65636153,1863.377239,795.17722,0,0,,,
35893,B-220-1-08_masks.tif,59,11368,745.4558441,319.8568402,47.19726862,6.777020146,0.989053482,-5.878749564,2606.737597,888.3769353,0,0,,,
35894,B-220-1-08_masks.tif,60,21550,1122.752309,394.5810782,72.40999425,5.449262665,0.983017644,62.74312777,2152.642831,840.0732715,12785,0.593271462,184.3589325,185.3803711,168.3697357
35895,B-220-1-08_masks.tif,61,6155,448.3847763,170.9011353,53.5544255,3.191167372,0.949632776,88.06837896,64.73728676,783.5621446,4156,0.675223396,177.4990387,184.1446075,183.6369171
35896,B-220-1-08_masks.tif,62,17384,982.2670273,357.5591604,63.45308969,5.635015759,0.984127691,28.51086121,3926.114301,916.4017487,11983,0.689312011,189.2887421,192.0035858,185.8438568
35897,B-220-1-08_masks.tif,63,11295,739.882251,281.6924899,52.68480284,5.346750385,0.982354299,58.5449399,4534.122266,842.2896857,7239,0.640903054,202.4678802,203.6499481,200.0157471
35898,B-220-1-08_masks.tif,64,9001,714.3259018,271.9445042,44.50915031,6.109856116,0.986515149,68.07253776,2443.094545,831.1084324,0,0,,,
35899,B-220-1-08_masks.tif,65,26515,1224.107648,425.0294657,83.76064178,5.07433392,0.98038938,47.9395107,3360.187102,959.1846125,19700,0.742975674,190.0342712,190.1331024,173.7832489
35900,B-220-1-08_masks.tif,66,19631,1011.012193,404.3690186,65.60998812,6.16322347,0.98674923,84.26414104,4097.631603,837.9262901,9766,0.497478478,187.9970245,189.365448,171.6158142
35901,B-220-1-08_masks.tif,67,9781,729.882251,269.9263772,48.77665049,5.533926059,0.983537611,59.22290579,4515.624374,880.5920663,3476,0.355382885,188.0480499,185.3038025,185.0679016
35902,B-220-1-08_masks.tif,68,13859,871.0121933,341.4124659,54.21597824,6.297266543,0.987310923,81.28334937,4894.593838,856.0828343,30,0.002164658,229.6000061,210.3666687,220.7666626
35903,B-220-1-08_masks.tif,69,12170,672.9116882,246.7160204,65.66065978,3.757440471,0.963934769,68.77001795,1956.608792,882.532046,4098,0.336729663,191.5636902,192.9458313,186.9572906
35904,B-220-1-08_masks.tif,70,11349,727.0538239,242.3436105,62.69082025,3.865695321,0.965961553,43.66630415,2108.639175,911.2472465,5340,0.470526038,198.0876465,199.2919464,196.2676086
35905,B-220-1-08_masks.tif,71,11148,875.6812409,324.9099872,46.17890487,7.035896328,0.989848244,55.48805826,4515.3946,933.5038572,0,0,,,
35906,B-220-1-08_masks.tif,72,16067,856.9116882,327.0380382,64.97509842,5.033282691,0.980064923,74.76338668,4866.309018,910.880127,6878,0.428082405,176.3522797,177.7182312,152.8025513
35907,B-220-1-08_masks.tif,73,22263,833.7401154,306.7428024,93.92489462,3.265830679,0.951966945,-72.07132407,4153.613439,925.7104613,7437,0.334052015,189.293808,187.0874023,153.4359283
35908,B-220-1-08_masks.tif,74,6251,411.2132034,160.3865999,50.1598979,3.197506507,0.949837555,-73.71830768,78.56294993,903.9816029,0,0,,,
35909,B-220-1-08_masks.tif,75,7046,584.9116882,220.2534618,42.50036493,5.182389896,0.981206394,63.41338354,306.9920522,931.5580471,1630,0.231336929,183.0447845,183.8116608,180.6674805
35910,B-220-1-08_masks.tif,76,25145,1342.592929,470.7554314,70.77511109,6.651426244,0.988633791,-35.1203098,2654.67238,1083.053291,19813,0.787949891,201.7475891,204.046936,188.7871552
35911,B-220-1-08_masks.tif,77,9557,606.0416306,244.6333196,53.14322793,4.603283035,0.976119053,-86.92499136,152.4554777,966.8386523,0,0,,,
35912,B-220-1-08_masks.tif,78,10511,579.3553391,218.0982365,62.23530632,3.504413322,0.958422051,73.76925559,5001.681286,1000.038531,0,0,,,
35913,B-220-1-08_masks.tif,79,8883,611.9411255,228.8587292,50.86933068,4.498953026,0.974984255,-12.73750773,5402.30215,1083.537206,2896,0.326015986,178.363266,197.2095947,149.9195404
35914,B-220-1-08_masks.tif,80,6185,483.1126984,176.015249,46.10071147,3.818059276,0.965091443,16.97358504,862.7338723,1053.41439,0,0,,,
35915,B-220-1-08_masks.tif,81,15283,1056.208153,365.8176679,54.73502982,6.683428676,0.988742999,44.18487117,1200.647844,1118.520448,3398,0.222338546,188.7875214,188.6824646,184.3640442
35916,B-220-1-08_masks.tif,82,17058,1073.480231,393.9697942,56.07293992,7.02602351,0.989819547,33.21004245,3068.512135,1147.435045,11050,0.647789893,194.4593658,195.3188171,190.0531158
35917,B-220-1-08_masks.tif,83,12219,917.6812409,317.9068263,52.72489267,6.029539562,0.986150967,-58.45371128,2085.882642,1082.778869,0,0,,,
35918,B-220-1-08_masks.tif,84,23755,1102.811183,415.7161898,78.11030868,5.322168057,0.982189436,-87.96853195,3730.720185,1059.659735,14643,0.616417596,195.3203583,194.2724152,179.6720581
35919,B-220-1-08_masks.tif,85,7027,481.5979797,164.0545935,56.9127909,2.882561036,0.937897043,63.18490176,5049.30212,1082.405721,0,0,,,
35920,B-220-1-08_masks.tif,86,9296,569.6984848,225.3464583,53.16704267,4.238461402,0.971768918,8.80019944,829.0045181,1160.803249,3355,0.360907917,185.756485,185.3219147,179.81073
35921,B-220-1-08_masks.tif,87,20196,1085.480231,386.1259949,69.43826115,5.56070945,0.983697124,-35.98336715,2496.189592,1214.561646,14532,0.719548425,200.4080658,202.5898743,190.9623566
35922,B-220-1-08_masks.tif,88,12345,865.3553391,332.489384,51.87218033,6.409782313,0.987755233,-80.6366891,4787.64836,1085.119644,0,0,,,
35923,B-220-1-08_masks.tif,89,32824,1605.580736,595.9439621,78.97732462,7.545760317,0.991179696,18.57658233,5223.40248,1357.039087,18393,0.560352181,185.2788544,187.9548187,168.3258362
35924,B-220-1-08_masks.tif,90,7576,513.9411255,193.8048574,51.60534499,3.755519074,0.963897164,-18.36961167,5321.326426,1180.039071,0,0,,,
35925,B-220-1-08_masks.tif,91,11097,606.8700577,251.9758071,57.9413359,4.34880907,0.973202914,78.59902679,3889.620528,1138.087771,0,0,,,
35926,B-220-1-08_masks.tif,92,19735,1239.03658,446.7598959,64.41737537,6.935394269,0.989550326,33.00149339,2226.203648,1326.600355,3424,0.17349886,183.1352234,180.475174,175.2558441
35927,B-220-1-08_masks.tif,93,21027,903.0538239,337.8341484,80.59704349,4.19164443,0.971125339,18.39615988,3221.997194,1301.90146,16387,0.779331336,198.5639191,196.8722229,182.8960114
35928,B-220-1-08_masks.tif,94,13017,1022.166522,376.6055433,52.7067723,7.145297024,0.990158262,60.2670457,3941.225474,1241.514251,0,0,,,
35929,B-220-1-08_masks.tif,95,11234,788.6101731,287.1846144,51.93362122,5.529839969,0.983513069,-34.46735241,636.5751291,1274.126847,6854,0.61011216,191.8096008,195.3637238,169.2022247
35930,B-220-1-08_masks.tif,96,16552,1066.367532,415.2218947,60.90693754,6.8173169,0.989183214,70.01697092,4795.278033,1231.083132,0,0,,,
35931,B-220-1-08_masks.tif,97,8578,551.4974747,194.0818612,57.5178635,3.374288428,0.955076685,-33.40614685,511.0127069,1261.005129,5243,0.611214735,187.4100647,191.7245789,161.9095917
35932,B-220-1-08_masks.tif,98,16588,942.3675324,343.3150981,67.8454876,5.06024955,0.980278963,-27.21719365,669.465457,1377.949301,13744,0.82855076,193.4759827,195.8872223,178.5710907
35933,B-220-1-08_masks.tif,99,21652,1127.4386,414.9914099,70.4322743,5.892063177,0.985492353,21.49806653,838.4603732,1465.994596,14513,0.6702845,186.9149017,187.9778137,173.5924377
35934,B-220-1-08_masks.tif,100,24907,1090.426407,439.5478399,74.02836727,5.937559562,0.985715435,4.006448458,5349.891276,1484.348215,20456,0.821295218,190.7617798,192.0269775,178.9307251
35935,B-220-1-08_masks.tif,101,19782,928.8528137,333.0010284,77.27870285,4.309091847,0.972699694,32.22895705,3240.238095,1490.5826,15798,0.798604792,190.9762573,190.1334381,174.7404175
35936,B-220-1-08_masks.tif,102,20286,1012.426407,411.6114475,66.87444316,6.154988783,0.986713511,84.54732559,2511.877847,1391.84753,15127,0.74568668,197.1843719,199.1475525,188.1394196
35937,B-220-1-08_masks.tif,103,12531,758.627417,321.0049188,53.65324636,5.982954257,0.985932917,0.245661422,5414.828904,1547.221132,4830,0.385444099,213.8105621,214.7035217,173.0480347
35938,B-220-1-08_masks.tif,104,18388,1088.509668,411.2304686,60.39096869,6.809469654,0.989158132,25.07435418,3158.736839,1654.39107,11707,0.636665216,187.800293,187.8083191,177.2815399
35939,B-220-1-08_masks.tif,105,18992,904.4680374,336.0746493,76.41161985,4.39821391,0.973809605,-22.04452371,648.0788227,1652.369366,0,0,,,
35940,B-220-1-08_masks.tif,106,21810,835.4974747,318.7709616,88.16456865,3.615635696,0.960991893,15.92493066,389.8357176,1683.764374,15411,0.706602476,191.2798615,191.4110107,178.7625732
35941,B-220-1-08_masks.tif,107,10255,711.3969696,264.5997966,52.885449,5.003262742,0.979822511,24.49394906,4227.7608,1902.089517,0,0,,,
35942,B-220-1-08_masks.tif,108,11871,790.3675324,298.2591124,55.43823801,5.380025107,0.982573827,58.45501225,697.6285064,1886.408053,3935,0.331480077,186.9733124,186.5606079,184.7875519
35943,B-220-1-08_masks.tif,109,12987,954.6518036,327.3626413,54.67311829,5.987634353,0.985955055,45.9584243,3446.107261,1951.299992,0,0,,,
35944,B-220-1-08_masks.tif,110,13297,791.4974747,305.2001226,58.48604285,5.218341125,0.981466892,-18.47924727,5384.403625,1966.620215,0,0,,,
35945,B-220-1-08_masks.tif,111,19662,965.4386002,341.1150553,75.67568311,4.50759136,0.975081267,62.56371085,149.2178822,2029.553606,10567,0.537432611,188.7708893,191.7651215,177.8237
35946,B-220-1-08_masks.tif,112,20897,1091.539105,397.3883154,74.93170677,5.303339969,0.982061591,71.01062615,528.1465282,2029.222664,13106,0.627171364,192.3872223,194.6311646,185.5160217
35947,B-220-1-08_masks.tif,113,12063,808.627417,337.5545903,48.34801211,6.981767721,0.9896894,89.37235478,3290.65332,2000.765315,0,0,,,
35948,B-220-1-08_masks.tif,114,9569,593.1543289,199.408667,63.24165809,3.153122056,0.948376731,59.92208496,289.2652315,2050.301703,5858,0.612185181,201.7633972,203.1253052,205.934967
35949,B-220-1-08_masks.tif,115,17686,1005.941125,446.1095946,57.07808719,7.815776887,0.991781093,88.99959256,3269.831901,2040.077293,0,0,,,
35950,B-220-1-08_masks.tif,116,19476,1032.669048,408.489413,62.76870818,6.507851203,0.988123694,11.26026869,4613.185305,2284.675395,16194,0.831484904,192.6808014,193.9780121,177.4742432
35951,B-220-1-08_masks.tif,117,9811,649.6984848,254.8070771,50.21947162,5.073870133,0.980385759,-80.77375995,559.0036694,2171.033126,0,0,,,
35952,B-220-1-08_masks.tif,118,14456,1005.39697,367.2279804,52.77420476,6.958474924,0.989619895,14.42546329,2860.103763,2365.966312,4338,0.300083011,207.8460083,210.4757996,205.8637695
35953,B-220-1-08_masks.tif,119,13359,829.9411255,346.2007075,55.25863565,6.265096912,0.98717943,-86.04232012,851.2274871,2217.482297,0,0,,,
35954,B-220-1-08_masks.tif,120,12884,973.137085,357.2155278,49.95042537,7.151401117,0.990175139,44.00745021,353.7461968,2334.158103,2444,0.189692642,183.513092,181.7716827,182.8007355
35955,B-220-1-08_masks.tif,121,10786,745.1126984,300.3513542,48.95693907,6.135010888,0.986626251,-8.611533947,2790.201928,2379.107825,1516,0.140552568,194.6807404,193.2605591,197.1431427
35956,B-220-1-08_masks.tif,122,10143,626.5269119,251.3707052,52.01427277,4.832725555,0.978357322,-77.92034441,4045.027802,2315.678793,0,0,,,
35957,B-220-1-08_masks.tif,123,10633,671.4558441,274.4274355,50.65029424,5.418081762,0.982819903,-87.40093458,4330.430735,2339.387379,0,0,,,
35958,B-220-1-08_masks.tif,124,18161,1047.39697,407.679385,58.4861304,6.970531001,0.989655958,-74.27107107,706.9805627,2396.50691,8640,0.475744728,189.4024353,194.0927124,175.3008118
35959,B-220-1-08_masks.tif,125,20643,1059.982756,421.0208976,64.24967957,6.552887118,0.988287342,15.72234888,5068.806569,2537.122947,7046,0.341326358,198.5843048,199.0615997,165.5286713
35960,B-220-1-08_masks.tif,126,7866,576.4264069,206.3160087,50.21843858,4.108371636,0.969924632,22.26677371,5091.623443,2440.469743,7217,0.917493008,191.0128937,194.6621857,187.5056152
35961,B-220-1-08_masks.tif,127,16057,899.4974747,341.5637291,66.40115646,5.143942475,0.980921664,-81.98307542,4153.256275,2475.187831,8703,0.542006601,191.3078308,191.522583,169.5779572
35962,B-220-1-08_masks.tif,128,24130,1507.806133,543.2311066,61.34313536,8.855613645,0.993603774,54.16680134,2722.352507,2612.203523,10196,0.42254455,203.59935,205.8615112,203.6608429
35963,B-220-1-08_masks.tif,129,15805,984.2253967,360.2818804,60.40002985,5.964928846,0.985847158,73.21354066,3981.023727,2515.538058,4258,0.269408415,190.0467377,190.6049805,189.1216583
35964,B-220-1-08_masks.tif,130,16728,782.6690476,298.5396912,72.72355404,4.105130658,0.969876387,14.47638338,466.1898613,2613.700921,12749,0.762135342,191.508667,193.1867523,181.1368713
35965,B-220-1-08_masks.tif,131,13007,923.5807358,330.4091968,51.72319893,6.388027107,0.987671167,51.76869658,4403.6435,2589.398939,0,0,,,
35966,B-220-1-08_masks.tif,132,8127,530.627417,214.4540372,49.27483644,4.352201908,0.973245252,5.755109425,613.0349452,2610.564538,4411,0.542758706,199.2815704,201.0070343,198.1172028
35967,B-220-1-08_masks.tif,133,11254,661.4974747,243.8595498,62.82326653,3.881675744,0.966246127,67.32696808,5342.022747,2573.281233,7668,0.681357739,174.4941254,178.0426483,155.5324707
35968,B-220-1-08_masks.tif,134,13679,862.1837662,348.4170986,52.62310099,6.620991391,0.988528449,80.2863356,2867.013159,2569.187514,0,0,,,
35969,B-220-1-08_masks.tif,135,8107,548.5685425,154.3834282,69.29655625,2.227865807,0.893602058,-51.10241757,870.0268903,2606.63698,6988,0.861971136,191.6947632,195.6100464,168.9140015
35970,B-220-1-08_masks.tif,136,15991,910.9116882,352.2673864,62.42738989,5.642833812,0.984171996,15.0451195,680.1891689,2737.501782,11516,0.720155087,193.0279541,195.0916138,187.6687164
35971,B-220-1-08_masks.tif,137,7218,543.8406204,193.9335009,55.34284292,3.50422007,0.958417365,25.9633315,5399.157661,2695.708922,3414,0.472984206,170.5225525,177.0606384,169.8096008
35972,B-220-1-08_masks.tif,138,27458,1308.83557,491.5488273,77.21280683,6.366156698,0.987585779,41.10722744,498.984886,2803.174558,12982,0.472794814,196.2605133,196.539444,184.3462524
35973,B-220-1-08_masks.tif,139,19875,909.6984848,384.3064686,67.0504388,5.731602589,0.984662264,-89.23704289,4457.862792,2746.581283,12923,0.650213836,189.8630371,192.9765472,179.6235352
35974,B-220-1-08_masks.tif,140,28947,1216.325902,499.3765973,75.83503236,6.585038362,0.988402105,-79.21741103,3723.94141,2794.338722,20402,0.704805334,195.3636475,197.3139954,186.8812866
35975,B-220-1-08_masks.tif,141,12064,694.6690476,255.8978826,64.04792146,3.995412759,0.96817168,67.47429933,5337.305703,2805.328166,6942,0.575431034,182.0252075,185.5087891,161.8964233
35976,B-220-1-08_masks.tif,142,18539,828.7695526,341.145425,70.40169146,4.845699272,0.978474331,-4.66230102,985.1621447,2941.533308,11019,0.594368628,190.7865448,192.1874084,177.4764557
35977,B-220-1-08_masks.tif,143,16810,1016.651804,330.8437577,67.08058777,4.93203427,0.979229272,43.88885153,717.4893516,2953.938251,0,0,,,
35978,B-220-1-08_masks.tif,144,18522,1244.592929,430.0501266,56.99620348,7.545241619,0.991178478,50.55044646,3595.289278,2995.642209,6383,0.344617212,196.0054779,197.9356079,195.7189484
35979,B-220-1-08_masks.tif,145,17199,864.8528137,313.0447004,71.23174346,4.394735902,0.973767576,-33.80359786,1082.706902,2986.126403,14805,0.860805861,201.8503876,204.9070587,182.8063507
35980,B-220-1-08_masks.tif,146,14815,1040.367532,394.5357026,51.17592107,7.709401107,0.991551743,21.10024761,420.1087411,3070.407897,4682,0.31603105,191.0538177,192.397049,193.7552338
35981,B-220-1-08_masks.tif,147,26754,1506.291414,501.7781132,72.07176869,6.962200628,0.98963106,49.01710642,2401.244786,3099.305263,24788,0.926515661,195.5136414,196.0139618,186.2924042
35982,B-220-1-08_masks.tif,148,15597,911.0954544,310.0812683,65.69027454,4.720352754,0.977302503,37.46589978,898.7430916,3085.276784,7564,0.484965057,205.6107941,208.5133514,209.3885498
35983,B-220-1-08_masks.tif,149,9082,543.254834,191.9967668,61.25316826,3.134478955,0.947743846,51.52121132,794.2589738,3087.189936,0,0,,,
35984,B-220-1-08_masks.tif,150,16500,1080.551299,407.7985777,53.20079338,7.665272486,0.99145377,54.17387993,2448.728061,3206.08697,6549,0.396909091,205.6078796,199.324173,212.1392517
35985,B-220-1-08_masks.tif,151,19661,938.5685425,334.3309806,78.00694622,4.285912945,0.972399405,-9.239045206,4313.926708,3270.045267,16009,0.814251564,191.0167389,194.5512543,176.6876831
35986,B-220-1-08_masks.tif,152,6629,587.254834,217.3078092,44.56345005,4.876368614,0.978747176,60.89408083,5362.809474,3174.523759,4770,0.719565545,182.6423492,189.3280945,185.1180267
35987,B-220-1-08_masks.tif,153,19292,890.4264069,334.258131,76.00321676,4.397947156,0.973806385,2.574810889,4244.981339,3429.381246,15410,0.798776695,193.4833832,195.3408203,183.6957245
35988,B-220-1-09_masks.tif,1,27662,1248.911688,500.7027335,79.25894765,6.317302315,0.987391797,-81.96441557,2362.809739,124.2988215,15033,0.543453113,200.0014648,202.9011536,186.7957764
35989,B-220-1-09_masks.tif,2,9459,842.2670273,301.7404359,41.18865102,7.325814962,0.990639577,-53.18341987,819.7905698,189.8985094,0,0,,,
35990,B-220-1-09_masks.tif,3,21668,1043.84062,430.2127955,65.37194438,6.581000452,0.988387785,-81.18117108,3052.640484,162.7586302,19250,0.888406867,200.4626465,201.0300293,190.6708527
35991,B-220-1-09_masks.tif,4,6959,666.8111832,240.7429355,38.37133175,6.274031277,0.987216154,-58.0658862,862.3631269,219.8695215,0,0,,,
35992,B-220-1-09_masks.tif,5,15989,1073.740115,414.7822273,54.28237698,7.641194995,0.991399593,76.24087758,735.8933642,342.8552755,5068,0.316967915,189.2241516,194.5576172,189.8533936
35993,B-220-1-09_masks.tif,6,16242,911.4974747,373.1528101,57.24147551,6.518923678,0.988164246,14.05428148,2439.514838,621.9660756,14722,0.906415466,194.698349,195.7640991,179.3983765
35994,B-220-1-09_masks.tif,7,25124,1147.681241,418.8715893,77.98009118,5.371519614,0.982518105,66.89070079,2789.909091,604.3986228,20070,0.798837765,195.2646179,194.5872955,179.7925262
35995,B-220-1-09_masks.tif,8,7035,666.7695526,232.5384613,42.93640607,5.415880893,0.982805815,-80.55932488,5329.810377,580.7746979,0,0,,,
35996,B-220-1-09_masks.tif,9,12995,981.3380951,353.2651549,49.74567441,7.101424578,0.990035668,-59.62737747,786.2083878,634.4220854,3162,0.243324356,188.948761,199.1138458,194.2555389
35997,B-220-1-09_masks.tif,10,19234,945.0121933,364.2032981,69.7610476,5.220725758,0.981483979,89.6781922,2925.769471,720.208277,17521,0.910938962,202.8086243,201.4902649,188.2271576
35998,B-220-1-09_masks.tif,11,27271,1185.497475,471.0927401,81.8787329,5.75354214,0.984779916,-87.76887867,2908.25694,785.6967108,26055,0.955410509,202.4916534,202.5998535,192.628479
35999,B-220-1-09_masks.tif,12,20331,938.2253967,332.1639253,81.6429824,4.068493281,0.969322788,18.29251554,2677.492696,952.8676897,19082,0.938566721,198.9571838,198.7226715,185.4525757
36000,B-220-1-09_masks.tif,13,6833,642.1837662,235.1625791,39.45030274,5.960982876,0.98582828,-70.59919136,369.6683741,892.7430119,6668,0.975852481,184.2639465,197.8534851,187.6900177
36001,B-220-1-09_masks.tif,14,21447,1124.551299,391.4701581,73.6391191,5.31606248,0.982148129,51.61917173,3294.780389,1321.733809,16514,0.769991141,201.2067871,200.9202423,187.7996216
36002,B-220-1-09_masks.tif,15,21884,1228.710678,471.2029679,65.07978426,7.240389211,0.990416321,73.60603488,2773.701197,1325.691601,18489,0.844863827,200.5809937,201.6324768,193.0240631
36003,B-220-1-09_masks.tif,16,21802,1301.622366,460.3018235,67.03730782,6.866353058,0.989337988,58.30719078,2789.164756,1468.690166,12139,0.556783781,205.9742126,207.7944641,204.9893799
36004,B-220-1-09_masks.tif,17,18456,906.509668,314.5626379,77.07825056,4.081081701,0.96951472,40.85911704,3113.856036,1457.787982,14747,0.799035544,201.3564148,200.6703033,187.2198486
36005,B-220-1-09_masks.tif,18,18539,1147.4386,407.3616068,62.05559853,6.564461812,0.988328853,70.4306426,2908.374508,1459.737364,8685,0.46847187,205.7933197,207.8321228,205.1885986
36006,B-220-1-09_masks.tif,19,12452,855.8406204,341.0021543,48.14524672,7.082779247,0.989982871,7.34059079,2301.842194,1616.361709,0,0,,,
36007,B-220-1-09_masks.tif,20,13226,953.3553391,373.1953165,48.59592747,7.679559501,0.991485676,5.109431493,2666.518675,1641.157342,0,0,,,
36008,B-220-1-09_masks.tif,21,16602,907.4386002,332.8830116,66.01074397,5.042861079,0.980141346,-59.67471726,2469.756234,1743.110107,14221,0.856583544,203.234375,206.2672882,194.4308472
36009,B-220-1-09_masks.tif,22,16191,1100.208153,389.9885956,55.28132538,7.054617322,0.989902327,-51.35461996,1416.344327,1870.340745,11572,0.714718053,199.1495056,203.5810547,188.5662842
36010,B-220-1-09_masks.tif,23,14848,1016.568542,391.1591706,51.77495321,7.554988394,0.991201326,15.33004297,1664.158338,1981.610251,12048,0.811422414,194.8187256,196.6954651,183.9419861
36011,B-220-1-09_masks.tif,24,22698,1000.083261,392.6783415,77.55169291,5.063439968,0.980304056,11.42776713,4150.027932,1993.08525,13972,0.615560842,202.9695129,203.3249359,184.308548
36012,B-220-1-09_masks.tif,25,23877,1168.551299,415.3867596,74.96315719,5.541212179,0.983581236,33.39610262,4079.605017,2063.762324,15962,0.668509444,204.9817047,202.1611328,188.9723663
36013,B-220-1-09_masks.tif,26,14407,920.3675324,337.9879143,59.23601845,5.705783797,0.98452205,-25.6733991,5045.629277,2158.418824,10157,0.705004512,194.0198822,198.3504944,182.5266266
36014,B-220-1-09_masks.tif,27,17090,810.6101731,282.4211109,78.87471996,3.580629016,0.96020955,-35.2911276,3941.104623,2196.178116,10952,0.640842598,199.1043701,200.7976685,179.1434479
36015,B-220-1-09_masks.tif,28,14154,946.1665222,340.4271819,58.0411515,5.86527271,0.985358532,-40.37954282,4456.973152,2231.170694,7343,0.518793274,193.2960663,196.6780548,172.1308746
36016,B-220-1-09_masks.tif,29,22560,924.0832611,352.9634236,84.91673358,4.156582675,0.970628756,81.05918525,3438.362323,2213.166046,14790,0.655585106,196.0208282,195.2150116,177.7281342
36017,B-220-1-09_masks.tif,30,21784,1208.166522,441.0033398,65.84958457,6.697131693,0.988789279,-65.60898279,1735.624816,2263.00202,11650,0.534796181,198.0690918,200.7941589,183.6052399
36018,B-220-1-09_masks.tif,31,8476,712.7106781,239.6987469,46.34954994,5.171544215,0.981126725,-53.36085359,1888.921189,2250.983955,0,0,,,
36019,B-220-1-09_masks.tif,32,22207,1324.936075,488.2413216,63.01109416,7.748497754,0.991637141,-57.47127641,1856.846535,2375.122124,11165,0.502769397,196.8959198,199.0752411,173.4665527
36020,B-220-1-09_masks.tif,33,18533,1090.793939,379.5812257,66.97690825,5.667344695,0.984309698,-45.34445385,4421.722279,2356.294879,8579,0.462904009,196.4217224,199.2788239,181.2563171
36021,B-220-1-09_masks.tif,34,23639,1116.066017,381.7071774,83.49388428,4.571678281,0.975783616,57.12244418,2882.221033,2362.611109,21253,0.899065104,200.5713959,201.2432098,191.3592377
36022,B-220-1-09_masks.tif,35,15004,791.4558441,339.837662,57.3041437,5.930420386,0.985680772,3.311859419,3742.980938,2403.512597,13054,0.870034657,204.9048615,205.556076,202.9104462
36023,B-220-1-09_masks.tif,36,13114,1049.195959,383.5471985,61.93794984,6.192442589,0.986874812,70.13894104,4793.061004,2289.422754,11502,0.877077932,193.1878815,192.9618378,180.443573
36024,B-220-1-09_masks.tif,37,20975,872.7695526,349.1489733,78.16924653,4.466577187,0.97461555,87.88387237,3439.274946,2290.107175,11365,0.541835518,201.1346283,200.4789276,180.8871155
36025,B-220-1-09_masks.tif,38,8363,756.5685425,290.8618346,40.71806596,7.143311641,0.990152763,-69.73157565,5121.287815,2306.418271,0,0,,,
36026,B-220-1-09_masks.tif,39,21292,1369.03658,524.7810458,56.58983588,9.273415228,0.99416879,61.84351172,4797.583365,2400.901418,15024,0.705617133,197.0627594,196.3276825,183.3182983
36027,B-220-1-09_masks.tif,40,10847,940.8528137,343.0623953,49.12596773,6.983320862,0.98969401,60.31003646,4805.774131,2359.970499,10470,0.965243846,201.8080292,201.0947418,194.1636047
36028,B-220-1-09_masks.tif,41,8672,551.4558441,224.6770199,49.71415535,4.519377194,0.975212716,-81.42186487,5316.292089,2321.416859,0,0,,,
36029,B-220-1-09_masks.tif,42,21906,1012.669048,403.8217938,73.07948749,5.52578853,0.983488682,-81.62795727,3227.027025,2358.718251,16141,0.736830092,200.7410278,201.6556549,190.2622528
36030,B-220-1-09_masks.tif,43,29285,1112.468037,434.4970784,87.61522736,4.95915027,0.97945817,75.0010395,4007.858733,2392.057504,17073,0.582994707,196.7742615,195.6657257,178.4558105
36031,B-220-1-09_masks.tif,44,9093,865.1959595,317.9646225,47.06453204,6.755928695,0.988984646,61.31493265,4770.496866,2434.186187,393,0.043220059,228.9287567,222.8727722,224.3282471
36032,B-220-1-09_masks.tif,45,14434,855.7817459,317.789903,61.46537188,5.170226638,0.981117012,58.00096393,4689.940349,2438.826036,7489,0.518844395,188.1036224,186.1896057,173.7989044
36033,B-220-1-09_masks.tif,46,8075,628.0416306,252.7604724,43.78053749,5.773352426,0.984884987,-4.061170661,4568.72743,2487.639381,4409,0.546006192,193.0707703,199.9158478,191.4536133
36034,B-220-1-09_masks.tif,47,16508,888.2842712,384.8758203,57.49001806,6.694654711,0.988780934,0.325073912,3841.185001,2558.666465,8701,0.52707778,199.8648376,199.4137421,199.9156494
36035,B-220-1-09_masks.tif,48,8674,700.8700577,297.019995,42.96124278,6.913673249,0.989484212,0.588068281,3881.228614,2546.443163,7040,0.811620936,206.3370667,208.9471588,203.5251465
36036,B-220-1-09_masks.tif,49,18972,1302.610173,487.3234578,63.12155161,7.720397319,0.991575894,-9.180301657,3917.868596,2668.937592,5509,0.29037529,200.8518829,206.2303467,197.3882751
36037,B-220-1-09_masks.tif,50,17365,1094.225397,406.4439231,57.6081926,7.055314614,0.989904333,74.7067524,4131.501411,2490.595623,4922,0.283443709,201.1312408,197.9873962,202.0449066
36038,B-220-1-09_masks.tif,51,18555,1013.254834,409.8095428,64.17063082,6.386247689,0.987664253,-8.104417696,3696.080086,2640.997952,12114,0.652869846,204.8156738,208.835556,204.7996521
36039,B-220-1-09_masks.tif,52,15212,1073.4386,409.9510568,50.83723614,8.063991829,0.99228121,23.5439968,4040.672824,2632.841835,3309,0.217525638,194.1707458,197.6823883,188.7923889
36040,B-220-1-09_masks.tif,53,19993,1144.710678,443.8780994,64.75726719,6.854490911,0.989300854,-74.00143102,4798.144501,2627.008403,14501,0.725303856,190.0928192,194.3534241,180.6764984
36041,B-220-1-09_masks.tif,54,21102,1043.823376,354.7245441,77.53336459,4.575121253,0.975820501,56.21621346,1498.82831,2690.077955,17037,0.807364231,195.2957611,196.3384399,186.7012329
36042,B-220-1-09_masks.tif,55,16550,1009.823376,358.9530596,63.87005058,5.620052848,0.984042375,53.80791741,2917.717039,2685.246647,13153,0.794743202,201.1044617,201.5087128,194.3419037
36043,B-220-1-09_masks.tif,56,16699,936.7695526,389.8657232,57.88984308,6.734613578,0.988914417,83.93596948,3090.712857,2633.686029,3135,0.187735793,193.4347687,195.4650726,193.0673065
36044,B-220-1-09_masks.tif,57,17117,1247.521861,450.3838922,50.04035263,9.000414036,0.993808561,56.54001457,4537.735234,2775.091021,7975,0.465911083,201.0688477,203.5537262,200.2416229
36045,B-220-1-09_masks.tif,58,18656,1191.195959,462.7851961,52.55871199,8.805109155,0.993529948,-18.72157596,3235.697631,2865.93825,0,0,,,
36046,B-220-1-09_masks.tif,59,22663,1276.852814,474.0791133,62.89338343,7.537821747,0.991161025,-17.35109845,2156.828222,3064.569298,13723,0.605524423,200.3476715,203.8630066,188.5411377
36047,B-220-1-09_masks.tif,60,17293,998.0660172,350.0878379,64.38641025,5.437293934,0.982942148,-36.96845742,3923.791072,2983.177239,14235,0.823165443,195.591217,199.270813,185.3470306
36048,B-220-1-09_masks.tif,61,6905,736.9533188,258.275081,37.98287911,6.799776294,0.989127029,56.06559373,566.062853,2946.574656,0,0,,,
36049,B-220-1-09_masks.tif,62,20373,1073.39697,429.2257889,65.2621172,6.576951643,0.988373399,-13.58633314,4387.36892,3098.238453,15513,0.761448977,197.4669647,200.3425446,186.7223663
36050,B-220-1-09_masks.tif,63,19759,1141.865007,404.5122277,66.69500055,6.065105695,0.986314038,-47.52162108,3290.79584,3064.076623,14993,0.758793461,199.2893982,203.0819092,187.4087219
36051,B-220-1-09_masks.tif,64,25532,1025.63961,385.970437,86.1402879,4.480719143,0.974777603,-73.44953946,2420.932908,3041.147815,18853,0.738406705,199.7698517,202.2385864,191.922821
36052,B-220-1-09_masks.tif,65,26240,1189.59798,486.2067182,71.67428523,6.783558659,0.989074691,84.38235661,4941.245503,3053.845694,0,0,,,
36053,B-220-1-09_masks.tif,66,10655,973.2375901,332.5957439,44.5781668,7.460956064,0.990977129,-48.74749689,1049.148569,3163.011075,0,0,,,
36054,B-220-1-09_masks.tif,67,17864,1266.592929,429.4221619,61.26461603,7.009301448,0.989770663,-43.338538,5097.765002,3221.138211,0,0,,,
36055,B-220-1-09_masks.tif,68,20886,1172.107648,423.6757423,66.10108516,6.409512661,0.987754196,-46.40900016,2236.89706,3236.332807,12936,0.619362252,201.1942596,206.1559143,192.8382874
36056,B-220-1-09_masks.tif,69,12809,859.5391052,304.7696201,58.9891522,5.166536707,0.98108977,-29.21613233,5240.970021,3275.188774,0,0,,,
36057,B-220-1-09_masks.tif,70,24034,1106.953319,406.4457752,77.34700686,5.254835212,0.981725806,-18.36301902,2313.945494,3353.81393,16372,0.681201631,196.7911682,201.4819183,184.4391022
36058,B-220-1-09_masks.tif,71,14388,791.1543289,288.6632308,66.80043852,4.321277483,0.972855591,68.43491612,1545.367111,3226.629691,11595,0.8058799,193.3017731,198.5600739,189.847168
36059,B-220-1-09_masks.tif,72,13227,1003.39697,379.0676514,53.16336974,7.130241241,0.990116448,-13.14928764,4918.503516,3429.129583,0,0,,,
36060,B-220-1-09_masks.tif,73,15353,1020.124892,387.5483364,52.87238051,7.329882495,0.990650012,68.53827853,3480.533967,3384.458868,0,0,,,
36061,B-220-1-09_masks.tif,74,9035,625.3969696,213.1465826,57.31814114,3.718658322,0.963164138,-38.46154442,5265.892197,3453.597565,0,0,,,
36062,B-220-1-09_masks.tif,75,16957,856.3675324,308.4417071,78.28999797,3.939733237,0.967250344,35.39389224,2172.988382,3546.457805,15006,0.884944271,195.4307556,196.0267944,181.5254517
36063,B-220-1-09_masks.tif,76,5570,424.627417,163.2644138,44.85293754,3.639993783,0.961522629,89.55399707,1997.768941,3426.040575,0,0,,,
36064,B-220-1-09_masks.tif,77,9340,617.4974747,223.7946075,54.53812197,4.103452767,0.969851364,-25.36280148,5012.558887,3521.892827,0,0,,,
36065,B-220-1-09_masks.tif,78,6983,499.2132034,201.8902639,47.94683119,4.210711301,0.971390089,-13.40928512,1869.651726,3564.781899,0,0,,,
36066,B-220-1-09_masks.tif,79,6153,467.7989899,184.5967055,49.06879176,3.761998184,0.964023732,11.72336072,4734.904924,3575.674143,5331,0.866406631,189.3337097,193.3031311,186.803421
36067,B-220-1-09_masks.tif,80,22498,1104.325902,470.9624198,61.8183603,7.618487737,0.991348024,-77.68549977,2510.393324,3538.49031,14736,0.654991555,200.6461792,203.8313599,195.6860046
36068,B-220-1-09_masks.tif,81,9750,663.882251,245.4922449,54.44879633,4.508680841,0.975093462,50.547672,2092.399179,3579.265538,6744,0.691692308,190.4718323,189.919342,180.8712921
36069,B-220-1-09_masks.tif,82,8445,558.7695526,205.4681183,59.92333605,3.42884979,0.956527243,62.8202831,5365.648786,3567.707874,5777,0.684073416,186.5274353,192.7858734,187.4304962
36070,B-220-1-09_masks.tif,83,18243,827.9411255,334.9188193,71.97524677,4.653250031,0.976635275,-86.15786381,2542.685633,3606.227704,13520,0.741106178,192.7105103,195.5107269,184.10466
36071,B-220-1-09_masks.tif,84,10852,731.1126984,302.6216144,47.9774533,6.307579783,0.987352649,-81.99933545,2759.164486,3620.19213,30,0.002764467,248.8999939,244.3000031,224.3666687
36072,B-220-1-10_masks.tif,1,11525,723.1126984,286.7663551,59.1962673,4.844331716,0.978462042,8.672313982,2768.337787,113.6383514,0,0,,,
36073,B-220-1-10_masks.tif,2,12435,1013.539105,361.9904517,46.34739174,7.810373748,0.99176967,20.48047925,2093.563812,257.0061118,6684,0.537515078,188.2366791,190.2853088,183.4163666
36074,B-220-1-10_masks.tif,3,4878,369.2132034,130.0067926,49.33023299,2.635438445,0.925214908,-2.997829986,3828.506355,358.8382534,4848,0.993849938,189.7729034,192.6806946,156.6274719
36075,B-220-1-10_masks.tif,4,8489,623.0538239,215.8206441,51.88819824,4.159339722,0.970668269,-45.56316549,3678.409471,378.9195429,6042,0.711744611,186.5928497,190.305191,161.9172516
36076,B-220-1-10_masks.tif,5,10968,735.1126984,297.3129136,52.93308486,5.616769066,0.984023559,-0.183707321,5345.644967,464.355124,3818,0.348103574,188.7700348,198.735199,189.0570984
36077,B-220-1-10_masks.tif,6,8932,688.8111832,252.7321827,47.55566769,5.314449254,0.982137191,-58.47271472,2596.621137,448.1806986,0,0,,,
36078,B-220-1-10_masks.tif,7,9833,758.3675324,264.4573096,49.32742072,5.361263689,0.982450559,34.09555513,1915.471779,517.2066511,2695,0.274077087,188.2422943,189.2938843,182.0823822
36079,B-220-1-10_masks.tif,8,5783,508.0416306,214.5466336,35.78688258,5.99511939,0.985990353,-78.40948673,3002.940688,423.0126232,0,0,,,
36080,B-220-1-10_masks.tif,9,10619,877.1959595,308.0934073,48.23099259,6.387872004,0.987670565,60.69292415,786.9504661,522.9820134,8632,0.812882569,187.2218475,191.4036102,176.0786591
36081,B-220-1-10_masks.tif,10,7368,514.7279221,224.3683334,43.95356069,5.10466797,0.980624052,4.620001993,2413.016015,644.6811889,0,0,,,
36082,B-220-1-10_masks.tif,11,12910,958.7523087,350.6733929,48.30448031,7.259645289,0.990467339,56.82632244,5292.796282,630.539117,11256,0.871882262,197.9251099,200.8577576,194.5589905
36083,B-220-1-10_masks.tif,12,11701,968.1665222,356.4779245,48.94790954,7.282801817,0.990528153,56.45339115,5267.532433,658.7434407,9160,0.782839074,202.0349274,203.706543,196.4822083
36084,B-220-1-10_masks.tif,13,13441,732.2253967,263.9382328,68.65659839,3.844324347,0.965575291,28.49498832,2652.39067,711.9809538,9610,0.714976564,189.5226898,187.7416229,176.0744019
36085,B-220-1-10_masks.tif,14,21700,1256.936075,445.8533093,67.69137231,6.586560356,0.988407496,36.91766484,2814.425207,816.4135023,10567,0.486958525,189.7590637,187.849823,173.998764
36086,B-220-1-10_masks.tif,15,16134,931.4386002,347.87436,61.75498248,5.633138349,0.984117024,28.19633757,2850.238255,764.39612,8895,0.551320193,194.5317535,192.5697632,170.2846527
36087,B-220-1-10_masks.tif,16,12702,1040.308658,365.5749628,47.12505931,7.75754913,0.991656727,53.68289884,383.4922847,764.6165958,8320,0.655014958,189.9556427,192.9847412,191.1652679
36088,B-220-1-10_masks.tif,17,15595,1001.338095,372.4947769,55.3028541,6.735543454,0.988917495,-29.91632186,3196.127284,832.1731965,6063,0.388778455,194.2228241,195.8955994,165.9353485
36089,B-220-1-10_masks.tif,18,8772,668.5269119,273.5783075,44.1091894,6.202297327,0.986916764,80.49260282,3042.449954,706.751026,0,0,,,
36090,B-220-1-10_masks.tif,19,10380,782.5269119,308.8755642,44.67231147,6.914250776,0.989485978,-85.01173584,905.8623314,718.1650289,8903,0.857707129,184.2520447,194.2253113,176.4723053
36091,B-220-1-10_masks.tif,20,20654,875.3553391,366.1669042,72.20589953,5.071149402,0.980364496,-6.744270427,2571.479423,900.9597172,11841,0.573302992,187.8479004,187.4741974,162.565918
36092,B-220-1-10_masks.tif,21,14973,690.2253967,242.1946534,80.44308161,3.010758024,0.943229301,60.41508084,3030.202631,789.2501837,8000,0.534295064,184.9024963,183.8946228,162.8093719
36093,B-220-1-10_masks.tif,22,4811,474.6690476,167.8210296,37.82923876,4.436278262,0.974263029,-40.56411278,1081.219705,800.3032634,0,0,,,
36094,B-220-1-10_masks.tif,23,8543,520.0832611,179.4766675,61.88002339,2.900397538,0.938683402,38.65015347,2688.312654,844.4161302,3951,0.462483905,193.8985138,190.1197205,195.2156372
36095,B-220-1-10_masks.tif,24,6927,462.5269119,173.5158852,51.90597501,3.342888466,0.954208451,-20.31978621,2090.332467,899.8101631,6770,0.977335066,193.7378082,194.1667633,158.9305725
36096,B-220-1-10_masks.tif,25,8962,665.2964646,242.0491883,49.91922398,4.84881713,0.978502308,-45.31801392,2177.580897,925.6284312,0,0,,,
36097,B-220-1-10_masks.tif,26,9987,777.9827561,299.6196779,44.31245241,6.761523265,0.989002968,20.94032493,5325.826274,1025.486032,0,0,,,
36098,B-220-1-10_masks.tif,27,12247,934.4264069,341.9411547,52.02818595,6.572229042,0.988356586,82.76676362,288.5266596,957.2599004,5426,0.443047277,190.8232574,194.7974548,192.4918976
36099,B-220-1-10_masks.tif,28,12916,716.2842712,288.0333633,58.32671708,4.938274906,0.979282291,1.864355268,2452.38402,1085.174203,0,0,,,
36100,B-220-1-10_masks.tif,29,17442,1007.480231,380.9936551,60.07479963,6.341987947,0.987490379,39.43034234,2951.787811,1131.814987,12414,0.711730306,187.8695068,189.356781,183.2352142
36101,B-220-1-10_masks.tif,30,6749,480.1837662,181.135274,48.29682535,3.750459222,0.963797853,24.03713753,2595.431916,1197.226848,3737,0.553711661,183.9641418,184.8876038,178.1321869
36102,B-220-1-10_masks.tif,31,15185,969.9238816,354.5760925,60.7805965,5.833705375,0.985198454,31.28341115,1748.857096,1275.731248,9910,0.652617715,192.4176636,192.7949524,182.0346069
36103,B-220-1-10_masks.tif,32,7409,487.8406204,175.5178333,55.18383386,3.18060238,0.94928866,41.49086446,2346.925631,1190.086111,2731,0.36860575,190.3427277,190.5668182,184.2189636
36104,B-220-1-10_masks.tif,33,13938,833.4558441,349.911255,51.82045196,6.752377522,0.988972992,0.283600987,2707.844598,1350.799541,4733,0.339575262,189.341217,190.6087036,185.3950958
36105,B-220-1-10_masks.tif,34,8452,548.8700577,221.2839529,50.61214499,4.372151249,0.973492166,81.58369231,2248.130738,1213.662802,0,0,,,
36106,B-220-1-10_masks.tif,35,11554,656.7695526,250.6246631,62.14344521,4.03300239,0.968771748,84.42528518,3136.872339,1312.354509,0,0,,,
36107,B-220-1-10_masks.tif,36,18116,894.7695526,355.2952914,68.11952109,5.215763202,0.981448394,81.24571278,2973.61603,1347.6449,0,0,,,
36108,B-220-1-10_masks.tif,37,24391,1327.07821,469.2748884,70.93397587,6.615657484,0.988509836,41.95812496,2257.288016,1514.743184,16433,0.673732114,184.3747406,185.5745697,171.3029938
36109,B-220-1-10_masks.tif,38,14522,890.9949494,318.5013469,58.82302504,5.414569323,0.982797411,46.63785007,3003.134761,1470.639306,4178,0.287701419,190.9241333,190.1342773,185.229538
36110,B-220-1-10_masks.tif,39,15686,818.5269119,359.5000132,57.81323579,6.218299464,0.986984458,-86.78686321,1325.43083,1444.716371,0,0,,,
36111,B-220-1-10_masks.tif,40,9417,678.8111832,241.4051671,51.65758321,4.673179659,0.976836494,-30.6856399,5213.220452,1511.251779,4915,0.521928427,191.0962372,200.0767059,192.0931854
36112,B-220-1-10_masks.tif,41,11127,810.2670273,275.7620598,52.59348445,5.243274195,0.981644376,41.07500085,2609.569785,1539.814955,0,0,,,
36113,B-220-1-10_masks.tif,42,8602,560.8700577,219.7909557,52.33039693,4.200062843,0.971242685,-84.11411719,1787.473262,1460.613927,0,0,,,
36114,B-220-1-10_masks.tif,43,5608,447.3553391,154.1612068,47.96555097,3.213998457,0.950364443,-24.65935921,844.7086305,1558.563481,5327,0.94989301,192.7146606,198.1719513,167.5537872
36115,B-220-1-10_masks.tif,44,12776,808.2253967,299.2681691,58.32360496,5.131167205,0.980825616,-68.68352186,1841.895507,1539.478006,0,0,,,
36116,B-220-1-10_masks.tif,45,11721,757.7401154,294.7010051,53.24839858,5.534457616,0.9835408,68.50516706,1338.622472,1596.235987,0,0,,,
36117,B-220-1-10_masks.tif,46,3078,364.2842712,117.4167714,39.79708603,2.950386148,0.940808465,-33.27882134,1141.420078,1599.663418,0,0,,,
36118,B-220-1-10_masks.tif,47,4318,352.2842712,119.5390161,47.3604629,2.524025501,0.918167465,-48.9961379,1051.915007,1616.942798,0,0,,,
36119,B-220-1-10_masks.tif,48,8853,659.6984848,257.9504649,49.74363803,5.185597096,0.981229856,-85.30231404,1291.29154,1679.893257,0,0,,,
36120,B-220-1-10_masks.tif,49,4539,523.8406204,177.0069159,37.20073872,4.75815594,0.977665834,-62.74692027,846.9548359,1712.538004,0,0,,,
36121,B-220-1-10_masks.tif,50,6353,479.0121933,171.3411413,48.51878665,3.531439122,0.959069533,-28.03953019,1490.844955,1764.674012,0,0,,,
36122,B-220-1-10_masks.tif,51,12483,646.5269119,249.5598065,64.63063786,3.861323589,0.965883072,-79.43267633,1902.160298,1731.844268,6947,0.556516863,185.4744568,187.3510895,154.2183685
36123,B-220-1-10_masks.tif,52,18240,1234.007143,437.332797,56.24207868,7.775900309,0.991696226,-39.9497139,4102.869572,1924.991118,10204,0.559429825,194.0327301,198.3726044,174.5064697
36124,B-220-1-10_masks.tif,53,12960,1059.722871,382.6578366,45.8506254,8.345749557,0.992795455,35.4044036,3843.743364,1979.426698,8163,0.629861111,193.5794373,195.7015839,188.8343811
36125,B-220-1-10_masks.tif,54,10959,726.1248917,255.1886506,56.20894995,4.540000317,0.975440227,-49.88483272,561.3404508,1947.241719,6593,0.601605986,184.8424072,190.45578,166.3352051
36126,B-220-1-10_masks.tif,55,6739,496.8700577,197.376796,44.58208657,4.427266895,0.97415676,9.260766287,1407.77697,1947.046149,0,0,,,
36127,B-220-1-10_masks.tif,56,6144,443.4558441,160.4381583,51.18636582,3.134392445,0.947740882,86.1093558,1918.85498,1980.623861,0,0,,,
36128,B-220-1-10_masks.tif,57,6358,536.7695526,208.065692,42.3947526,4.907817106,0.979021582,16.24363015,4518.778075,2088.0162,564,0.088707141,232.7836914,233.8067322,234.101059
36129,B-220-1-10_masks.tif,58,12355,747.1543289,273.9161896,59.12903689,4.632515664,0.976423123,70.75023098,1984.657305,2052.167786,5677,0.459490085,181.3864746,184.0015869,181.9679413
36130,B-220-1-10_masks.tif,59,19041,1023.882251,382.0945893,67.14787481,5.690345232,0.984437284,18.3395283,4611.401134,2199.128617,0,0,,,
36131,B-220-1-10_masks.tif,60,17096,1080.551299,387.0692157,57.962244,6.677954286,0.98872443,36.40203347,4512.419572,2183.033575,9748,0.570191858,195.0623779,196.748764,186.2736969
36132,B-220-1-10_masks.tif,61,12751,711.6984848,287.3762053,60.3814926,4.759342523,0.977677096,-88.60152405,124.8722453,2145.14195,7863,0.616657517,180.0960236,184.1802063,156.6441498
36133,B-220-1-10_masks.tif,62,9545,650.3259018,238.2833748,55.26560382,4.311603572,0.972731938,68.89845636,1785.630697,2247.21121,0,0,,,
36134,B-220-1-10_masks.tif,63,5306,509.4974747,183.7679584,37.94177395,4.843420306,0.978453846,-53.55808165,399.469657,2304.49755,0,0,,,
36135,B-220-1-10_masks.tif,64,10795,714.0832611,260.4269224,54.10847422,4.813052412,0.978178056,75.9574615,888.5823993,2324.75044,7516,0.696248263,184.545105,185.4104614,171.5649261
36136,B-220-1-10_masks.tif,65,24395,1182.225397,443.9051794,74.27815688,5.976254637,0.985901134,80.87514884,4405.400984,2344.559869,13353,0.547366264,191.8786011,194.3361816,174.1501465
36137,B-220-1-10_masks.tif,66,9728,827.5979797,313.5857093,42.17634578,7.435108555,0.990913997,-9.565912519,3719.495477,2521.901007,3370,0.346422697,186.3246307,195.018692,181.7335358
36138,B-220-1-10_masks.tif,67,10779,801.4558441,340.8656571,42.27648509,8.062771924,0.992278865,84.51907885,4506.288431,2429.819557,0,0,,,
36139,B-220-1-10_masks.tif,68,12441,935.2964646,338.5439825,49.89710952,6.784841563,0.989078845,70.29069522,4451.679286,2762.439595,0,0,,,
36140,B-220-1-10_masks.tif,69,10453,846.7695526,327.8686177,43.3419525,7.564694222,0.99122399,83.840629,4614.998948,2735.411365,0,0,,,
36141,B-220-1-10_masks.tif,70,9028,699.9411255,238.5185896,51.52623763,4.629070558,0.976387592,7.871909663,1390.680771,3236.621179,8827,0.977735933,192.0965271,196.4565582,184.4542847
36142,B-220-1-10_masks.tif,71,8327,942.7523087,306.3451373,38.68971474,7.917999378,0.991992788,36.68085961,4223.78888,3430.270085,0,0,,,
36143,B-220-1-11_masks.tif,1,13204,908.2670273,331.8006036,57.57891436,5.762536638,0.984827757,35.4692681,3542.137988,154.6914571,0,0,,,
36144,B-220-1-11_masks.tif,2,11676,826.7106781,282.7055521,54.7561092,5.162995622,0.981063571,61.10369769,1730.605173,82.20375128,6505,0.557125728,172.5246735,177.0055389,152.159256
36145,B-220-1-11_masks.tif,3,25592,1158.568542,440.8392387,80.09705978,5.503812997,0.983355448,83.57412553,3845.606908,99.5171538,12547,0.490270397,191.1829987,192.8398895,173.7879181
36146,B-220-1-11_masks.tif,4,25723,1204.651804,444.908245,76.26439421,5.833760952,0.985198738,64.1451475,3802.668779,240.1846596,15817,0.614897174,186.6981049,190.108551,172.1552124
36147,B-220-1-11_masks.tif,5,23676,1261.279221,447.1495581,71.06043631,6.292524805,0.987291669,34.77442016,2962.694459,368.9658304,10659,0.450202737,187.1126709,189.2185974,180.9689484
36148,B-220-1-11_masks.tif,6,21298,992.1837662,410.6067092,69.41767132,5.915017046,0.985605552,87.43024253,3389.504414,222.588506,7568,0.355338529,188.385437,191.3068237,168.752243
36149,B-220-1-11_masks.tif,7,8319,599.0121933,214.2175356,52.24626797,4.100149999,0.969802017,9.027667906,3714.13944,339.4423609,0,0,,,
36150,B-220-1-11_masks.tif,8,20049,905.0121933,356.4531552,75.91328485,4.695530643,0.977059071,-83.07372843,3512.258567,303.0607013,5451,0.271883884,208.136673,206.5951233,180.6270447
36151,B-220-1-11_masks.tif,9,10948,587.254834,180.6518277,81.33550732,2.221069662,0.892910848,59.74617047,2247.607874,344.1078736,5979,0.546127147,182.0349579,182.5977631,154.1222687
36152,B-220-1-11_masks.tif,10,23377,1155.379726,418.9247424,73.45404752,5.703222036,0.984508032,56.78116187,2567.859135,434.8331266,13666,0.584591693,186.0886078,187.7288818,166.9027557
36153,B-220-1-11_masks.tif,11,16364,915.254834,345.6846255,62.99659819,5.487353848,0.983254597,77.97590807,3522.721828,384.914813,363,0.02218284,241.3278198,226.1267242,242.0330505
36154,B-220-1-11_masks.tif,12,9476,549.7401154,189.7410272,64.6869239,2.933220746,0.940091522,50.78120671,3104.767307,402.1732799,0,0,,,
36155,B-220-1-11_masks.tif,13,23849,1100.468037,403.1197231,80.02098301,5.03767522,0.980100025,74.61967783,3388.23372,414.4224076,11364,0.476497966,196.8671265,191.4671783,174.8245392
36156,B-220-1-11_masks.tif,14,18714,1159.480231,433.3539527,57.60111423,7.523360589,0.99112686,28.34723722,2892.177621,595.7653628,0,0,,,
36157,B-220-1-11_masks.tif,15,24947,1073.39697,411.9358634,79.92973691,5.153724751,0.980994721,77.87192898,3787.181144,523.4176053,15690,0.628933339,190.7125549,193.9871826,173.8249817
36158,B-220-1-11_masks.tif,16,6460,401.2132034,150.9484138,55.31978671,2.728651406,0.930425376,82.74435506,3430.241022,488.7924149,5425,0.839783282,191.1045227,192.3292236,160.6894073
36159,B-220-1-11_masks.tif,17,13678,773.6396103,270.1272892,67.70194247,3.989948875,0.96808301,-29.80734301,3093.434932,642.069747,0,0,,,
36160,B-220-1-11_masks.tif,18,12816,908.2670273,334.3747029,49.95036594,6.694139204,0.988779197,-59.62192687,3926.628979,630.6375624,3785,0.295333958,199.4332886,202.7849426,170.3915405
36161,B-220-1-11_masks.tif,19,13227,892.1248917,336.887435,52.36870245,6.432991831,0.987843972,66.08384268,2775.237318,682.593105,0,0,,,
36162,B-220-1-11_masks.tif,20,15059,1037.965512,366.2842668,54.45200617,6.726735938,0.988888291,52.08350468,4131.081546,716.3454413,0,0,,,
36163,B-220-1-11_masks.tif,21,27346,1053.254834,428.7607693,82.91723013,5.170949013,0.981122339,-82.42695555,3474.539604,683.5617641,11225,0.410480509,189.1809387,186.9415588,161.005249
36164,B-220-1-11_masks.tif,22,13689,738.7106781,270.2387742,65.73655749,4.110935901,0.969962721,33.56001457,2468.41632,841.081014,4565,0.333479436,181.3526764,183.890686,174.3997803
36165,B-220-1-11_masks.tif,23,22656,1023.012193,416.0559994,71.36048499,5.830341532,0.985181241,-7.841769524,2340.816472,996.8101607,9633,0.425185381,201.0580292,201.4272766,177.6842041
36166,B-220-1-11_masks.tif,24,11594,720.1837662,290.0817443,54.062433,5.365680532,0.982479696,73.78232089,2634.400725,893.7808349,0,0,,,
36167,B-220-1-11_masks.tif,25,13449,776.5269119,315.6716976,58.23711296,5.420455814,0.98283508,-89.59342329,3573.558926,910.3039631,0,0,,,
36168,B-220-1-11_masks.tif,26,26919,1174.669048,483.6931347,74.97524219,6.45137142,0.98791356,8.934595765,3390.697166,1138.802816,17585,0.653256064,197.4762573,198.3583221,180.2187653
36169,B-220-1-11_masks.tif,27,15370,1133.03658,393.4179447,55.34853448,7.108010147,0.990054216,45.33116029,3548.839037,1053.327066,5136,0.33415745,196.5194702,198.6725006,191.3695526
36170,B-220-1-11_masks.tif,28,18843,1164.450793,427.7413581,67.12415564,6.372390893,0.987610209,52.52961983,3708.412514,1118.783474,9473,0.50273311,196.072525,200.1602478,193.2804871
36171,B-220-1-11_masks.tif,29,14707,1101.012193,422.8052642,53.23048055,7.942916537,0.992043148,-4.82584008,4010.107976,1304.040593,6543,0.444890188,206.1152344,209.3255463,202.0932312
36172,B-220-1-11_masks.tif,30,21029,1104.894444,382.2571922,73.22561327,5.220266176,0.981480687,34.34719716,2292.640021,1250.050264,13911,0.661515051,190.526123,191.6537933,172.6504974
36173,B-220-1-11_masks.tif,31,8727,571.7401154,205.9942051,54.88493624,3.753201137,0.963851721,55.95863202,2840.819755,1141.40094,2898,0.332072877,187.046936,192.4903412,181.2746735
36174,B-220-1-11_masks.tif,32,20314,1094.409163,399.9107653,67.37680846,5.935436456,0.98570514,30.3265955,2445.487693,1342.522546,11430,0.562666142,187.6385803,189.4249268,172.5617676
36175,B-220-1-11_masks.tif,33,13501,877.1959595,320.983394,56.45354729,5.68579672,0.984412177,27.36962124,2143.831272,1340.12925,7402,0.548255685,191.9910889,191.7756042,187.1729279
36176,B-220-1-11_masks.tif,34,12171,710.5269119,293.9993132,55.08011912,5.337666619,0.982293647,-1.491077438,2054.435461,1348.413688,0,0,,,
36177,B-220-1-11_masks.tif,35,30475,1655.07821,621.9772504,73.33643111,8.481149696,0.993024459,29.20218766,2012.852666,1508.698901,267,0.00876128,229.8164825,236.7116089,230.2471924
36178,B-220-1-11_masks.tif,36,15153,887.3969696,331.005586,60.56912251,5.464922923,0.983115668,-71.36295238,2691.234013,1297.788425,6727,0.443938494,195.8575897,200.2067719,176.3760986
36179,B-220-1-11_masks.tif,37,17054,956.9949494,336.3342067,67.88099891,4.954762188,0.979421386,38.20644316,2248.490325,1405.820335,10659,0.625014659,196.4509735,195.802887,184.5661926
36180,B-220-1-11_masks.tif,38,18035,1053.823376,388.4596211,62.15634637,6.249717749,0.987115843,55.57144716,2415.691101,1445.690324,85,0.004713058,212.3176422,216.5764771,207.9647064
36181,B-220-1-11_masks.tif,39,16532,776.1837662,299.9721308,71.90228666,4.17194146,0.970847857,-10.93636257,2804.969514,1507.028127,8818,0.533389789,197.4131317,200.2924652,176.0780182
36182,B-220-1-11_masks.tif,40,11822,841.0954544,297.0089814,51.62291563,5.753432905,0.984779334,37.59955877,4133.468956,1486.526053,4211,0.356200305,194.5074768,197.9814758,188.5711212
36183,B-220-1-11_masks.tif,41,8190,521.4558441,202.3098368,52.38738722,3.861804292,0.965891715,-7.03365123,3956.186569,1498.429304,0,0,,,
36184,B-220-1-11_masks.tif,42,7614,526.2842712,205.1352638,49.90756713,4.11030382,0.969953339,6.638214729,2733.188337,1518.240741,0,0,,,
36185,B-220-1-11_masks.tif,43,27923,1281.195959,493.6153494,73.6266087,6.704306475,0.988813396,17.12364042,2009.214912,1679.695878,11306,0.404899187,200.3176117,199.07341,178.3838654
36186,B-220-1-11_masks.tif,44,23765,1173.296465,456.4729368,67.3723306,6.775376964,0.989048143,74.79469844,2285.696697,1554.077761,12435,0.523248475,189.4865265,190.9494171,175.7675934
36187,B-220-1-11_masks.tif,45,9390,695.2132034,299.0448109,42.47780477,7.040025078,0.989860209,-1.57909283,1925.616294,1652.353887,0,0,,,
36188,B-220-1-11_masks.tif,46,8688,602.5269119,242.3589143,48.36008932,5.011548111,0.979889857,12.67538392,2705.415631,1627.830341,4560,0.524861878,184.9274139,188.2311401,180.5644684
36189,B-220-1-11_masks.tif,47,15852,843.9411255,338.5244964,61.14317154,5.536587126,0.983553564,-8.472840335,1271.998423,1723.876419,0,0,,,
36190,B-220-1-11_masks.tif,48,19238,969.3380951,344.2885902,73.23103714,4.701402624,0.977117012,55.71908144,2578.229442,1709.091226,11469,0.596163842,191.1183167,191.0237122,171.8470612
36191,B-220-1-11_masks.tif,49,7772,652.0416306,258.7228119,40.15326382,6.443381864,0.987883384,88.2464002,1426.007591,1807.313304,0,0,,,
36192,B-220-1-11_masks.tif,50,9106,630.0832611,228.9866078,53.42347597,4.286254379,0.972403864,67.12026036,1387.261476,2091.345926,0,0,,,
36193,B-220-1-11_masks.tif,51,12744,788.2253967,282.7248377,59.6586862,4.739038952,0.977483202,67.52783263,1523.712414,2107.251883,0,0,,,
36194,B-220-1-11_masks.tif,52,14164,837.254834,337.6009772,57.17205466,5.904999903,0.985556315,-13.86502919,1830.075614,2276.7793,0,0,,,
36195,B-220-1-11_masks.tif,53,24194,1070.568542,424.3530913,74.92788554,5.663486808,0.984288145,-14.97693037,1731.799868,2373.328181,12272,0.507233198,196.5488129,197.3076172,175.748703
36196,B-220-1-11_masks.tif,54,10185,583.1126984,222.8004629,61.3898809,3.62927016,0.961290326,4.272143691,1815.213255,2547.216102,0,0,,,
36197,B-220-1-11_masks.tif,55,10257,533.2132034,220.1573957,60.3917414,3.645488448,0.961640843,-2.860482393,1762.152579,2548.678366,0,0,,,
36198,B-220-1-11_masks.tif,56,14384,734.8700577,307.38824,63.06938356,4.873810756,0.97872462,1.57975697,1640.428393,2656.499096,0,0,,,
36199,B-220-1-11_masks.tif,57,18116,1030.953319,385.7550892,61.66088121,6.256074866,0.987142185,69.62000825,2855.985814,2591.643299,8614,0.475491278,185.2023468,185.716629,163.5402832
36200,B-220-1-11_masks.tif,58,10499,560.5269119,203.1334908,66.73776215,3.043756401,0.944489569,6.195709833,1708.596628,2658.750167,0,0,,,
36201,B-220-1-11_masks.tif,59,9034,638.8700577,266.9453353,44.88225329,5.947681228,0.985764363,-88.11209101,2148.860306,2591.733562,3512,0.388753598,191.8510895,195.664856,170.8023987
36202,B-220-1-11_masks.tif,60,16191,905.9238816,317.1408287,67.84053541,4.674798434,0.976852723,-35.61140949,1508.230684,2705.443456,10360,0.639861652,204.1165009,207.7961426,181.6641846
36203,B-220-1-11_masks.tif,61,25522,1339.23759,519.0037631,64.79562309,8.009858356,0.992176112,21.70322672,1861.621542,2856.054855,14955,0.58596505,189.377594,190.3551941,177.5328674
36204,B-220-1-11_masks.tif,62,13612,967.0538239,364.910643,56.89743321,6.413481637,0.987769442,20.20534298,1801.104099,2840.1639,0,0,,,
36205,B-220-1-11_masks.tif,63,10118,660.2842712,271.9312553,50.26067264,5.410418147,0.982770772,-3.603336112,1979.589543,2813.100712,6001,0.593101403,199.6267242,202.0901489,191.6160583
36206,B-220-1-11_masks.tif,64,16711,1137.722871,416.9487736,52.12674314,7.99874975,0.99215428,57.58383795,2179.276465,2833.836994,5589,0.334450362,181.2644501,182.2707062,180.5253143
36207,B-220-1-11_masks.tif,65,10988,662.8700577,268.7821826,53.53272188,5.02089513,0.979965427,1.225824687,1934.563342,2849.208682,545,0.049599563,221.2293549,227.0697174,215.5596313
36208,B-220-1-11_masks.tif,66,16017,819.9411255,338.759642,61.09865027,5.54447014,0.983600687,2.687723225,1355.87251,2921.454642,8646,0.539801461,191.9957275,194.0146942,182.4703979
36209,B-220-1-11_masks.tif,67,8817,548.5269119,221.9688863,52.4702577,4.230375379,0.971659317,-12.45487753,2018.88749,2859.090167,2365,0.268231825,196.3128967,197.6054993,181.6283264
36210,B-220-1-11_masks.tif,68,23569,1076.669048,435.7139778,72.39097664,6.018899013,0.986101612,-6.693718582,2757.553099,3164.395477,11059,0.469218041,194.96492,198.9028778,177.855957
36211,B-220-1-11_masks.tif,69,10635,907.3969696,360.7667346,40.52411372,8.902520043,0.993671212,18.45257737,2884.735778,3182.848707,0,0,,,
36212,B-220-1-11_masks.tif,70,20148,983.3969696,379.189712,69.62473835,5.446192273,0.982998325,74.26729812,3187.884257,3106.705231,11595,0.575491364,191.4595032,194.550415,173.5161743
36213,B-220-1-11_masks.tif,71,19973,1052.870058,454.8010473,58.08708089,7.829641985,0.991810296,87.85172643,2497.597457,3115.32569,5715,0.286136284,188.7471619,190.335434,160.3347321
36214,B-220-1-11_masks.tif,72,18878,827.0121933,319.9550994,77.20911558,4.144006792,0.970447501,89.30962421,1857.293516,3160.017322,0,0,,,
36215,B-220-1-11_masks.tif,73,16735,833.1543289,323.0005144,69.49110207,4.648084499,0.976582691,69.69596336,2564.63663,3196.331341,7272,0.434538393,184.0297089,184.1339417,163.8388367
36216,B-220-1-11_masks.tif,74,15309,821.9827561,309.3475497,66.35210565,4.662211495,0.976726078,20.74858504,3074.025214,3332.25018,8670,0.566333529,186.0100403,188.6017303,169.2815399
36217,B-220-1-11_masks.tif,75,20967,1146.267027,416.5778447,66.42663677,6.271246971,0.987204726,68.68838852,2119.025516,3289.376496,10823,0.516192111,192.8379364,194.3312378,180.5112305
36218,B-220-1-11_masks.tif,76,16294,986.6101731,379.4606564,56.06027468,6.768797666,0.989026724,23.41815038,2585.294341,3401.080152,8270,0.507548791,191.5912933,194.9111176,190.5744934
36219,B-220-1-11_masks.tif,77,10465,641.8406204,246.8990128,54.70468095,4.513306878,0.975145144,71.1344363,1356.466985,3287.066985,0,0,,,
36220,B-220-1-11_masks.tif,78,18045,1030.953319,393.1764394,63.49368727,6.192370554,0.986874505,-21.33361532,1469.848601,3454.583984,9694,0.537212524,201.8486633,205.2524261,188.6372986
36221,B-220-1-11_masks.tif,79,26725,1248.107648,452.3844158,77.69114548,5.822856813,0.985142833,53.79592156,2478.884677,3463.903162,11387,0.426080449,186.8493958,187.3353882,166.6538086
36222,B-220-1-11_masks.tif,80,8333,651.8406204,254.112904,43.11495618,5.893845814,0.985501192,17.83991871,3025.342374,3462.287532,3572,0.428657146,194.1438904,198.2984314,191.4745178
36223,B-220-1-11_masks.tif,81,18810,1081.480231,382.7999989,67.75279309,5.649951559,0.98421217,57.97398677,2321.426635,3434.074056,6967,0.370388091,190.0337372,190.9717255,192.5119781
36224,B-220-1-11_masks.tif,82,11947,833.7817459,305.669359,63.38282393,4.822589781,0.978265241,38.26378737,2921.492509,3494.824391,0,0,,,
36225,B-220-1-11_masks.tif,83,8451,564.0416306,231.2073136,47.25692426,4.892559498,0.978889121,9.889009536,1559.918116,3525.932079,0,0,,,
36226,B-220-1-11_masks.tif,84,8039,526.7695526,197.2124783,53.51467971,3.685203376,0.962479206,20.67998829,3016.222913,3559.401916,0,0,,,
36227,B-220-1-11_masks.tif,85,5962,618.0416306,277.9266959,30.33776456,9.161080256,0.994024474,86.87693156,2545.239349,3628.062731,0,0,,,
36228,B-220-1-12_masks.tif,1,11527,890.0832611,355.1112054,44.41083619,7.996048618,0.992148957,12.72495883,2634.137937,1870.90917,0,0,,,
36229,B-220-1-12_masks.tif,2,18462,1198.669048,482.1702836,63.62215225,7.578654078,0.991256433,-1.431713668,5085.632759,2048.702632,0,0,,,
36230,B-220-1-12_masks.tif,3,20357,1041.154329,404.6233962,65.7305975,6.155784545,0.986716969,11.5498082,2575.532102,2079.766911,0,0,,,
36231,B-220-1-12_masks.tif,4,15744,872.1837662,337.152567,61.25888573,5.503733262,0.983354962,89.32232134,2850.602261,2108.113249,0,0,,,
36232,B-220-1-12_masks.tif,5,23520,1048.225397,402.1855116,75.92117404,5.297409013,0.982021033,-73.35956084,2711.378954,2296.963648,0,0,,,
36233,B-220-1-12_masks.tif,6,5860,485.1126984,145.5487526,61.588959,2.363228004,0.90605963,-85.26826603,2908.768601,2708.29727,0,0,,,
36234,B-220-1-12_masks.tif,7,11541,745.9411255,302.322889,49.94638894,6.052947879,0.98625862,80.48152669,3808.370072,3130.950957,0,0,,,
36235,B-220-1-12_masks.tif,8,13630,885.9827561,324.2235121,62.2780068,5.20606758,0.981378574,-75.73741642,3861.429787,3260.322524,0,0,,,
36236,B-220-1-12_masks.tif,9,21586,1054.669048,405.4601357,76.25831476,5.316930187,0.982154008,87.75405403,3704.191791,3331.700361,0,0,,,
36237,B-220-1-12_masks.tif,10,16500,982.1837662,422.1070004,63.01395408,6.698627417,0.988794313,-86.7670837,3584.514788,3406.641091,0,0,,,
36238,B-220-1-13_masks.tif,1,10592,674.6690476,260.0569371,53.7636417,4.837040962,0.978396348,18.22305696,1515.991031,132.5563633,4848,0.457703927,182.2064819,181.930481,177.3294067
36239,B-220-1-13_masks.tif,2,19216,843.3969696,308.4759196,80.69004632,3.822973633,0.965182751,-22.60584398,1849.063489,140.0112406,13342,0.694317236,195.3443298,198.0856628,178.8331604
36240,B-220-1-13_masks.tif,3,9296,672.627417,282.7801398,45.57520249,6.204692999,0.986926932,0.819406696,1432.583369,176.0517427,0,0,,,
36241,B-220-1-13_masks.tif,4,13658,834.2842712,359.5416623,49.22369718,7.304239277,0.990583933,0.410758427,2397.07168,182.9163128,0,0,,,
36242,B-220-1-13_masks.tif,5,18553,1093.4386,403.0274249,66.17925034,6.089936389,0.986426181,67.55619195,1194.569396,142.4356708,14877,0.801864928,191.5192566,194.430603,188.1260986
36243,B-220-1-13_masks.tif,6,9434,718.1248917,254.2788018,50.66633299,5.018693614,0.979947666,-35.15364725,2710.718783,206.994488,0,0,,,
36244,B-220-1-13_masks.tif,7,17718,1057.965512,369.4100061,63.28627074,5.837127102,0.985215932,-42.53461863,2600.52997,232.6072356,15068,0.850434586,199.9298553,202.2308807,186.7527161
36245,B-220-1-13_masks.tif,8,20849,1099.254834,441.3690945,64.07910177,6.887878922,0.989404882,-85.22526836,938.2014005,252.0368843,16133,0.773802101,189.07724,194.0106049,180.165802
36246,B-220-1-13_masks.tif,9,9009,673.2964646,242.97443,49.79917901,4.879085053,0.978771091,39.63771427,1737.279054,340.2094572,0,0,,,
36247,B-220-1-13_masks.tif,10,10297,709.9827561,258.7374114,56.07365149,4.614242243,0.976233736,25.34715667,1081.048072,401.1559678,1144,0.11110032,233.2971954,228.699295,233.2395172
36248,B-220-1-13_masks.tif,11,20596,1269.764502,451.7939306,65.6496024,6.881898963,0.989386362,47.04278245,1003.542678,421.5967664,18759,0.910807924,193.7822418,194.6566467,187.8899689
36249,B-220-1-13_masks.tif,12,16124,968.7695526,380.9246208,57.82307488,6.587761402,0.988411747,-86.36973906,355.451811,329.907157,10009,0.620751675,187.8761139,193.2790527,170.9860077
36250,B-220-1-13_masks.tif,13,8903,610.4264069,230.6372385,49.9292142,4.619284364,0.976286221,69.04253189,764.5869931,364.7504212,0,0,,,
36251,B-220-1-13_masks.tif,14,12593,739.5391052,271.472404,61.21103442,4.435023955,0.974248277,-38.79215864,2517.129596,418.3961725,8985,0.713491622,199.9176331,202.5079651,185.5971069
36252,B-220-1-13_masks.tif,15,23593,882.7695526,361.1406143,84.36999166,4.280439137,0.972327764,-87.44120319,1261.315984,365.9470182,19242,0.815580893,193.6749878,196.7860413,183.1829376
36253,B-220-1-13_masks.tif,16,18455,1090.208153,384.3073362,63.90147019,6.014060945,0.986079084,46.21183288,1027.835871,511.8766188,13488,0.730858846,196.167923,193.3154602,187.8312531
36254,B-220-1-13_masks.tif,17,19279,1084.066017,400.4908748,62.98680728,6.358329499,0.987555003,-57.51787109,2317.978578,472.1838788,15756,0.817262306,197.8744659,201.0174561,182.9541779
36255,B-220-1-13_masks.tif,18,8082,658.5269119,273.8087196,39.00091516,7.020571657,0.989803648,-80.63514462,183.7847068,402.9034892,0,0,,,
36256,B-220-1-13_masks.tif,19,11508,721.5979797,281.4190138,53.2041315,5.289420312,0.981966185,-14.29341915,1352.749479,554.2352277,0,0,,,
36257,B-220-1-13_masks.tif,20,26897,1045.59798,423.9820004,82.65194416,5.129728099,0.980814751,88.74900401,1839.247648,506.5832249,18242,0.678216902,193.1385803,195.4965515,178.1580353
36258,B-220-1-13_masks.tif,21,17127,993.4386002,377.8565697,59.23266417,6.379192546,0.987636781,-64.34072548,2041.714895,562.2805512,8778,0.512524085,192.5108185,199.8318481,194.1694031
36259,B-220-1-13_masks.tif,22,18151,1073.480231,385.303194,61.66930139,6.247892961,0.987108267,55.83256432,2786.152994,611.1059997,13195,0.726957192,193.1837769,194.0485077,182.7104187
36260,B-220-1-13_masks.tif,23,12236,679.1126984,278.5283312,56.84588607,4.899709556,0.978951352,-80.39206813,2511.695325,547.6618993,0,0,,,
36261,B-220-1-13_masks.tif,24,4274,457.5563492,185.1066555,30.97871471,5.975285201,0.985896526,0.644636526,5001.027141,700.9756668,2623,0.61371081,190.5142975,201.1864319,187.0007629
36262,B-220-1-13_masks.tif,25,17410,773.882251,271.8741631,83.56449462,3.253465056,0.951591824,30.04272088,2222.874383,772.8917289,11501,0.660597358,201.4849091,199.1493835,190.6836853
36263,B-220-1-13_masks.tif,26,20707,1097.23759,399.3326803,68.63235233,5.818432077,0.985120056,59.70576466,2366.867774,758.8609166,18873,0.911430917,197.243042,195.4950409,186.5858612
36264,B-220-1-13_masks.tif,27,15893,806.4264069,318.0572486,65.14219365,4.882507492,0.978801164,79.35904119,2403.746178,684.9619329,13682,0.860882149,200.8213043,201.8615723,190.9910889
36265,B-220-1-13_masks.tif,28,12054,702.8700577,285.3219905,54.87976376,5.199038243,0.981327707,0.620812964,2659.09557,791.8509209,11259,0.934046789,197.5053711,196.3430176,180.683548
36266,B-220-1-13_masks.tif,29,21502,1201.279221,402.4736214,72.04600826,5.586341716,0.983847614,41.57206856,2373.757557,868.5119989,15685,0.729467026,190.8759918,188.8254395,181.0172729
36267,B-220-1-13_masks.tif,30,8192,805.1959595,259.4970223,41.87509665,6.196929514,0.986893938,50.00559276,5190.052246,856.5095215,8046,0.982177734,193.5180206,204.5840149,195.6063843
36268,B-220-1-13_masks.tif,31,22099,1139.865007,409.1417304,70.55558662,5.798856618,0.98501866,50.10759044,2562.806236,953.1696457,19164,0.867188561,196.5433655,197.1675568,188.7641907
36269,B-220-1-13_masks.tif,32,27119,1219.053824,475.7593943,75.96075679,6.263226098,0.98717172,-13.08240074,645.6173163,1090.407832,22060,0.813451823,194.4456482,195.6007233,180.2825012
36270,B-220-1-13_masks.tif,33,24177,1107.84062,461.1649131,72.93976282,6.322544731,0.98741283,86.58120945,1833.808537,931.9523514,17380,0.718865037,192.1162262,195.1919403,182.0822754
36271,B-220-1-13_masks.tif,34,12003,733.9411255,287.3008354,57.01078019,5.039412449,0.980113882,-3.855336045,570.0615679,1137.949846,0,0,,,
36272,B-220-1-13_masks.tif,35,22148,959.254834,386.818849,75.33577602,5.134596994,0.980851473,8.579543526,479.8687918,1430.331226,15315,0.691484558,193.5089111,193.0166473,181.0836487
36273,B-220-1-13_masks.tif,36,16655,901.8406204,358.9429927,61.90583462,5.798209407,0.98501529,10.3142679,586.6951666,1512.331972,10462,0.628159712,183.5216064,184.2914429,181.6133575
36274,B-220-1-13_masks.tif,37,23463,1074.953319,400.2608732,77.13097638,5.189366089,0.981257372,-18.82557027,2001.799472,1536.98943,17712,0.754890679,201.3675995,202.4558563,188.3109741
36275,B-220-1-13_masks.tif,38,27078,1294.953319,508.3237458,71.09563111,7.14985911,0.990170879,-74.13012023,2298.655883,1448.775574,17188,0.634758845,202.7041473,205.3470459,192.4618378
36276,B-220-1-13_masks.tif,39,26021,1245.764502,425.0369482,81.23066984,5.232468833,0.981567775,-41.57770884,1852.821144,1616.508128,18351,0.705238077,200.8622894,202.8090057,187.3338776
36277,B-220-1-13_masks.tif,40,14467,822.5685425,314.6474518,60.85052008,5.170826008,0.981121432,-69.45643251,4749.356397,1635.154559,11664,0.806248704,191.3503113,195.0137177,174.978302
36278,B-220-1-13_masks.tif,41,17908,970.509668,356.6718952,65.43114029,5.451103154,0.983029209,-30.21352149,441.248939,1758.846605,12160,0.679026134,195.4203949,199.3111877,186.9209747
36279,B-220-1-13_masks.tif,42,19455,986.6101731,359.1562716,70.10930165,5.122804865,0.980762351,-64.03809213,3176.888615,1701.37173,15828,0.813569776,199.9171143,202.2613068,186.0242004
36280,B-220-1-13_masks.tif,43,18601,1168.610173,432.5005105,57.26506752,7.552606313,0.99119575,-70.76570623,4782.169346,1690.140154,6553,0.352292887,193.4460602,191.8951569,165.8339691
36281,B-220-1-13_masks.tif,44,11136,721.3553391,281.8578669,52.69703576,5.348647468,0.982366927,85.64879854,2652.540948,1668.232579,0,0,,,
36282,B-220-1-13_masks.tif,45,8301,543.4974747,189.1521751,56.5277419,3.346183109,0.954300737,56.39192602,606.3769425,1734.026864,1231,0.148295386,180.6295624,176.5036621,174.1454163
36283,B-220-1-13_masks.tif,46,23540,1204.107648,400.5284995,79.05904714,5.066194369,0.980325682,47.96247217,5024.447918,1853.43921,20247,0.86011045,189.2994537,192.440506,171.9410248
36284,B-220-1-13_masks.tif,47,14190,923.3380951,327.6134008,61.47480151,5.329230722,0.982237039,-42.44759268,850.1085976,1836.759479,7076,0.498661029,195.2628632,198.7946625,180.4826202
36285,B-220-1-13_masks.tif,48,10485,604.5269119,241.0273867,57.54404428,4.188572245,0.971082336,-14.34869763,474.3459227,1865.77587,0,0,,,
36286,B-220-1-13_masks.tif,49,11652,691.4974747,237.8277081,64.35644035,3.695476425,0.962691561,-70.10366263,4294.911603,1798.568915,10615,0.911002403,193.2728271,196.8967438,174.6076355
36287,B-220-1-13_masks.tif,50,21599,1079.379726,383.8255819,72.83094414,5.270089334,0.981832418,-38.13893777,929.4357609,1958.895319,14469,0.669892125,195.4081879,199.4520721,185.0987701
36288,B-220-1-13_masks.tif,51,22527,1181.781746,467.5968259,64.85826646,7.209517791,0.990333669,-72.45112399,1387.787633,1865.402495,16861,0.748479602,198.2415009,201.8641205,188.2214508
36289,B-220-1-13_masks.tif,52,7411,497.4558441,196.0276843,49.55785682,3.955531916,0.967515814,77.43510061,3150.850223,1842.096478,3625,0.489137768,189.8565521,194.7073059,189.8957214
36290,B-220-1-13_masks.tif,53,10338,842.8111832,325.5849715,51.49192824,6.323029311,0.987414772,66.20847327,4692.494486,1903.481621,605,0.058521958,238.9421539,246.6396637,229.699173
36291,B-220-1-13_masks.tif,54,12747,655.3969696,229.4827143,72.43393774,3.168165662,0.948878998,49.6078955,313.6016318,1920.4747,10337,0.810935906,195.4397736,196.593399,182.581604
36292,B-220-1-13_masks.tif,55,22782,1394.492424,499.7936013,62.80425025,7.957958248,0.992073319,51.0792579,1246.26837,2059.11891,14081,0.618075674,191.3852692,190.9365082,183.9537659
36293,B-220-1-13_masks.tif,56,8991,591.0121933,212.2356313,56.89056263,3.730594698,0.963403951,19.40867002,2798.013458,2011.40218,0,0,,,
36294,B-220-1-13_masks.tif,57,21968,947.6812409,324.5525752,88.23447159,3.678296807,0.962335412,-29.60529924,995.4734614,2077.559541,15225,0.693053532,195.8877563,198.3014832,180.5029297
36295,B-220-1-13_masks.tif,58,12619,821.1126984,345.4376907,47.6409218,7.250860765,0.990444116,80.72928576,4665.793961,1959.445836,8169,0.64735716,193.9482117,198.4703217,183.5066681
36296,B-220-1-13_masks.tif,59,16502,948.1665222,340.5303462,66.67683009,5.107176596,0.98064327,48.77038378,220.1147134,2062.970064,9914,0.600775664,188.1620941,190.306839,190.6781311
36297,B-220-1-13_masks.tif,60,12196,658.9116882,244.7729217,64.17665898,3.814048995,0.965016664,63.95146523,505.3672516,2024.225976,267,0.021892424,187.3108673,194.7827759,203.5580597
36298,B-220-1-13_masks.tif,61,19290,1015.095454,364.8658133,68.38782847,5.335244903,0.982277424,-26.73741269,3928.730845,2136.085537,12807,0.663919129,191.9002075,195.6201324,176.5085449
36299,B-220-1-13_masks.tif,62,11752,647.1543289,228.5471975,66.66179983,3.428458249,0.956517088,61.50887961,378.8521103,2082.516593,0,0,,,
36300,B-220-1-13_masks.tif,63,13948,789.9411255,327.8493322,56.84050041,5.76788258,0.984856085,4.732046599,1608.805492,2194.774591,6546,0.469314597,191.4365997,192.6109009,189.3603668
36301,B-220-1-13_masks.tif,64,9926,640.6690476,233.9844573,55.59054224,4.209069526,0.971367437,20.32735451,2791.827322,2145.944187,0,0,,,
36302,B-220-1-13_masks.tif,65,22381,949.0954544,335.8538812,86.33031876,3.890335239,0.966398835,-54.82160045,1045.767973,2184.832894,15623,0.698047451,197.2269135,200.9623566,181.6406555
36303,B-220-1-13_masks.tif,66,12832,1050.651804,371.5292005,48.35677289,7.683085084,0.991493521,32.42148016,1907.906718,2245.559383,4248,0.331047382,195.2245789,196.1812592,194.5247192
36304,B-220-1-13_masks.tif,67,19872,964.9116882,357.2116311,73.58541067,4.854381158,0.978552101,-79.21718723,720.9400161,2158.90625,11152,0.561191626,193.5117493,196.3478241,178.8812714
36305,B-220-1-13_masks.tif,68,5024,417.9411255,154.2387387,42.34292176,3.642609729,0.961578978,-29.91440385,2399.941282,2182.09574,0,0,,,
36306,B-220-1-13_masks.tif,69,13281,880.1248917,341.5334928,52.68701189,6.482309027,0.98802935,-62.44867095,1126.902944,2216.154808,0,0,,,
36307,B-220-1-13_masks.tif,70,17280,1007.154329,393.2190503,67.37069173,5.836648552,0.98521349,79.77407312,3648.032639,2213.86684,10671,0.617534722,195.6355591,197.9931641,194.1711121
36308,B-220-1-13_masks.tif,71,11821,834.3675324,313.1052237,51.42336401,6.088773647,0.98642096,-60.91768069,1159.196007,2246.669233,519,0.043904915,242.0423889,230.951828,231.179184
36309,B-220-1-13_masks.tif,72,14004,798.7695526,306.6926893,61.7349789,4.967891701,0.979531151,-82.89892407,187.5207798,2226.990003,0,0,,,
36310,B-220-1-13_masks.tif,73,17693,861.2964646,312.1170099,74.1155093,4.211223978,0.971397158,-66.66323964,1272.772791,2261.887187,14437,0.815972418,197.5952759,200.1403351,182.6525574
36311,B-220-1-13_masks.tif,74,21837,1070.267027,390.9749845,72.94768674,5.359662546,0.982439978,66.0451613,3032.470165,2282.695379,13313,0.609653341,200.628479,198.8850708,184.9282684
36312,B-220-1-13_masks.tif,75,17133,1120.994949,364.9887353,64.42253861,5.665544127,0.984299644,-27.84738144,3326.99463,2375.037121,201,0.011731746,220.4029846,217.0447693,213.1343231
36313,B-220-1-13_masks.tif,76,12502,623.3553391,240.8577195,67.08976405,3.590081481,0.960423118,-78.27846333,542.1392577,2240.398976,0,0,,,
36314,B-220-1-13_masks.tif,77,16025,759.5391052,266.679592,78.16598471,3.41170898,0.956079266,35.16014217,734.3357878,2334.766927,11184,0.697909516,189.9142456,190.6144562,176.3609619
36315,B-220-1-13_masks.tif,78,13075,835.4974747,333.5544409,54.99807023,6.064838994,0.986312826,-72.87618478,4055.605736,2284.041224,6684,0.511204589,186.0076294,189.8625031,167.8405151
36316,B-220-1-13_masks.tif,79,15289,1022.710678,360.3013751,57.60294468,6.254912438,0.987137374,71.50307352,2796.991563,2312.29531,7978,0.521813068,207.118454,207.8578644,205.7553253
36317,B-220-1-13_masks.tif,80,20794,1109.012193,483.4387035,55.89029501,8.649779061,0.993294696,5.955060935,142.7605559,2482.83072,8259,0.397181879,188.2528076,190.0164642,189.4511414
36318,B-220-1-13_masks.tif,81,11102,605.7401154,205.6465656,70.59341736,2.913112487,0.939234777,49.70952268,3017.666456,2361.681048,9941,0.895424248,205.1880035,204.3779297,205.1412354
36319,B-220-1-13_masks.tif,82,25163,1371.906638,483.8430123,69.7410441,6.937708182,0.989557332,41.52586509,4515.623336,2455.401383,20970,0.833366451,192.4421539,192.8395844,180.0145874
36320,B-220-1-13_masks.tif,83,12458,723.6984848,290.2695235,55.79363718,5.20255603,0.981353189,-79.23725752,4638.822684,2318.17844,6204,0.497993257,188.1521606,187.7103424,158.0660858
36321,B-220-1-13_masks.tif,84,11038,733.9827561,257.7181287,57.1027456,4.513235326,0.975144346,70.23792988,593.9058706,2346.344175,3115,0.282206922,186.4012909,185.6144409,185.0780029
36322,B-220-1-13_masks.tif,85,23001,839.5979797,328.4096732,89.87812623,3.653944368,0.961821698,-84.47915332,3538.764967,2349.123734,18724,0.814051563,199.863327,201.9779968,187.5036316
36323,B-220-1-13_masks.tif,86,10568,821.4386002,301.6416881,45.90092455,6.571581968,0.988354279,36.69824232,4316.527631,2424.239213,0,0,,,
36324,B-220-1-13_masks.tif,87,14296,742.7695526,290.498114,65.16455026,4.45791635,0.974515529,-81.07395041,1258.637731,2348.829323,7271,0.508603805,193.2815247,193.9430542,179.1360168
36325,B-220-1-13_masks.tif,88,13908,1001.338095,352.978385,54.43713673,6.484146782,0.988036175,28.28501177,4421.883161,2471.224403,0,0,,,
36326,B-220-1-13_masks.tif,89,12535,672.2842712,268.2719429,60.43253508,4.439197239,0.974297311,-6.478870161,4715.754846,2466.610211,10091,0.805025927,191.758194,193.5681305,177.031311
36327,B-220-1-13_masks.tif,90,17621,896.2670273,317.4036613,71.69938566,4.426867237,0.974152032,-35.5307622,1315.092617,2479.412746,4898,0.277963793,197.5671692,204.0367432,201.5741119
36328,B-220-1-13_masks.tif,91,12864,737.7817459,254.9250872,65.59606746,3.886286131,0.96632756,-43.21167253,3205.274098,2442.273554,8232,0.639925373,195.2004395,197.0487061,179.0717926
36329,B-220-1-13_masks.tif,92,17030,940.3259018,365.9341943,60.91877928,6.006919354,0.986045729,75.61994806,611.9074574,2413.439342,0,0,,,
36330,B-220-1-13_masks.tif,93,10932,744.3259018,266.0465246,55.68312739,4.777866062,0.977851806,69.02688227,2790.850439,2419.679839,6166,0.564032199,206.1287689,207.9056091,207.5543365
36331,B-220-1-13_masks.tif,94,15665,1019.4386,356.564978,58.22413265,6.124006692,0.986577819,-64.64288992,3437.902522,2461.844813,5756,0.367443345,194.6130981,199.6829376,195.5580292
36332,B-220-1-13_masks.tif,95,4710,362.8700577,128.0148253,47.76642424,2.680016922,0.927778277,-62.72579086,3121.676645,2438.350318,0,0,,,
36333,B-220-1-13_masks.tif,96,14334,854.2253967,324.8144869,60.89171823,5.334296622,0.982271066,23.00180635,1154.541928,2541.955142,10429,0.727570811,190.704483,190.2599487,176.3660889
36334,B-220-1-13_masks.tif,97,10459,821.4386002,299.056506,48.37236764,6.182383054,0.98683178,-49.77161068,3729.895114,2541.260541,0,0,,,
36335,B-220-1-13_masks.tif,98,22168,1183.521861,420.2467766,70.25064941,5.982105221,0.985928895,49.20934179,741.1756135,2589.595904,12153,0.548222663,188.1211243,188.5800171,180.8100128
36336,B-220-1-13_masks.tif,99,9471,591.254834,199.7015406,63.85052739,3.127641208,0.947508773,58.35720284,732.1794953,2505.118889,383,0.040439236,238.2062683,239.6527405,243.9608307
36337,B-220-1-13_masks.tif,100,11330,678.8111832,246.5076225,59.55929383,4.138860733,0.970372844,31.66682979,401.221624,2602.772462,5659,0.499470432,191.535614,193.9139404,194.3014679
36338,B-220-1-13_masks.tif,101,19453,1037.39697,410.591575,62.57005811,6.562109536,0.988320435,75.45068176,1775.943145,2559.286999,8932,0.45915797,192.3940887,194.9718933,193.706665
36339,B-220-1-13_masks.tif,102,17033,1047.137085,376.8616742,60.02660155,6.278244386,0.987233417,-50.15757463,3066.852287,2626.852463,0,0,,,
36340,B-220-1-13_masks.tif,103,6398,529.7401154,187.8629603,44.63522569,4.208849792,0.971364403,45.23399922,4555.103782,2565.907627,586,0.091591122,222.7815704,184.0443726,223.8805389
36341,B-220-1-13_masks.tif,104,20903,1227.580736,425.5557342,65.37904414,6.509054083,0.98812811,-66.02453667,3818.135052,2590.233411,8228,0.393627709,193.4499207,194.4675446,168.8594971
36342,B-220-1-13_masks.tif,105,14651,1112.208153,371.8358237,54.3951036,6.835832624,0.98924205,-50.42485163,3269.275749,2668.427752,0,0,,,
36343,B-220-1-13_masks.tif,106,12788,868.9949494,312.6967794,54.29109399,5.759633052,0.984812338,-49.17644004,3073.290507,2687.240538,0,0,,,
36344,B-220-1-13_masks.tif,107,15375,875.6812409,310.1461846,67.00832303,4.628472562,0.976381416,-53.89895855,3148.010602,2704.072911,0,0,,,
36345,B-220-1-13_masks.tif,108,21940,1129.823376,407.5242362,74.99609932,5.433939097,0.982920896,-61.15503336,279.9118961,2798.177666,15637,0.7127165,192.9433441,199.7872314,186.2023468
36346,B-220-1-13_masks.tif,109,13582,822.6101731,294.6788997,60.76486437,4.849494897,0.978508383,-37.89039799,356.2105728,2889.482771,7036,0.51803858,193.8143768,196.991333,179.2711792
36347,B-220-1-13_masks.tif,110,11284,759.7817459,273.5380346,54.31258852,5.036365271,0.980089566,-48.34425277,2974.209766,2892.915721,0,0,,,
36348,B-220-1-13_masks.tif,111,18159,1124.225397,442.5759037,58.98292108,7.503458553,0.991079516,15.03049775,526.423096,3095.296767,3275,0.180351341,189.2671814,191.2030487,191.5612183
36349,B-220-1-13_masks.tif,112,16815,1096.610173,398.6214564,59.65920777,6.681641801,0.988736943,68.73313889,3717.127921,2990.079869,15064,0.895866786,189.6341553,191.7954712,180.3406067
36350,B-220-1-13_masks.tif,113,16095,1065.580736,388.3255736,56.03551177,6.929990667,0.989533937,60.62273758,3686.966698,3039.761292,713,0.044299472,205.1865387,188.3646545,188.1626892
36351,B-220-1-13_masks.tif,114,10751,720.3259018,255.5063083,55.14934162,4.632989277,0.976428001,22.4954844,59.86010604,3067.091154,4657,0.433169008,199.2819366,200.8338013,204.6158447
36352,B-220-1-13_masks.tif,115,18628,962.8528137,339.013384,72.39777983,4.682648899,0.976931187,-61.0736371,3957.169369,3142.271151,13223,0.709845394,189.9047089,193.8566132,174.5525208
36353,B-220-1-13_masks.tif,116,10882,773.2964646,276.7262312,53.22521798,5.199156372,0.981328563,-25.94627429,4913.008914,3197.763463,10483,0.963333946,181.6756592,188.5312347,167.9009857
36354,B-220-1-13_masks.tif,117,6845,517.6984848,197.7448549,45.1461221,4.380107211,0.973589681,-11.46307032,4163.666326,3183.796932,0,0,,,
36355,B-220-1-13_masks.tif,118,10955,721.1126984,297.2813816,48.70630888,6.103549795,0.986487078,-82.86898008,273.4231858,3229.959653,0,0,,,
36356,B-220-1-13_masks.tif,119,8984,682.0416306,281.0061552,43.86619614,6.405984105,0.987740618,-88.14939212,3524.202916,3311.813446,0,0,,,
36357,B-220-1-13_masks.tif,120,7663,650.0416306,276.5140577,38.70495923,7.1441506,0.990155087,83.74285856,639.5992431,3389.766802,0,0,,,
36358,B-220-1-13_masks.tif,121,20412,884.7695526,359.5553803,74.36554751,4.834972542,0.978377656,88.72159853,181.9337645,3415.603665,6251,0.306241427,187.8912201,190.7347565,167.945282
36359,B-220-1-13_masks.tif,122,9346,620.4264069,246.1569467,49.61418663,4.961422597,0.979477179,19.54742217,1855.505671,3519.101541,6628,0.709180398,198.2487946,201.7299347,192.1305084
36360,B-220-1-13_masks.tif,123,9487,580.5269119,224.710497,55.07544788,4.080048472,0.969499035,16.26089422,1794.760093,3537.631707,6837,0.720670391,193.9758606,198.233139,185.9107819
36361,B-220-1-13_masks.tif,124,10646,657.9411255,246.962067,57.40067158,4.302424697,0.972613825,77.80168075,3623.844167,3488.036633,8471,0.795697915,196.6282654,201.8615265,201.6994476
36362,B-220-1-13_masks.tif,125,4472,445.2132034,157.7735839,40.91327527,3.856293168,0.965792427,1.488470808,4780.212657,3536.384168,4472,1,177.9454346,186.0317535,167.2759399
36363,B-220-1-13_masks.tif,126,6917,464.627417,186.9646752,47.91544728,3.901970779,0.966602388,-88.65179293,742.0253,3506.247506,0,0,,,
36364,B-220-1-13_masks.tif,127,6343,551.1543289,180.836731,46.62814598,3.878274103,0.966185853,-36.7023703,2718.683904,3558.281728,0,0,,,
36365,B-220-1-13_masks.tif,128,27130,1171.982756,462.6627312,76.31974417,6.062163024,0.986300655,79.32720936,404.6474383,3566.838813,8505,0.313490601,183.0605469,185.4109344,170.1495667
36366,B-220-1-13_masks.tif,129,5962,533.5979797,187.9787876,44.47814336,4.226318218,0.971604083,69.14171651,4005.958906,3610.900704,3595,0.602985575,174.949646,177.5418701,164.9871979
36367,B-220-1-14_masks.tif,1,15946,787.9411255,333.7217115,64.34571328,5.186386078,0.981235621,10.37288007,2970.567164,134.4667628,10941,0.686128183,191.1613159,189.9841003,172.0972443
36368,B-220-1-14_masks.tif,2,9565,553.2132034,221.6731601,63.47082984,3.492520276,0.958132202,0.411112215,3019.048301,82.37260847,6028,0.630214323,192.4606781,194.5834503,175.9784393
36369,B-220-1-14_masks.tif,3,14875,712.7695526,271.982863,71.55843824,3.800849623,0.964768822,9.867020019,3178.931227,129.2223193,9895,0.665210084,195.0744781,193.2174835,171.0157623
36370,B-220-1-14_masks.tif,4,8013,476.0416306,179.1603423,61.11738828,2.931413586,0.940015277,14.48024035,3226.731187,70.93173593,6325,0.789342319,192.3162079,189.6907501,165.7315369
36371,B-220-1-14_masks.tif,5,7217,472.2842712,158.1501256,63.82049179,2.478046176,0.914960358,17.11078384,3112.306221,65.15033948,4890,0.677566856,198.2740326,195.4556274,187.2564392
36372,B-220-1-14_masks.tif,6,10264,732.2253967,266.9595483,53.14559695,5.023173389,0.979983782,62.14212187,106.5126656,71.82609119,8704,0.848012471,191.5780029,195.2570038,182.8810883
36373,B-220-1-14_masks.tif,7,10597,751.5979797,300.4605496,51.32214408,5.854403688,0.98530371,78.65160018,5288.734076,61.08700576,0,0,,,
36374,B-220-1-14_masks.tif,8,9758,701.1126984,290.50073,48.98502005,5.930399328,0.985680669,-85.28668171,4705.423345,72.71725763,0,0,,,
36375,B-220-1-14_masks.tif,9,17830,1117.923882,400.0900268,59.8210348,6.688116114,0.988758862,24.20570151,3166.319013,284.4109366,12459,0.698766125,188.2028198,188.9568939,175.0565796
36376,B-220-1-14_masks.tif,10,11262,701.3553391,280.125715,52.57176303,5.328444374,0.982231748,76.36171751,124.3529568,154.8674303,36,0.00319659,194.3611145,184.25,188.972229
36377,B-220-1-14_masks.tif,11,7484,621.254834,224.0028894,44.48448333,5.035528631,0.980082882,-22.98790373,3344.744388,233.1731694,0,0,,,
36378,B-220-1-14_masks.tif,12,7731,581.6984848,247.9427248,41.90670721,5.916540365,0.985613017,-82.30803102,3514.723451,168.9736127,0,0,,,
36379,B-220-1-14_masks.tif,13,13841,836.4264069,319.7305736,57.1295874,5.596584679,0.983907167,78.90504872,4568.56217,192.8911206,0,0,,,
36380,B-220-1-14_masks.tif,14,16560,1015.39697,404.3768827,54.98433037,7.354402245,0.990712546,75.04203052,4610.190942,288.31407,0,0,,,
36381,B-220-1-14_masks.tif,15,18303,771.8406204,289.3668918,82.03412193,3.527396709,0.958973658,-75.41441936,711.8660329,348.6033437,10492,0.57323936,188.3435059,193.4407196,169.4347076
36382,B-220-1-14_masks.tif,16,15217,875.1543289,342.8480035,58.15786251,5.895127307,0.985507541,72.05710452,2996.303608,358.4368798,5527,0.363212197,188.076889,195.4602814,187.4355011
36383,B-220-1-14_masks.tif,17,18210,835.5979797,337.7491792,71.65057717,4.713837523,0.977238985,-88.94318679,4252.910104,330.4756178,4800,0.263591433,188.3658295,192.3522949,159.2477112
36384,B-220-1-14_masks.tif,18,21387,1086.610173,407.0740419,68.28964274,5.960992407,0.985828326,68.00764055,4174.992332,410.796886,10757,0.502969093,183.2801971,183.9589081,159.0100403
36385,B-220-1-14_masks.tif,19,12976,991.882251,344.1147766,52.35590555,6.572606719,0.988357932,-20.43723786,336.0629624,539.9195438,4288,0.330456227,199.0998077,204.2980347,200.8237
36386,B-220-1-14_masks.tif,20,16218,1101.965512,376.5976306,63.26979153,5.95225022,0.985786366,38.49177899,3826.107288,559.5719571,6708,0.413614502,177.0807953,177.7280884,159.1493683
36387,B-220-1-14_masks.tif,21,11282,827.3553391,342.7106051,43.35927898,7.903973801,0.99196423,-8.996399097,2572.805885,613.2599716,0,0,,,
36388,B-220-1-14_masks.tif,22,20595,1004.852814,356.3460457,79.52936333,4.480685256,0.974777216,28.99265929,1203.827677,620.3974751,17483,0.848895363,192.412796,193.6216888,182.0680695
36389,B-220-1-14_masks.tif,23,21845,1258.953319,509.2709637,58.70675347,8.674827573,0.993333493,73.46226579,2973.757656,571.1807279,0,0,,,
36390,B-220-1-14_masks.tif,24,5616,416.7695526,149.9724908,48.61291523,3.085033886,0.946007222,57.09104894,4080.324964,532.1490385,0,0,,,
36391,B-220-1-14_masks.tif,25,11377,678.5269119,275.9384799,53.63415194,5.144827873,0.980928294,-79.81498955,4329.404325,528.2822361,0,0,,,
36392,B-220-1-14_masks.tif,26,15931,828.6690476,322.2181907,65.35676374,4.930142991,0.979213164,-13.17048882,2672.944573,658.4395832,8157,0.512020589,193.679657,193.6309967,164.7513733
36393,B-220-1-14_masks.tif,27,6808,528.3259018,186.6180609,47.68256749,3.913758649,0.966806715,55.08172066,3971.301116,570.9540247,0,0,,,
36394,B-220-1-14_masks.tif,28,11298,722.5685425,277.4489456,54.15704625,5.123044273,0.980764166,-65.11675107,4484.157107,584.1995043,0,0,,,
36395,B-220-1-14_masks.tif,29,12310,783.0121933,312.663119,55.54270025,5.629238723,0.984094833,-79.95772378,151.3350934,576.6372055,0,0,,,
36396,B-220-1-14_masks.tif,30,14659,899.4974747,352.6225104,57.59734282,6.12220101,0.986569846,-76.75005398,4673.532778,602.9021079,3735,0.254792278,188.5437775,191.9991913,165.894516
36397,B-220-1-14_masks.tif,31,18465,1202.936075,429.9202625,62.08672754,6.924511559,0.98951728,43.688187,2930.8899,747.9682643,11368,0.615651232,197.1170807,198.0090637,186.8822174
36398,B-220-1-14_masks.tif,32,14971,1057.965512,386.8727321,50.95810561,7.591976339,0.991287227,38.62215447,3657.634827,739.5495959,0,0,,,
36399,B-220-1-14_masks.tif,33,18234,1049.722871,367.1733033,68.23780524,5.380790047,0.982578825,47.19213597,1566.782494,739.1529012,13394,0.734561808,190.862854,191.3573914,178.45961
36400,B-220-1-14_masks.tif,34,13850,769.4974747,298.6355593,60.15122719,4.964745912,0.979504932,-71.26526631,768.7388448,652.6111913,7356,0.531119134,186.821106,193.0411835,165.7347717
36401,B-220-1-14_masks.tif,35,14630,1085.03658,378.2609615,53.13954528,7.118257402,0.990082974,46.49397148,2979.81244,731.5732057,11643,0.795830485,201.1419678,202.5316467,189.3986053
36402,B-220-1-14_masks.tif,36,16440,890.0832611,340.3807319,63.08694642,5.395422527,0.982674022,77.65176292,4240.829927,644.319708,12771,0.776824818,202.1064148,204.6091919,202.1881561
36403,B-220-1-14_masks.tif,37,24836,1312.308658,482.9727746,70.93032722,6.809115275,0.989156997,24.27540157,213.7179498,833.3592366,15731,0.633395072,186.3391418,187.2729034,171.6670837
36404,B-220-1-14_masks.tif,38,19601,1114.610173,420.2717313,61.39859889,6.844972669,0.989270916,70.22410752,4110.93434,709.633182,7337,0.374317637,179.5333252,181.053299,162.9826965
36405,B-220-1-14_masks.tif,39,19182,862.8111832,314.1541963,79.49756199,3.951746298,0.9674525,19.85230587,1212.253988,789.9182567,14088,0.734438536,194.082489,192.9762878,180.3865662
36406,B-220-1-14_masks.tif,40,18206,1030.024387,384.8980638,62.41474734,6.166780772,0.986764615,64.68299713,1439.275294,753.1468747,12238,0.672195979,190.0295868,191.6028748,173.86763
36407,B-220-1-14_masks.tif,41,9192,615.9411255,245.6726116,49.69187579,4.943919056,0.979330067,77.73998734,4473.463446,738.4687772,0,0,,,
36408,B-220-1-14_masks.tif,42,16559,1111.622366,386.4932334,56.96853939,6.784327587,0.989077181,50.14786559,702.9011414,827.5065523,7500,0.452925901,197.1758728,201.130127,196.6591949
36409,B-220-1-14_masks.tif,43,20706,1195.279221,426.3524719,65.87502895,6.472140942,0.987991478,51.78087331,900.4547957,867.4543128,17878,0.863421231,195.5472717,197.7611542,187.0105133
36410,B-220-1-14_masks.tif,44,18766,1014.166522,365.7377461,67.10111341,5.450546608,0.983025713,-57.8616947,2680.625706,828.8341682,13755,0.732974528,201.0452881,204.7030945,182.0591736
36411,B-220-1-14_masks.tif,45,25093,1294.208153,453.6687386,74.10423428,6.122035306,0.986569114,59.64962371,1528.144423,949.3782728,17775,0.708364883,196.4790955,197.7431183,187.5089722
36412,B-220-1-14_masks.tif,46,16376,986.2842712,423.5357659,50.53575457,8.380913069,0.992856001,85.23990378,2933.56192,888.1260381,3226,0.196995603,193.1698761,199.0492859,190.5508423
36413,B-220-1-14_masks.tif,47,29769,1364.852814,518.2989801,76.8488345,6.744396106,0.988946732,72.80908124,3869.68054,979.5003863,15353,0.515737848,194.103302,193.9512177,170.9619598
36414,B-220-1-14_masks.tif,48,6248,479.0121933,179.0142024,45.44577029,3.939072904,0.967239177,60.47247457,5200.983675,984.9214149,0,0,,,
36415,B-220-1-14_masks.tif,49,19404,1141.279221,402.4356937,64.04592758,6.283548524,0.9872551,46.63824062,1565.807926,1083.437693,13635,0.702690167,192.2561798,194.4748077,181.8902893
36416,B-220-1-14_masks.tif,50,27938,1419.220346,505.4938335,73.10837083,6.914308551,0.989486155,51.26621715,3826.558809,1145.273892,17032,0.609635622,189.3199921,189.0045776,172.8887329
36417,B-220-1-14_masks.tif,51,11406,808.8111832,290.0155317,54.38979124,5.332168502,0.982256783,66.55973771,448.1333509,1063.830002,7004,0.614062774,200.7380066,204.158905,201.4902954
36418,B-220-1-14_masks.tif,52,16351,898.3259018,335.9180691,64.33944139,5.221028686,0.981486147,-73.37713561,2812.976209,1071.506085,10225,0.625344016,195.1580505,198.9117889,176.4476318
36419,B-220-1-14_masks.tif,53,15535,1181.296465,449.4597082,50.0826882,8.974352703,0.993772437,-16.73048757,664.6513035,1242.504924,0,0,,,
36420,B-220-1-14_masks.tif,54,14964,831.9411255,348.6655195,59.3567123,5.874070615,0.985402682,-5.967256506,5304.520984,1227.388198,10114,0.6758888,186.4906006,193.5773163,172.1628418
36421,B-220-1-14_masks.tif,55,26079,1155.053824,426.6430048,82.06248681,5.199001655,0.981327441,78.72588844,4021.605736,1121.550213,13286,0.50945205,182.2266998,182.5915222,159.9976654
36422,B-220-1-14_masks.tif,56,11827,859.5979797,327.6828124,50.70260996,6.462839144,0.987956675,79.20797153,1516.961275,1205.55627,0,0,,,
36423,B-220-1-14_masks.tif,57,12131,985.2375901,356.3763364,45.95520923,7.754862666,0.991650921,54.28147182,4901.98137,1339.92515,0,0,,,
36424,B-220-1-14_masks.tif,58,10271,913.9238816,339.4113345,42.09364761,8.063243595,0.992279772,55.34424983,4929.177782,1315.699153,0,0,,,
36425,B-220-1-14_masks.tif,59,16285,989.882251,367.7828889,59.95563792,6.134250283,0.986622912,-20.42057479,828.3231194,1414.900215,0,0,,,
36426,B-220-1-14_masks.tif,60,26118,1133.59798,467.7331746,73.81516118,6.336546139,0.987468747,-83.31460259,1544.745501,1344.675473,16843,0.644880925,195.9935913,198.8056793,181.2875366
36427,B-220-1-14_masks.tif,61,16430,835.1959595,294.0600203,72.64604193,4.047846414,0.969004022,30.8791385,1230.020633,1445.063177,7199,0.438161899,185.2433624,184.5084076,158.2458649
36428,B-220-1-14_masks.tif,62,14655,961.0954544,359.4155041,54.71033885,6.569425664,0.988346588,-32.82815635,870.5738656,1471.843535,0,0,,,
36429,B-220-1-14_masks.tif,63,10100,569.3553391,220.1559466,59.71892967,3.686535371,0.962506843,20.71643924,1411.18802,1484.972475,0,0,,,
36430,B-220-1-14_masks.tif,64,12836,819.1126984,329.9728707,51.74381905,6.377049023,0.987628416,89.21714346,1700.716812,1440.38727,0,0,,,
36431,B-220-1-14_masks.tif,65,12780,818.4680374,309.6907127,53.39348583,5.800159101,0.985025439,64.70374783,3158.607355,1499.639358,7670,0.600156495,178.8619232,180.5056,158.2799225
36432,B-220-1-14_masks.tif,66,12318,685.5979797,275.6400862,57.57122527,4.787809967,0.977944747,9.526351543,1229.714402,1631.664881,0,0,,,
36433,B-220-1-14_masks.tif,67,10750,688.8700577,293.4364912,47.17264735,6.220479615,0.98699364,-85.84613755,2986.298977,1548.662326,0,0,,,
36434,B-220-1-14_masks.tif,68,12904,817.8406204,333.2861504,51.03173166,6.530959062,0.988208088,-79.53736702,3005.16181,1597.03867,0,0,,,
36435,B-220-1-14_masks.tif,69,19541,1017.740115,398.6201433,65.0696458,6.126053683,0.986586848,-76.03447274,3846.716698,1671.366256,7907,0.404636406,198.9577637,202.7614746,176.4055939
36436,B-220-1-14_masks.tif,70,19773,1028.308658,359.5400183,71.30641853,5.042183097,0.980135952,49.78815737,3969.657007,1877.784251,0,0,,,
36437,B-220-1-14_masks.tif,71,14153,775.6396103,272.0900515,68.4407936,3.975553718,0.967847608,24.78408816,4109.379919,1915.312089,9180,0.648625733,200.6485901,199.3253784,182.0088196
36438,B-220-1-14_masks.tif,72,22945,1014.669048,403.6981603,74.38663611,5.427025356,0.982876973,81.29113479,193.2048812,1867.61922,19870,0.865983874,198.5337677,200.9366455,189.4112244
36439,B-220-1-14_masks.tif,73,18281,1103.137085,384.5589923,65.16169099,5.901611614,0.985539604,35.81827926,578.1044801,2007.787375,14354,0.785186806,205.6600189,206.1591949,203.6535492
36440,B-220-1-14_masks.tif,74,13777,875.0954544,310.1267229,58.32572726,5.317151409,0.982155507,35.80593744,4249.305364,1987.839515,0,0,,,
36441,B-220-1-14_masks.tif,75,14237,722.8700577,288.6729948,64.27589509,4.4911548,0.974896188,-89.26828578,138.7239587,1942.763293,12834,0.901453958,198.7952271,199.4202118,186.4723358
36442,B-220-1-14_masks.tif,76,16300,995.1959595,379.4060241,56.94280169,6.662932151,0.988673238,23.5266458,430.1151534,2112.731963,0,0,,,
36443,B-220-1-14_masks.tif,77,10843,829.6812409,290.1702144,52.54438205,5.522383233,0.983468141,45.53160273,335.5467122,2076.158628,0,0,,,
36444,B-220-1-14_masks.tif,78,14957,912.9533188,339.2271182,59.08874461,5.740976906,0.984712701,24.79242786,519.9648994,2133.339105,0,0,,,
36445,B-220-1-14_masks.tif,79,16420,1022.409163,366.6960441,60.32196265,6.078980656,0.986376872,-34.99152263,1264.462363,2162.047929,8840,0.538367844,206.8934326,210.3166351,183.0329132
36446,B-220-1-14_masks.tif,80,13709,925.254834,359.1654154,51.64793194,6.954110298,0.989606793,12.44453871,1464.578379,2223.136042,6767,0.493617332,210.9847717,213.3846588,211.8571014
36447,B-220-1-14_masks.tif,81,13687,757.7401154,281.8961336,69.69787273,4.044544297,0.968952578,-63.48167115,96.79842186,2149.215095,9245,0.675458464,193.1825867,196.6092987,178.6348267
36448,B-220-1-14_masks.tif,82,8949,621.6396103,218.8646191,54.87537995,3.988393689,0.968057704,52.28504422,157.3116549,2274.894625,0,0,,,
36449,B-220-1-14_masks.tif,83,18637,1071.4386,389.7633992,68.91146133,5.656002524,0.984246203,23.35685145,1335.25503,2403.131352,15502,0.831786232,202.0997314,202.0499878,199.4052429
36450,B-220-1-14_masks.tif,84,22049,981.3380951,349.9611214,81.73985673,4.281401209,0.972340375,36.63373932,1398.25847,2359.863622,20986,0.951789197,201.370575,202.0902557,192.0047607
36451,B-220-1-14_masks.tif,85,17340,900.9949494,329.3464305,69.08374691,4.76735043,0.977752879,-46.60918412,303.7634371,2372.268627,0,0,,,
36452,B-220-1-14_masks.tif,86,18297,1233.421356,439.0280302,54.95651017,7.988644636,0.99213434,47.28905423,3791.204296,2456.133519,0,0,,,
36453,B-220-1-14_masks.tif,87,19063,1142.468037,453.7434555,55.48631825,8.177573676,0.992494946,74.71753171,3874.166763,2358.308294,0,0,,,
36454,B-220-1-14_masks.tif,88,11309,1008.409163,358.8828829,42.94509274,8.356784442,0.992814538,31.99204726,1292.500663,2447.059333,1419,0.125475285,201.6250916,188.9436188,212.7850647
36455,B-220-1-14_masks.tif,89,25012,1242.468037,498.6140325,67.22625156,7.416954255,0.990869258,76.50300442,1966.756317,2387.702943,13078,0.522869023,192.2313843,193.7247314,178.3622131
36456,B-220-1-14_masks.tif,90,13255,988.509668,326.8502573,55.83739535,5.853608595,0.985299688,30.03011564,2531.112637,2487.355639,12192,0.919803848,189.6030121,193.6546021,176.3230743
36457,B-220-1-14_masks.tif,91,22869,1029.497475,423.5203527,73.71397107,5.745455665,0.98473671,81.14884577,1852.97853,2511.121824,17222,0.753071844,201.6466217,204.6848755,200.1529388
36458,B-220-1-14_masks.tif,92,13284,1110.793939,384.6100324,49.13724785,7.827260363,0.991805291,42.90329853,3793.650632,2686.330322,0,0,,,
36459,B-220-1-14_masks.tif,93,14633,1152.793939,390.5668209,60.50828419,6.45476609,0.987926347,48.21152497,3507.705392,2688.802638,0,0,,,
36460,B-220-1-14_masks.tif,94,8551,616.8700577,248.4830283,46.69494888,5.321411293,0.982184324,-82.68917531,507.3164542,2658.748918,0,0,,,
36461,B-220-1-14_masks.tif,95,12724,874.5685425,344.7055207,50.39879769,6.839558413,0.989253831,71.23122667,2124.335901,2929.061852,0,0,,,
36462,B-220-1-14_masks.tif,96,20183,1034.426407,423.5439849,62.72502102,6.752392873,0.988973043,79.85240692,1866.692761,3090.093395,16898,0.837239261,203.063858,204.7632294,199.5542603
36463,B-220-1-15_masks.tif,1,12143,955.3380951,305.8783344,57.82462877,5.289758723,0.981968514,34.37941085,2033.647863,154.1170222,0,0,,,
36464,B-220-1-15_masks.tif,2,15082,995.6812409,360.8991442,55.11560261,6.548039523,0.98826989,60.12440894,3088.761239,102.0719401,10933,0.724903859,181.8873138,185.742157,163.5516357
36465,B-220-1-15_masks.tif,3,5353,469.4558441,176.4448178,39.72159511,4.442037571,0.974330603,-78.28213668,5027.859892,120.8001121,4726,0.882869419,189.1252594,200.5918274,161.1487579
36466,B-220-1-15_masks.tif,4,13212,822.5685425,306.2474391,56.86596579,5.385425797,0.98260907,-72.48499006,4248.149031,202.9683621,5874,0.444595822,190.7267609,193.6983337,159.1516876
36467,B-220-1-15_masks.tif,5,16906,1045.923882,371.184248,60.14585074,6.171402406,0.986784564,-27.16423136,4317.236425,409.7260736,3529,0.208742458,197.8339539,198.01474,122.290451
36468,B-220-1-15_masks.tif,6,12453,908.5685425,351.5726054,47.71803838,7.367708677,0.990746219,-16.63360331,5177.542921,478.306914,8924,0.71661447,188.8650818,197.5385437,166.5733948
36469,B-220-1-15_masks.tif,7,8458,614.2842712,247.7906847,44.55373474,5.561614221,0.983702472,-78.5314017,1116.338733,479.1475526,0,0,,,
36470,B-220-1-15_masks.tif,8,10120,660.6690476,235.1063832,56.9218446,4.13033669,0.970248554,67.44087304,1328.00504,573.212747,0,0,,,
36471,B-220-1-15_masks.tif,9,12948,984.6518036,339.5332794,50.32487137,6.746828559,0.988954745,38.28941168,3177.990732,747.6668984,3503,0.270543713,196.9817352,204.5772247,190.9103699
36472,B-220-1-15_masks.tif,10,16513,955.5391052,344.5075153,62.59740507,5.503543076,0.983353802,66.11483677,4861.896203,771.2197662,12818,0.776236904,181.7082214,187.5592957,167.1266174
36473,B-220-1-15_masks.tif,11,14868,930.8111832,347.2897006,64.85367021,5.354973734,0.982408938,14.58427487,1807.129944,937.905838,0,0,,,
36474,B-220-1-15_masks.tif,12,14038,1087.823376,388.5256831,51.1193679,7.600361646,0.991306526,59.89137584,2866.482191,887.2248184,4426,0.315287078,200.2889709,206.6353302,195.8662415
36475,B-220-1-15_masks.tif,13,20468,1295.03658,450.0800226,62.51775605,7.199235082,0.990305901,29.92367555,1946.903215,1107.235587,0,0,,,
36476,B-220-1-15_masks.tif,14,16688,987.1543289,392.2099806,57.10242104,6.868535054,0.989344798,-14.8408906,2437.907538,1260.221896,8410,0.503954938,198.4571991,199.4450684,164.8304443
36477,B-220-1-15_masks.tif,15,5739,551.7401154,192.3748382,40.24605679,4.779967369,0.977871495,36.68542284,3701.69141,1138.003311,0,0,,,
36478,B-220-1-15_masks.tif,16,18572,1155.923882,417.9522726,71.61578444,5.836035671,0.98521036,66.03185913,1794.987939,1382.547652,0,0,,,
36479,B-220-1-15_masks.tif,17,20445,1135.681241,407.261864,67.60083704,6.024509189,0.986127667,-66.44936301,3171.96136,1364.496796,0,0,,,
36480,B-220-1-15_masks.tif,18,16854,994.5269119,400.6032255,57.08514121,7.01764447,0.989795096,-89.08749277,2159.694909,1378.042601,6381,0.378604486,185.429245,188.3499451,150.8423462
36481,B-220-1-15_masks.tif,19,6864,663.2964646,242.4197938,38.65000026,6.27218091,0.987208561,38.91690379,3691.759761,1460.512529,4710,0.686188811,206.1373749,211.5857697,202.3963928
36482,B-220-1-15_masks.tif,20,17433,1061.195959,396.0241801,58.5296722,6.766212166,0.989018289,67.43970672,3422.329777,1463.546148,11741,0.673492801,184.6815491,187.2900085,165.3441772
36483,B-220-1-15_masks.tif,21,9573,785.6396103,286.1052309,44.20781399,6.471824889,0.987990298,63.8934588,4133.000836,1473.990285,0,0,,,
36484,B-220-1-15_masks.tif,22,11632,773.5979797,307.0335846,54.92464862,5.590087372,0.98386943,-82.19106097,3135.719653,1506.237706,603,0.051839752,243.3349915,240.1741333,243.7280273
36485,B-220-1-15_masks.tif,23,15291,946.7106781,362.3323465,57.12581892,6.342707261,0.987493235,67.90223104,3105.225623,1582.501471,8870,0.580079785,186.1036072,187.4992065,172.3552399
36486,B-220-1-15_masks.tif,24,16080,936.7106781,349.0677284,65.85841893,5.300274954,0.982040649,21.52446391,3969.075062,1703.053483,10740,0.667910448,194.7099609,196.0540924,184.5651703
36487,B-220-1-15_masks.tif,25,13743,895.2964646,330.6417032,57.46346434,5.753946563,0.984782072,22.02431287,4019.915157,1702.594339,12057,0.877319363,201.2842407,201.1236572,193.2324829
36488,B-220-1-15_masks.tif,26,12804,1040.610173,365.0495447,47.57162454,7.673682541,0.991472573,64.72139227,341.6928304,1995.365042,0,0,,,
36489,B-220-1-15_masks.tif,27,14383,819.9411255,341.7309934,54.68295622,6.24931454,0.98711417,9.74533761,1117.930195,2116.070291,0,0,,,
36490,B-220-1-15_masks.tif,28,17974,917.3553391,364.7225016,66.65096701,5.472126182,0.983160471,-5.172961743,2420.072605,2215.102871,0,0,,,
36491,B-220-1-15_masks.tif,29,14569,814.1248917,302.7457562,64.18149252,4.717025801,0.977270101,28.48606777,2614.41252,2158.930194,10219,0.701420825,191.5112,192.5224609,177.4592438
36492,B-220-1-15_masks.tif,30,26763,1086.367532,385.2435971,93.79051332,4.107490016,0.96991152,71.22930707,2949.002391,2192.308523,16130,0.602697754,189.1280212,191.0171661,178.4589539
36493,B-220-1-15_masks.tif,31,23563,1141.59798,478.028872,66.28948196,7.21123258,0.990338288,-87.8066026,3219.738573,2151.803039,7631,0.323855197,188.1808472,186.0024872,151.7199554
36494,B-220-1-15_masks.tif,32,11468,1011.095454,353.1104412,47.4764746,7.437587651,0.990920081,61.09394704,4738.027468,2265.057639,10497,0.915329613,183.6292267,191.7670746,173.0047607
36495,B-220-1-15_masks.tif,33,18265,1075.497475,443.3259416,59.50721864,7.44995232,0.990950333,-10.81197466,185.8993704,2411.658418,0,0,,,
36496,B-220-1-15_masks.tif,34,14587,848.7106781,313.8984671,62.51331091,5.021306064,0.979968739,24.22590402,2658.83691,2364.562419,8729,0.598409543,192.6068268,193.3142395,191.0191345
36497,B-220-1-15_masks.tif,35,10706,725.7817459,260.7036715,53.45848001,4.876750545,0.978750541,-47.52187922,406.789277,2344.895106,0,0,,,
36498,B-220-1-15_masks.tif,36,12337,704.9116882,259.9937749,62.37122746,4.168488988,0.970798821,-22.06751919,3738.093621,2409.531004,0,0,,,
36499,B-220-1-15_masks.tif,37,11517,878.9949494,327.738061,49.01781592,6.686100857,0.988752046,44.46579484,2624.749501,2435.526613,30,0.002604845,224,207.8000031,221.1000061
36500,B-220-1-15_masks.tif,38,14328,856.9116882,329.3706507,60.32154489,5.460248926,0.983086501,15.48445352,3831.071259,2535.48318,9651,0.673576214,187.0441437,191.0796814,163.8769073
36501,B-220-1-15_masks.tif,39,16741,927.3553391,385.4927026,60.46111545,6.375878112,0.987623844,85.81339057,623.5971567,2456.823786,0,0,,,
36502,B-220-1-15_masks.tif,40,15589,1109.865007,391.0377465,51.95807723,7.526024198,0.991133168,48.70587068,615.5599461,2613.758227,0,0,,,
36503,B-220-1-15_masks.tif,41,16524,886.2253967,333.6800091,64.79279566,5.149955419,0.980966621,-69.06527237,4037.195352,2612.870612,1928,0.11667877,199.5762482,198.7038422,142.3848572
36504,B-220-1-15_masks.tif,42,15008,1102.894444,399.0626346,49.82184897,8.009791745,0.992175982,58.17254497,1093.978945,2695.221149,0,0,,,
36505,B-220-1-15_masks.tif,43,19573,1098.208153,383.0269354,66.79411986,5.734440938,0.984677562,-49.86799124,2838.528483,2728.313135,4863,0.248454504,207.911377,208.9868469,151.6619415
36506,B-220-1-15_masks.tif,44,25658,1234.568542,504.4985249,70.88968718,7.116670208,0.990078528,-79.58649795,3176.50647,2695.095721,11233,0.437797178,195.9267273,196.4250031,170.8395844
36507,B-220-1-15_masks.tif,45,12799,1018.308658,359.1741455,50.00157088,7.18325723,0.990262515,42.75700101,3870.196109,2748.916243,4511,0.35244941,184.8825073,189.332077,179.2872925
36508,B-220-1-15_masks.tif,46,15628,981.0954544,346.5207446,61.67078325,5.618880227,0.98403566,-30.33902183,2678.670207,2790.750576,4757,0.304389557,210.3569489,213.3947906,175.216095
36509,B-220-1-15_masks.tif,47,22344,1123.053824,425.8304697,70.0286303,6.080805349,0.986385103,-74.44000668,1946.686045,2830.775018,0,0,,,
36510,B-220-1-15_masks.tif,48,5497,503.9411255,164.9382433,47.72079553,3.456317974,0.957230855,14.86639314,1345.523194,2861.403857,0,0,,,
36511,B-220-1-15_masks.tif,49,21068,1221.965512,442.5035865,62.07233941,7.128836946,0.990112534,60.00883725,196.2394627,2939.651177,0,0,,,
36512,B-220-1-15_masks.tif,50,21264,1069.095454,389.3037814,71.53863894,5.441867321,0.982971056,65.35110396,2092.922874,2974.600781,10293,0.484057562,173.365387,174.5554199,158.0066986
36513,B-220-1-15_masks.tif,51,18551,1113.965512,390.742442,61.97092688,6.305254119,0.987343258,-53.12381787,2364.746806,3027.237939,2743,0.147862649,201.7437134,202.615387,140.9781189
36514,B-220-1-15_masks.tif,52,11697,841.6812409,302.1180649,53.43603263,5.653826643,0.984233978,53.69667594,2784.099,2979.02086,0,0,,,
36515,B-220-1-15_masks.tif,53,10430,927.0538239,333.8480958,46.0941788,7.242738769,0.990422568,19.7293373,5103.346309,3077.757526,10320,0.9894535,174.4064026,182.9840088,156.368988
36516,B-220-1-15_masks.tif,54,12385,803.5391052,283.025505,59.33455547,4.76999453,0.977777816,29.32520942,1917.618652,3063.855309,0,0,,,
36517,B-220-1-15_masks.tif,55,11936,816.4680374,284.3935082,56.42245019,5.040431729,0.980122005,23.10812138,5330.946883,3133.766337,11485,0.962215147,175.5699615,181.7592468,151.7982635
36518,B-220-1-15_masks.tif,56,17909,980.1665222,354.0865512,66.95440356,5.288472937,0.981959664,55.45013041,2100.783852,3134.572896,6840,0.381930873,179.28479,180.6738281,164.0001526
36519,B-220-1-15_masks.tif,57,13924,945.5979797,350.1168956,58.63967056,5.970649089,0.985874458,-1.612391367,1016.107871,3257.401537,0,0,,,
36520,B-220-1-15_masks.tif,58,15722,997.2375901,367.0081703,58.02492321,6.325009151,0.987422699,33.10031999,1992.898359,3276.055909,8416,0.535300852,186.4634094,190.33638,181.056076
36521,B-220-1-15_masks.tif,59,21086,1149.39697,462.6458844,63.96061712,7.233293005,0.990397417,13.72153353,1148.200465,3393.95101,0,0,,,
36522,B-220-1-15_masks.tif,60,16483,911.1543289,352.3427888,61.95175439,5.687373865,0.98442089,-74.21432356,2343.518352,3231.903719,4726,0.286719651,195.027298,197.7985687,158.1794281
36523,B-220-1-15_masks.tif,61,12835,976.4091629,333.9023912,51.45141196,6.489664296,0.988056633,-34.85660382,3488.221737,3326.023763,4616,0.359641605,196.7465363,202.8461914,162.1947632
36524,B-220-1-15_masks.tif,62,13344,829.3553391,343.8954728,54.03192425,6.364671953,0.98757995,-83.22753424,3712.522707,3245.126199,0,0,,,
36525,B-220-1-15_masks.tif,63,7152,631.9411255,237.7349626,41.30376514,5.755769764,0.984791786,13.48297876,34.39583333,3327.884088,0,0,,,
36526,B-220-1-15_masks.tif,64,13163,682.2842712,278.9404385,60.85601744,4.583613096,0.975911115,85.35401717,1366.579199,3290.453392,0,0,,,
36527,B-220-1-15_masks.tif,65,15520,883.254834,349.9671566,60.81882589,5.754257032,0.984783727,-79.86881296,3695.550515,3345.163982,0,0,,,
36528,B-220-1-15_masks.tif,66,12597,729.9411255,295.824081,55.50133394,5.330035514,0.982242451,77.75441349,266.2197349,3436.024291,0,0,,,
36529,B-220-1-15_masks.tif,67,8199,526.5269119,200.3189891,52.8476073,3.790502529,0.964572679,75.34021303,3116.95036,3440.009513,0,0,,,
36530,B-220-1-15_masks.tif,68,17601,1225.480231,429.8882516,57.14029819,7.523381312,0.99112691,-62.49307391,3483.039373,3498.778876,3617,0.205499688,192.5302734,195.8791809,147.8808441
36531,B-220-1-15_masks.tif,69,10574,690.5269119,278.8975676,50.74812322,5.49572181,0.983305985,82.03779982,1432.45366,3440.522413,0,0,,,
36532,B-220-1-15_masks.tif,70,19390,933.254834,371.2234881,68.39200235,5.427878631,0.982882403,-77.82405728,4040.561062,3492.993914,4911,0.253274884,192.2413025,193.713913,154.8570557
36533,B-220-1-15_masks.tif,71,10448,702.9116882,255.0216529,54.32011269,4.694792412,0.977051771,68.78612574,1398.706547,3599.348009,0,0,,,
36534,B-220-1-15_masks.tif,72,10697,765.1126984,319.2072127,46.46971096,6.869145646,0.989346702,81.62499276,3984.219314,3619.609704,0,0,,,
36535,B-220-2-01_masks.tif,1,9666,724.8700577,307.5302282,40.77359238,7.542387371,0.991171771,83.69965584,590.1841506,1129.281502,0,0,,,
36536,B-220-2-01_masks.tif,2,5922,540.627417,227.8379832,35.60265549,6.399465996,0.987715477,89.03046526,341.2895981,1171.821006,0,0,,,
36537,B-220-2-01_masks.tif,3,19271,1223.480231,436.4542011,68.06889007,6.411948258,0.987763555,61.79387699,1095.112086,1403.960095,0,0,,,
36538,B-220-2-01_masks.tif,4,10680,681.7401154,253.9767255,55.17515309,4.603099606,0.976117127,66.72938761,2154.464888,1386.164794,0,0,,,
36539,B-220-2-01_masks.tif,5,17883,936.7106781,357.5258752,64.7896933,5.518252318,0.983443172,68.13200959,2314.258793,1527.432925,0,0,,,
36540,B-220-2-01_masks.tif,6,12975,997.4974747,382.6280373,51.61776066,7.41272059,0.990858777,82.63070126,2858.115067,1519.817572,8932,0.688400771,206.8823395,209.487793,207.5395203
36541,B-220-2-01_masks.tif,7,19870,1105.722871,384.887966,67.33882326,5.715691891,0.984576085,53.49157715,2887.445294,1636.961198,931,0.046854555,207.4070892,196.8678894,201.1020355
36542,B-220-2-01_masks.tif,8,14305,769.4974747,280.6039249,68.41808899,4.101311934,0.969819392,-72.72951053,3111.663404,1590.850821,10904,0.762250961,202.2194672,201.7347717,184.2177124
36543,B-220-2-01_masks.tif,9,11128,816.1248917,295.9336859,49.85899941,5.935411649,0.985705019,60.14840871,2107.368799,1665.779295,0,0,,,
36544,B-220-2-01_masks.tif,10,10775,657.3969696,234.5313573,60.75861481,3.86005109,0.965860177,36.66803947,3058.122691,1722.441949,1287,0.119443155,164.7894287,161.5174866,172.3978271
36545,B-220-2-01_masks.tif,11,13635,889.0538239,331.7670588,53.43139335,6.209215931,0.986946097,22.71777475,2656.013201,1812.155776,0,0,,,
36546,B-220-2-01_masks.tif,12,12156,839.3380951,305.2341095,54.17785253,5.6339278,0.984121511,44.28171112,2878.597647,1850.809559,0,0,,,
36547,B-220-2-01_masks.tif,13,15816,903.9238816,326.8677217,64.51821824,5.066285627,0.980326398,38.68622406,3085.875695,1859.212822,0,0,,,
36548,B-220-2-02_masks.tif,1,8557,660.9116882,239.4995614,46.66903524,5.13187299,0.980830941,-25.14876188,2211.019867,901.5229637,0,0,,,
36549,B-220-2-02_masks.tif,2,6040,459.3553391,163.7009234,48.36308853,3.38483187,0.955362642,63.62933597,5362.712252,959.4322848,0,0,,,
36550,B-220-2-02_masks.tif,3,7379,486.627417,197.6194205,48.31293209,4.090404204,0.969655692,-12.92972014,4411.058138,1223.44708,0,0,,,
36551,B-220-2-02_masks.tif,4,10073,603.6984848,244.3877194,53.49593371,4.568341973,0.975747792,-0.546779528,4301.419835,1264.076442,0,0,,,
36552,B-220-2-02_masks.tif,5,11098,708.1837662,284.5974589,51.30671682,5.546982473,0.983615663,13.04451223,4244.64417,1289.842314,3790,0.341502974,183.0635834,188.7680664,178.9488068
36553,B-220-2-02_masks.tif,6,8715,508.2842712,197.1417684,57.0366585,3.456404592,0.957233047,-74.83786219,2942.199082,1272.672404,6042,0.693287435,191.0426941,198.3334961,174.2919617
36554,B-220-2-02_masks.tif,7,16313,1110.752309,394.4398562,66.88265833,5.897490711,0.98551924,27.79788653,4200.434071,1442.986575,66,0.004045853,236.5,184.7272797,220.1060638
36555,B-220-2-02_masks.tif,8,4962,433.3553391,137.1115178,47.76230232,2.870705789,0.93736588,-37.86187311,2667.074567,1315.165861,4228,0.852075776,200.6281891,203.5664673,168.4640503
36556,B-220-2-02_masks.tif,9,6491,431.4558441,155.4921482,54.24411969,2.866525424,0.937176936,11.25910618,4359.102912,1328.983053,0,0,,,
36557,B-220-2-02_masks.tif,10,12117,679.3969696,252.9021807,62.23995297,4.063341449,0.969243714,-58.83585632,2924.4974,1368.365354,7620,0.628868532,198.304718,204.7446136,176.0332031
36558,B-220-2-02_masks.tif,11,18350,1204.693434,437.3013411,58.65403713,7.455605148,0.990964113,36.34502964,3631.345831,1488.182452,0,0,,,
36559,B-220-2-02_masks.tif,12,20110,963.6984848,413.9342108,64.23658954,6.443900802,0.987885347,-1.99528469,2404.651517,1530.145599,10471,0.520686226,190.6242065,191.6651764,171.8178711
36560,B-220-2-02_masks.tif,13,12068,773.2964646,277.0639493,58.90016466,4.703958824,0.977142166,61.78754657,4661.275439,1434.411584,151,0.01251243,234.8344421,219.9337769,233.5033112
36561,B-220-2-02_masks.tif,14,18093,1052.066017,374.0171178,64.88465822,5.76433826,0.984837313,33.65463909,4703.126955,1588.193832,10280,0.568175538,180.74086,183.4722748,177.4595337
36562,B-220-2-02_masks.tif,15,16204,983.6812409,337.8077762,63.50851183,5.319094503,0.98216866,30.20997704,4538.24747,1603.405641,6661,0.41107134,185.602005,189.7763062,181.0399323
36563,B-220-2-02_masks.tif,16,7832,577.4974747,194.9675555,53.27655989,3.659537251,0.961940612,40.14765317,4429.115424,1519.728422,0,0,,,
36564,B-220-2-02_masks.tif,17,6317,477.8406204,165.2128937,50.49173097,3.27207823,0.952154798,30.63276273,2958.836631,1606.915783,2762,0.437232864,186.3577118,188.0966644,182.0894318
36565,B-220-2-02_masks.tif,18,6942,543.5979797,198.0421884,47.59472076,4.161011667,0.970692192,69.76912284,4402.271824,1576.048977,0,0,,,
36566,B-220-2-02_masks.tif,19,13722,762.7106781,259.0689619,69.28839747,3.738994859,0.963571307,37.83265471,2857.916193,1645.649978,5834,0.425156683,191.0675354,188.5041199,171.0269165
36567,B-220-2-02_masks.tif,20,16453,931.9238816,311.7854612,68.97124285,4.520513888,0.975225338,39.72352102,2987.895946,1727.393545,10575,0.642739926,185.6182556,181.9788208,174.8055725
36568,B-220-2-02_masks.tif,21,10559,644.5269119,262.8658739,52.38662612,5.01780499,0.979940491,-81.72838151,4165.272753,1628.189033,0,0,,,
36569,B-220-2-02_masks.tif,22,5856,417.5979797,145.3828107,51.9421413,2.798937569,0.933997928,49.4264474,4234.467555,1701.218579,0,0,,,
36570,B-220-2-02_masks.tif,23,7286,466.627417,183.6178595,51.53038086,3.563293273,0.959813317,-80.16342109,3805.098957,1689.55888,0,0,,,
36571,B-220-2-02_masks.tif,24,10762,564.0416306,229.3031417,60.75907274,3.773973686,0.964255914,-84.53733642,3913.809143,1718.569783,4584,0.425943133,181.1919708,183.3610382,158.6963348
36572,B-220-2-02_masks.tif,25,5740,454.2842712,167.2467871,46.56952869,3.591335188,0.960451314,71.10002455,2869.555749,1755.749129,0,0,,,
36573,B-220-2-02_masks.tif,26,13149,758.5685425,296.0281793,58.13195424,5.09234866,0.980529259,68.86319208,3489.503841,1784.063503,5385,0.409536847,177.217453,178.849762,174.6774445
36574,B-220-2-02_masks.tif,27,11812,698.5269119,292.5098179,53.17414939,5.500977848,0.983338141,79.85011877,4543.298341,1781.827548,5722,0.484422621,188.2719269,195.9253693,187.645401
36575,B-220-2-02_masks.tif,28,12436,746.3675324,268.3415908,59.700906,4.494765805,0.974937026,34.95205536,3146.298729,1865.96679,7742,0.622547443,195.3362122,190.6804504,184.3655396
36576,B-220-2-02_masks.tif,29,17293,915.3380951,333.9871823,68.06625801,4.906795115,0.979012749,34.904077,3273.104435,1904.854103,10308,0.596079338,186.8091736,187.2820129,176.1303864
36577,B-220-2-02_masks.tif,30,6435,476.8700577,192.3473566,43.2477004,4.447574202,0.974395312,-15.22799629,3939.642735,1878.214297,0,0,,,
36578,B-220-2-02_masks.tif,31,16011,924.7523087,310.7259855,67.78141444,4.584235783,0.97591774,37.51280062,2688.22572,1937.919056,7766,0.485041534,177.5664368,174.7325592,163.74646
36579,B-220-2-02_masks.tif,32,16457,925.5807358,331.5682689,66.34226288,4.997843825,0.97977828,42.88060506,3036.835389,1908.780215,9035,0.549006502,181.0078583,178.5634766,164.6752625
36580,B-220-2-02_masks.tif,33,14342,809.4386002,303.550363,63.52136855,4.77871258,0.977859741,37.9331112,3367.46193,1902.724725,0,0,,,
36581,B-220-2-02_masks.tif,34,11931,582.0416306,235.1118236,66.20337518,3.551357056,0.959537021,-83.36268732,4289.864135,1847.158076,6423,0.538345487,183.1354523,182.5839996,154.9090729
36582,B-220-2-02_masks.tif,35,7020,730.9533188,257.7214148,36.13777955,7.131633932,0.990120327,45.55527333,4540.130769,1903.911966,0,0,,,
36583,B-220-2-02_masks.tif,36,17239,842.2842712,350.8040106,63.40423711,5.532816521,0.983530953,-86.26717445,4730.482163,1844.772319,9591,0.556354777,185.2139435,187.6572876,166.6896057
36584,B-220-2-02_masks.tif,37,20906,1153.622366,400.6724909,70.49286027,5.683873365,0.984401542,38.5663831,3556.362623,2015.558356,11702,0.559743614,185.1419373,185.0704193,170.8599396
36585,B-220-2-02_masks.tif,38,14536,827.2964646,311.5007582,61.02603269,5.104391428,0.980621932,64.43852188,2247.724615,1937.464915,8477,0.583172812,182.8032379,184.9981079,171.506073
36586,B-220-2-02_masks.tif,39,14374,830.509668,298.1197938,63.12307228,4.722834029,0.977326623,43.27847293,3182.118965,1995.755879,3190,0.221928482,180.3097229,177.1006317,179.1962433
36587,B-220-2-02_masks.tif,40,12722,861.9238816,301.0498821,57.37680364,5.246891827,0.981669916,43.67211502,4393.099591,1993.02311,0,0,,,
36588,B-220-2-02_masks.tif,41,12661,912.1665222,330.379167,52.95855924,6.238447036,0.987068941,49.34104159,3041.407551,2004.017218,0,0,,,
36589,B-220-2-02_masks.tif,42,15502,973.0954544,343.4794512,59.19787885,5.802225652,0.985036185,28.42927858,4356.138369,2087.265708,320,0.020642498,225.0687561,200.2718811,227.5749969
36590,B-220-2-02_masks.tif,43,5950,536.6690476,172.9913031,46.84929133,3.692506294,0.962630353,31.6903979,2817.502185,1991.443529,0,0,,,
36591,B-220-2-02_masks.tif,44,12367,651.254834,243.9893593,65.21820098,3.74112373,0.963613537,20.39701715,1943.745452,2109.948169,5921,0.478774157,193.1699066,192.7897339,167.1400146
36592,B-220-2-02_masks.tif,45,8033,545.8406204,199.3299453,52.31000294,3.810551216,0.964951243,26.72834215,1543.474791,2095.194074,0,0,,,
36593,B-220-2-02_masks.tif,46,9573,604.5685425,214.7861212,57.64429298,3.726060467,0.963313132,32.18218353,1875.039695,2110.642223,0,0,,,
36594,B-220-2-02_masks.tif,47,18480,949.0954544,344.5734838,69.50478296,4.957550676,0.979444773,30.76207311,4383.104058,2245.265152,11327,0.6129329,178.7048645,179.4227905,161.1535339
36595,B-220-2-02_masks.tif,48,11713,711.3969696,262.7938013,59.24157969,4.435968837,0.974259391,22.65311405,1569.491505,2254.231794,0,0,,,
36596,B-220-2-02_masks.tif,49,9074,550.6690476,186.0730194,64.03207608,2.905934506,0.938924438,29.58118987,1747.351003,2199.502204,30,0.003306149,204.1999969,201.2666626,212.0333405
36597,B-220-2-02_masks.tif,50,16477,823.1543289,312.3671611,71.12913911,4.391549863,0.973728985,21.02965108,1721.2109,2293.979304,9053,0.549432542,183.0127106,183.2674255,168.3937988
36598,B-220-2-02_masks.tif,51,10952,700.7695526,272.7750215,53.1619737,5.131017577,0.980824487,78.93556349,2501.390248,2199.823046,0,0,,,
36599,B-220-2-02_masks.tif,52,6802,421.4558441,156.6160443,55.9412591,2.799651757,0.934032786,11.50513209,1842.336813,2236.291238,0,0,,,
36600,B-220-2-02_masks.tif,53,15524,721.9411255,281.3150883,73.93591031,3.80485054,0.964844225,-9.307188713,4125.121811,2288.576849,5157,0.33219531,187.5836792,192.1070404,155.8351746
36601,B-220-2-02_masks.tif,54,17955,1008.651804,361.6820455,64.1607923,5.637119377,0.98413963,53.67749945,1484.353272,2296.224172,0,0,,,
36602,B-220-2-02_masks.tif,55,14068,663.254834,232.8663442,78.53712848,2.965047853,0.941410581,-68.85640777,3148.949247,2244.946119,6435,0.457421098,184.1333313,181.5075378,153.075531
36603,B-220-2-02_masks.tif,56,14859,1048.308658,397.2232626,56.69010056,7.006924642,0.989763686,50.45237343,3382.193957,2325.29827,0,0,,,
36604,B-220-2-02_masks.tif,57,11169,725.6984848,294.0527304,54.95598,5.350695783,0.982380546,-84.37854709,2397.862835,2264.24577,0,0,,,
36605,B-220-2-02_masks.tif,58,8636,525.1126984,195.0005293,58.24291572,3.348055757,0.954353066,13.08851876,1663.161765,2352.657712,0,0,,,
36606,B-220-2-02_masks.tif,59,13533,644.1837662,242.7145233,72.4028266,3.352279665,0.954470767,9.82259527,2079.787187,2393.18695,9541,0.705017365,200.4963837,198.9742126,183.7229919
36607,B-220-2-02_masks.tif,60,13666,844.6101731,304.5778941,58.65228651,5.192941524,0.981283418,31.1696991,5351.589053,2429.01983,7130,0.521732767,168.9601746,174.0744781,150.6161346
36608,B-220-2-02_masks.tif,61,7063,549.6984848,212.2001477,44.08676414,4.813239344,0.97817977,77.90398272,2418.045165,2339.158998,0,0,,,
36609,B-220-2-02_masks.tif,62,11376,904.509668,317.5347403,52.86156325,6.006911653,0.986045693,38.73815714,1256.217475,2471.580345,6823,0.599771449,189.0426483,191.5537109,190.4014435
36610,B-220-2-02_masks.tif,63,4774,396.1837662,127.7843227,48.60779558,2.62888537,0.924826439,30.90424222,2015.193548,2394.443653,0,0,,,
36611,B-220-2-02_masks.tif,64,14276,903.5807358,327.5102251,57.25753811,5.719949476,0.984599217,39.82875651,4445.443261,2456.649201,9426,0.660268983,181.7756195,184.4765472,180.9231873
36612,B-220-2-02_masks.tif,65,12058,736.1248917,270.4182904,57.98021938,4.663974944,0.976743884,37.81119246,2195.690164,2457.648698,8458,0.701443025,190.6633911,190.2636566,172.4283447
36613,B-220-2-02_masks.tif,66,9863,607.6984848,245.5739815,52.81101834,4.650052001,0.976602741,-88.94412444,1528.971206,2461.447227,0,0,,,
36614,B-220-2-02_masks.tif,67,13403,860.509668,308.8013694,56.53867599,5.461772211,0.983096015,46.47396015,2057.534209,2571.093785,7423,0.553831232,199.7269287,199.0238495,192.0910645
36615,B-220-2-02_masks.tif,68,19233,1010.651804,355.8919761,70.71472471,5.032784579,0.980060936,40.82165866,3608.863516,2609.509697,11139,0.579160817,186.9806061,186.8121033,174.3637695
36616,B-220-2-02_masks.tif,69,9272,511.4558441,202.168673,59.69287088,3.386814372,0.955416103,-86.63731493,1524.804681,2511.863999,0,0,,,
36617,B-220-2-02_masks.tif,70,10944,761.2964646,287.9163271,51.29402441,5.613057864,0.984002254,31.98848856,1257.216831,2613.162738,0,0,,,
36618,B-220-2-02_masks.tif,71,20070,1145.137085,401.3262384,75.33182435,5.327446161,0.982225029,45.20375705,3750.344345,2680.444494,10859,0.541056303,181.5316315,181.9073639,172.812973
36619,B-220-2-02_masks.tif,72,18214,874.1837662,351.3151898,69.77725288,5.034809702,0.980077136,-7.159599924,3467.744372,2705.938179,6534,0.358735039,187.36409,191.3475647,176.340683
36620,B-220-2-02_masks.tif,73,25878,1085.740115,432.4681803,80.79463844,5.352684146,0.982393751,82.48695424,3895.97152,2592.097689,13352,0.515959502,187.837326,188.7975616,170.5355682
36621,B-220-2-02_masks.tif,74,13295,733.1126984,300.6196365,57.43553674,5.23403547,0.981578911,84.46743911,1771.048665,2598.221512,0,0,,,
36622,B-220-2-02_masks.tif,75,9833,727.2964646,246.0312699,53.49049552,4.59953245,0.976079614,44.06650009,2080.57907,2661.22333,5566,0.566053087,186.1649323,186.9705353,190.1475067
36623,B-220-2-02_masks.tif,76,15505,930.6518036,339.3628577,59.56162473,5.697676301,0.984477622,43.37676631,1632.73673,2697.996646,0,0,,,
36624,B-220-2-02_masks.tif,77,12558,794.1248917,294.233513,56.44641429,5.212616544,0.981425778,60.65785507,1707.220975,2668.644529,0,0,,,
36625,B-220-2-02_masks.tif,78,22702,1096.308658,374.9036044,78.88798499,4.752353662,0.977610639,57.65559009,4036.174346,2732.593031,13165,0.579904854,185.898056,185.6830292,168.6638794
36626,B-220-2-02_masks.tif,79,12417,767.9827561,290.6650863,57.91419798,5.018891678,0.979949265,23.74107976,1560.745913,2791.726343,0,0,,,
36627,B-220-2-02_masks.tif,80,14816,885.4386002,318.9880957,60.91302926,5.236779381,0.981598391,54.94676962,4088.981506,2845.362041,7278,0.491225702,186.3495483,185.3044739,186.7434692
36628,B-220-2-02_masks.tif,81,12275,655.1126984,269.7060084,59.55378156,4.528780564,0.975316845,-83.32358113,3690.2611,2792.070224,0,0,,,
36629,B-220-2-02_masks.tif,82,24114,1071.722871,381.2513381,81.45057079,4.680769384,0.976912438,53.03242126,3642.961723,2935.909969,16306,0.676204694,182.6712189,183.126709,171.7094879
36630,B-220-2-02_masks.tif,83,12294,730.4264069,296.6955273,56.60942959,5.241097278,0.981628982,73.4283339,4251.088986,3045.852855,4766,0.387668782,178.2958527,180.9653778,177.3640442
36631,B-220-2-02_masks.tif,84,23267,1147.095454,426.8080895,71.52869142,5.9669495,0.985856811,24.06950616,3861.289165,3283.495638,16460,0.707439721,186.6809235,188.8045502,173.5201721
36632,B-220-2-02_masks.tif,85,11796,817.882251,301.3740478,51.17553774,5.889025522,0.985477272,65.56372005,1663.882672,3531.950153,0,0,,,
36633,B-220-2-03_masks.tif,1,13481,970.509668,346.583355,51.79360946,6.691623901,0.988770712,58.45436199,243.7450486,387.5663526,5153,0.382241673,202.9967041,208.4645844,201.1956177
36634,B-220-2-03_masks.tif,2,7898,597.2132034,252.8712668,42.9538166,5.887050019,0.985467452,-4.807215555,121.7623449,480.6895417,3378,0.427703216,187.0713501,185.5849609,177.7711639
36635,B-220-2-03_masks.tif,3,12168,872.4680374,317.3335854,51.54136535,6.156871926,0.986721692,-25.24845669,140.6260684,603.7736686,5076,0.417159763,200.4277039,199.4369507,174.8079224
36636,B-220-2-03_masks.tif,4,9537,594.5685425,207.1994053,59.19699275,3.500167757,0.95831893,55.49782065,3545.894516,567.9868932,8642,0.906154975,201.7520294,204.3606873,200.8012085
36637,B-220-2-03_masks.tif,5,8134,561.1126984,204.8397474,52.48767791,3.902625446,0.966613786,82.99154659,892.8720187,579.9429555,0,0,,,
36638,B-220-2-03_masks.tif,6,8545,612.7695526,241.1301924,46.01648309,5.240083035,0.981621804,74.35761098,3526.624927,627.9452311,296,0.03464014,194.1790466,192.1554108,190.3378448
36639,B-220-2-03_masks.tif,7,11288,710.8700577,301.8577104,50.55849305,5.970464945,0.985873581,87.82815515,3891.842045,663.5022147,0,0,,,
36640,B-220-2-03_masks.tif,8,11259,841.3969696,306.7174634,50.31132555,6.096390028,0.986455101,20.50516509,215.6652456,979.205258,10496,0.932231992,209.5061951,211.7555237,211.821167
36641,B-220-2-03_masks.tif,9,9513,515.6984848,196.0836068,62.5882739,3.132912839,0.947690146,14.29585686,144.7800904,927.525071,3916,0.41164722,201.0602722,199.9581146,203.7803955
36642,B-220-2-03_masks.tif,10,5869,449.1126984,167.1892593,47.17964796,3.543673312,0.959357639,66.74942251,3488.976827,920.3884819,0,0,,,
36643,B-220-2-03_masks.tif,11,5869,491.0121933,173.698135,44.30156216,3.920812867,0.966928089,63.42167942,3474.299881,960.0960981,0,0,,,
36644,B-220-2-03_masks.tif,12,10937,799.4386002,274.6338437,52.41546048,5.239557971,0.981618085,42.41942912,183.0361159,1080.471519,2442,0.223278778,180.6527405,174.9938507,174.5233459
36645,B-220-2-03_masks.tif,13,5971,498.2842712,184.4894726,42.90805078,4.299647018,0.972577931,-87.36165294,3912.332775,1155.268297,0,0,,,
36646,B-220-2-03_masks.tif,14,5748,418.5269119,141.2515464,54.34352105,2.599234346,0.923029708,38.02226988,45.90605428,1217.379958,5718,0.994780793,201.1038818,202.984436,204.0430145
36647,B-220-2-03_masks.tif,15,13856,741.9411255,307.1217061,57.96949855,5.297987973,0.982024998,80.06230061,1769.187211,1242.507217,0,0,,,
36648,B-220-2-03_masks.tif,16,20247,856.9533188,290.5669776,89.85037697,3.233898258,0.950989126,27.53807747,1509.708599,1400.082481,0,0,,,
36649,B-220-2-03_masks.tif,17,4364,346.2842712,106.6455873,53.61311034,1.989169936,0.864447993,-32.2553497,47.56095325,1308.95967,4146,0.95004583,200.5844116,201.2855835,171.811142
36650,B-220-2-03_masks.tif,18,9114,725.9827561,282.8383744,45.28901748,6.245186804,0.987097019,26.16064346,1567.565284,1386.088545,0,0,,,
36651,B-220-2-03_masks.tif,19,19791,842.1837662,336.0626683,76.6470789,4.384546327,0.973643855,-4.73098843,1942.609519,1470.889394,0,0,,,
36652,B-220-2-03_masks.tif,20,12237,823.4558441,352.3454345,48.23737302,7.304407608,0.990584369,-4.072787881,1186.357931,1519.483942,0,0,,,
36653,B-220-2-03_masks.tif,21,17176,1052.367532,393.6697648,65.71605374,5.990465683,0.985968423,70.72446714,3192.524278,1453.105438,0,0,,,
36654,B-220-2-03_masks.tif,22,21905,1079.84062,424.4225419,69.7172626,6.08776831,0.986416444,2.670720188,1881.810546,1669.953116,0,0,,,
36655,B-220-2-03_masks.tif,23,12798,825.8406204,330.7989628,51.49995472,6.423286477,0.987806982,78.52372667,3617.44632,1602.068683,0,0,,,
36656,B-220-2-03_masks.tif,24,7253,511.254834,175.2247969,54.54745577,3.212336752,0.950311735,51.21473354,3115.375431,1625.690887,0,0,,,
36657,B-220-2-03_masks.tif,25,14586,791.7817459,289.8842031,66.08734303,4.38638005,0.973666185,52.62866232,1651.913273,1654.106198,0,0,,,
36658,B-220-2-03_masks.tif,26,8719,533.8406204,193.2234398,58.4931302,3.303352703,0.953078664,25.2468396,2993.281684,1666.682303,0,0,,,
36659,B-220-2-03_masks.tif,27,13639,707.0538239,236.7487702,74.5708915,3.174814803,0.94909864,53.41361041,3259.028594,1702.558032,0,0,,,
36660,B-220-2-03_masks.tif,28,16054,881.2964646,330.1785649,64.5896807,5.111939884,0.980679682,66.29215498,3194.092064,1749.262365,0,0,,,
36661,B-220-2-03_masks.tif,29,20567,926.4264069,369.4643813,72.54767683,5.092711406,0.98053206,6.846680958,980.778237,1880.378859,17271,0.839743278,206.7536316,206.4728088,194.0086212
36662,B-220-2-03_masks.tif,30,4539,471.1126984,165.7220237,39.10505968,4.237866532,0.971760877,71.76393518,1257.319013,1742.619299,0,0,,,
36663,B-220-2-03_masks.tif,31,8509,601.3553391,239.8677419,47.40605761,5.059854247,0.98027585,-74.1457751,1626.387472,1792.201434,0,0,,,
36664,B-220-2-03_masks.tif,32,6956,484.8700577,185.8513475,48.74043655,3.81308336,0.964998621,77.08611965,3169.325187,1817.0887,0,0,,,
36665,B-220-2-03_masks.tif,33,14008,959.6396103,359.1987983,51.19145094,7.016773147,0.989792548,70.82787566,1215.445388,1849.723444,0,0,,,
36666,B-220-2-03_masks.tif,34,7439,624.8111832,230.3980632,42.59639547,5.408862902,0.982760775,37.76640361,3418.039118,1879.240624,0,0,,,
36667,B-220-2-03_masks.tif,35,17644,1072.066017,388.6951367,75.69717766,5.134869604,0.980853526,39.81602402,309.1453185,1998.861426,9239,0.523634097,189.9672089,187.283371,183.2265472
36668,B-220-2-03_masks.tif,36,16387,769.6984848,308.0449974,69.52718484,4.43056911,0.974195779,88.78655722,1729.549033,1862.613108,0,0,,,
36669,B-220-2-03_masks.tif,37,19127,1071.379726,378.2858109,65.11706877,5.809318786,0.98507298,40.45111379,360.2880744,1980.125111,17933,0.937575156,205.1130829,207.6362,200.7177887
36670,B-220-2-03_masks.tif,38,7981,524.4264069,187.5447247,55.25908272,3.393916719,0.955606837,66.71445356,3321.186819,1916.571482,0,0,,,
36671,B-220-2-03_masks.tif,39,9155,534.1837662,201.1213366,58.86816372,3.416470362,0.956204403,24.05138666,3291.511196,2038.174549,8128,0.887820863,211.4035492,212.8234558,208.1371765
36672,B-220-2-03_masks.tif,40,20295,1010.994949,351.2865078,75.83924204,4.631988643,0.976417693,53.9603104,950.479527,2079.865435,2598,0.128011826,178.425705,168.5635071,171.1174011
36673,B-220-2-03_masks.tif,41,23360,1214.936075,419.5805024,73.31397778,5.723062848,0.9846161,41.871446,3416.089341,2259.375514,25,0.001070205,205.6399994,190,181.3200073
36674,B-220-2-03_masks.tif,42,10049,669.6984848,260.3769797,50.56170588,5.1496874,0.98096462,-81.61354796,2501.206886,2326.683153,0,0,,,
36675,B-220-2-03_masks.tif,43,9411,670.8700577,275.4424662,44.76238252,6.153436228,0.986706761,-89.39582654,2222.680162,2567.669323,0,0,,,
36676,B-220-2-03_masks.tif,44,17320,930.9116882,337.419225,73.89530807,4.566179285,0.975724528,13.95130031,4163.136663,2729.39336,0,0,,,
36677,B-220-2-03_masks.tif,45,9184,648.8700577,268.0437336,46.05368299,5.820245335,0.985129396,4.6367371,4218.35257,2692.782992,0,0,,,
36678,B-220-2-03_masks.tif,46,10373,712.2842712,282.6202755,50.9737261,5.544430378,0.98360045,-0.661389195,4265.592114,2734.545358,0,0,,,
36679,B-220-2-03_masks.tif,47,10240,690.2842712,299.5588174,46.63817925,6.423038424,0.987806035,7.987237279,4046.603906,2807.336914,0,0,,,
36680,B-220-2-03_masks.tif,48,7217,593.6984848,226.7869187,42.7988331,5.298904252,0.982031271,12.04079358,4082.772482,2801.596093,0,0,,,
36681,B-220-2-03_masks.tif,49,12840,770.3675324,280.5877628,59.2682716,4.734198504,0.977436602,-34.3571309,3534.61215,2883.682243,6862,0.534423676,192.076355,198.7897186,169.0791321
36682,B-220-2-03_masks.tif,50,18309,1189.982756,478.1107834,54.09745131,8.83795395,0.993578104,12.70279858,3960.782238,3041.94784,0,0,,,
36683,B-220-2-03_masks.tif,51,21602,1027.63961,404.2496252,69.4795603,5.818252496,0.985119131,15.05066232,4016.952967,3024.614712,0,0,,,
36684,B-220-2-03_masks.tif,52,12855,797.0954544,289.7233339,57.29507914,5.056687909,0.980250892,-45.85589376,3808.62077,3020.816803,0,0,,,
36685,B-220-2-03_masks.tif,53,19112,1079.982756,420.9988137,61.40629474,6.85595533,0.989305449,77.03788514,4248.419213,2994.839839,15650,0.818857262,198.3144379,199.9862671,198.1683044
36686,B-220-2-03_masks.tif,54,13504,912.3259018,312.2010612,59.85820877,5.21567664,0.981447773,13.20389102,4097.285397,3106.476377,0,0,,,
36687,B-220-2-03_masks.tif,55,15368,823.4558441,349.8515459,60.11198558,5.819996503,0.985128115,-83.3172268,5292.257678,3002.001562,0,0,,,
36688,B-220-2-03_masks.tif,56,19175,1079.338095,395.289927,62.96075118,6.278354682,0.987233868,23.97682701,3929.661069,3225.706023,0,0,,,
36689,B-220-2-03_masks.tif,57,8386,594.0416306,247.9044507,45.15559715,5.490004923,0.983270903,-86.38082722,5258.312187,3113.448247,0,0,,,
36690,B-220-2-03_masks.tif,58,16974,1190.911688,469.4536583,53.18583304,8.826667394,0.993561617,-85.88497402,5071.580064,3168.070696,0,0,,,
36691,B-220-2-03_masks.tif,59,11730,675.8406204,263.0985807,59.55301657,4.417888394,0.974045458,-16.30250163,4067.794203,3310.122762,0,0,,,
36692,B-220-2-03_masks.tif,60,6568,572.9116882,206.5943289,42.56341347,4.853800766,0.978546915,-55.22715117,4716.558465,3423.280603,0,0,,,
36693,B-220-2-03_masks.tif,61,13143,818.8111832,292.6919646,59.88226385,4.887790572,0.978847461,67.84800601,4937.914403,3588.085293,0,0,,,
36694,B-220-2-04_masks.tif,1,10239,588.9705627,254.8552029,54.79702824,4.650894604,0.976611319,-1.878956284,4071.178924,114.2081258,8867,0.866002539,205.2811584,205.5266724,184.5072784
36695,B-220-2-04_masks.tif,2,3317,336.0416306,115.8336652,37.86772938,3.058901792,0.945053845,21.95496112,5076.672294,59.85860718,0,0,,,
36696,B-220-2-04_masks.tif,3,6201,518.0416306,204.6182313,41.44972391,4.936540271,0.979267574,89.01828951,4905.557975,60.26544106,0,0,,,
36697,B-220-2-04_masks.tif,4,5646,480.5269119,181.6270944,42.13397732,4.310703759,0.972720393,-71.05426297,4827.576514,172.8326249,0,0,,,
36698,B-220-2-04_masks.tif,5,8582,548.8111832,187.5939236,59.72004196,3.141222234,0.947974113,43.71588641,5140.170706,214.6779306,8170,0.951992543,196.7396545,201.6585083,196.9754028
36699,B-220-2-04_masks.tif,6,3649,364.8700577,130.737053,37.27378684,3.507479762,0.958496292,66.91571916,5188.41299,172.0542614,0,0,,,
36700,B-220-2-04_masks.tif,7,15816,742.5269119,299.7167405,67.92760073,4.412296875,0.973978755,1.309894568,3967.984193,331.283131,14524,0.918310572,200.9379578,201.832489,179.6951294
36701,B-220-2-04_masks.tif,8,8743,762.1248917,265.046536,46.87620244,5.654181059,0.98423597,36.41883752,660.6703649,325.8278623,0,0,,,
36702,B-220-2-04_masks.tif,9,3818,353.4558441,132.5582719,37.42366804,3.542097257,0.959320696,-22.27095435,4331.490309,293.3776847,0,0,,,
36703,B-220-2-04_masks.tif,10,4838,378.9705627,151.030185,41.5051022,3.638834192,0.961497611,-4.578592332,4439.921248,362.5024804,0,0,,,
36704,B-220-2-04_masks.tif,11,6091,577.0121933,226.1764973,35.43774077,6.382362204,0.987649135,21.02106241,4668.823018,601.6182893,0,0,,,
36705,B-220-2-04_masks.tif,12,5707,578.4264069,214.9434019,36.71153798,5.854927735,0.98530636,68.59201967,4507.065884,679.6262485,0,0,,,
36706,B-220-2-04_masks.tif,13,18106,1083.095454,381.0344838,62.66269153,6.080723227,0.986384733,25.92168091,2407.913233,864.559704,16381,0.904727715,202.4077911,203.5195007,184.395401
36707,B-220-2-04_masks.tif,14,13794,916.4680374,336.2223309,56.72531929,5.927200325,0.985665096,68.79943128,3990.585544,793.9983326,12759,0.924967377,199.6474609,203.0547028,181.8158875
36708,B-220-2-04_masks.tif,15,8793,766.0243866,263.4092189,47.30009903,5.568893603,0.983745402,45.43580745,3305.405095,1256.663141,55,0.006254976,199.9272766,179.9272766,195.2727203
36709,B-220-2-04_masks.tif,16,18743,1112.852814,418.0755235,62.04364526,6.738410062,0.988926975,66.58806408,3546.566185,1254.065571,7673,0.409379502,206.29245,207.892868,203.6765289
36710,B-220-2-04_masks.tif,17,17341,909.1959595,341.8382613,65.85919444,5.190440974,0.981265208,28.23292116,3351.682198,1417.179978,12562,0.724410357,203.3047333,205.2369843,199.5214996
36711,B-220-2-04_masks.tif,18,19216,1080.551299,390.5284531,64.68486197,6.037401042,0.986187263,52.65437803,3220.568797,1421.272377,12940,0.673397169,201.4588165,201.5079651,187.6511536
36712,B-220-2-04_masks.tif,19,4639,348.9705627,131.7172603,45.74702682,2.879252914,0.937749516,-6.978692388,1920.29834,1365.536322,0,0,,,
36713,B-220-2-04_masks.tif,20,16873,1080.551299,386.0615301,60.52004096,6.379069214,0.9876363,50.43315051,3698.655663,1422.325076,10611,0.628874533,197.0993347,199.5559387,192.6025848
36714,B-220-2-04_masks.tif,21,11683,654.5269119,263.3705611,58.16760076,4.527787938,0.975305884,81.66355202,1689.888214,1357.80339,0,0,,,
36715,B-220-2-04_masks.tif,22,10878,753.882251,274.5738323,53.36456569,5.145246264,0.980931426,60.29492612,1312.268064,1427.872403,0,0,,,
36716,B-220-2-04_masks.tif,23,12298,679.3553391,269.7437597,59.15785701,4.559728383,0.975654934,77.88918297,1694.041958,1415.468369,0,0,,,
36717,B-220-2-04_masks.tif,24,25385,1351.421356,479.0259285,73.88982792,6.482975289,0.988031825,39.70370366,3973.665038,1570.854166,21414,0.843569037,203.0952148,200.868454,193.6003113
36718,B-220-2-04_masks.tif,25,12813,729.8406204,283.9447134,60.0720186,4.726738339,0.977364497,76.35861304,4104.091001,1451.622883,12411,0.968625615,210.0502014,210.7870483,208.0660706
36719,B-220-2-04_masks.tif,26,11928,676.0832611,252.5693474,61.68652973,4.094400325,0.96971582,72.0292872,4068.885144,1496.443913,6742,0.565224681,195.8746643,198.1726532,193.9587708
36720,B-220-2-04_masks.tif,27,12159,746.8700577,318.2094671,51.29446048,6.203583469,0.986922225,82.36957946,1408.779011,1533.836911,0,0,,,
36721,B-220-2-04_masks.tif,28,13499,845.9411255,348.3584744,54.61024625,6.378994756,0.98763601,86.21482004,3644.922365,1539.521002,0,0,,,
36722,B-220-2-04_masks.tif,29,12401,807.9411255,343.9249804,49.1259292,7.000884991,0.989745925,-7.812993653,1789.107007,1666.41666,0,0,,,
36723,B-220-2-04_masks.tif,30,20829,1059.39697,406.0286083,67.26675825,6.036095969,0.986181247,12.9362595,3948.536224,1730.112055,12748,0.612031303,195.1398621,194.7110901,183.0285492
36724,B-220-2-04_masks.tif,31,8441,615.7401154,229.8005143,47.7402631,4.813557768,0.978182689,26.16023266,4220.63393,1633.365004,0,0,,,
36725,B-220-2-04_masks.tif,32,4439,357.2132034,137.7938335,41.60080264,3.31228786,0.953337658,77.14528882,2027.218518,1561.103402,0,0,,,
36726,B-220-2-04_masks.tif,33,7591,527.7401154,182.2348994,54.47585038,3.34524194,0.954274402,48.20000501,3456.889343,1618.898169,0,0,,,
36727,B-220-2-04_masks.tif,34,14205,942.8111832,361.0404317,52.05940262,6.935162785,0.989549624,75.36984242,1520.096656,1629.205069,0,0,,,
36728,B-220-2-04_masks.tif,35,22754,1024.811183,400.144764,74.44271313,5.375203928,0.982542275,-73.16680608,3678.561835,1644.852861,11054,0.485804694,197.2230835,196.0631409,170.1377716
36729,B-220-2-04_masks.tif,36,12261,746.3259018,294.6291372,58.74658201,5.015255817,0.979919885,69.68590508,1479.10619,1674.772531,0,0,,,
36730,B-220-2-04_masks.tif,37,17155,786.1837662,309.1827548,71.51828144,4.323128975,0.97287916,85.70367955,3340.434101,1670.805887,6931,0.404022151,201.6352692,198.7695923,162.3594055
36731,B-220-2-04_masks.tif,38,6753,446.7695526,158.6775626,55.12463245,2.878523729,0.937716926,62.41502349,1361.417,1697.754776,0,0,,,
36732,B-220-2-04_masks.tif,39,23504,1191.63961,467.6776052,69.28944724,6.749622401,0.988963938,-80.90596875,3479.81016,1744.536036,7380,0.313989108,201.7533875,200.9360504,168.0696411
36733,B-220-2-04_masks.tif,40,13966,937.9238816,345.215503,63.31965176,5.451948857,0.983034519,46.24271065,1392.254618,1841.914077,10268,0.735214091,205.5353546,206.0371094,196.9220886
36734,B-220-2-04_masks.tif,41,6002,609.2964646,218.2473978,35.75006612,6.104811024,0.986492699,44.0531728,1361.197101,1858.900533,0,0,,,
36735,B-220-2-04_masks.tif,42,8893,539.7401154,186.2135419,62.15677042,2.995869004,0.942646411,37.26346847,1489.023614,1867.245137,831,0.093444282,231.8447723,228.6040955,232.9482574
36736,B-220-2-04_masks.tif,43,10476,672.7106781,253.2433371,55.39838918,4.571312287,0.97577969,45.52406475,1347.951222,1899.55651,0,0,,,
36737,B-220-2-04_masks.tif,44,15436,956.9949494,351.6116555,57.31181778,6.135063747,0.986626483,33.62307911,1626.720394,1993.084931,0,0,,,
36738,B-220-2-04_masks.tif,45,9331,602.5269119,234.6751801,57.57737368,4.075822933,0.969434762,81.46595903,1771.337477,1923.60658,0,0,,,
36739,B-220-2-04_masks.tif,46,14039,870.4680374,321.8125736,57.32736343,5.613594527,0.984005337,22.90081673,1578.258565,2104.303583,0,0,,,
36740,B-220-2-04_masks.tif,47,6889,570.5685425,190.3449826,48.844222,3.89698054,0.966515317,42.97818953,1404.147046,2045.047757,0,0,,,
36741,B-220-2-04_masks.tif,48,9063,545.3553391,208.0171988,55.99914207,3.714649745,0.96308307,-72.5472693,3494.152488,2000.908529,3905,0.430872779,194.8217621,195.8404541,161.8338013
36742,B-220-2-04_masks.tif,49,23224,1147.095454,434.80161,70.04949681,6.207062574,0.986936978,-67.91054901,3987.578023,2074.535997,13365,0.57548226,203.2687683,206.757431,190.7995453
36743,B-220-2-04_masks.tif,50,8265,500.0832611,164.0554551,65.50044164,2.504646548,0.916838647,-53.10064086,1734.892559,2195.535148,6347,0.767937084,197.4528198,200.7138824,175.1389618
36744,B-220-2-04_masks.tif,51,15652,898.8700577,400.9238777,51.60416229,7.76921589,0.991681871,88.02287366,3830.079798,2196.891835,0,0,,,
36745,B-220-2-04_masks.tif,52,14836,1014.769553,401.7743799,48.94068218,8.209415194,0.99255327,-87.59471487,1587.431114,2332.287342,0,0,,,
36746,B-220-2-04_masks.tif,53,11449,543.8406204,183.6379513,80.5644659,2.279391407,0.898626942,-26.91903368,3398.009783,2484.704516,6987,0.610271639,198.4655762,197.6313171,157.1847687
36747,B-220-2-04_masks.tif,54,16981,827.254834,315.9960617,70.84075295,4.460653629,0.974547205,11.27361943,3973.071668,2635.086037,13293,0.782816089,195.5765381,194.1700897,180.5714264
36748,B-220-2-04_masks.tif,55,11839,674.627417,284.3326007,55.32229379,5.139566371,0.980888845,3.706444662,3853.688149,2626.978292,9802,0.827941549,199.2579041,200.773819,186.1873016
36749,B-220-2-04_masks.tif,56,12380,827.6812409,319.9610703,55.81227627,5.732808115,0.984668765,40.97348365,3678.182553,2665.679321,10009,0.808481422,204.2456818,203.9088745,193.8452454
36750,B-220-2-04_masks.tif,57,15676,734.2842712,298.0661065,69.54296436,4.28607134,0.972401474,-2.538044899,3581.725568,2771.322276,226,0.014416943,193.1858368,169.8141632,210.1150513
36751,B-220-2-04_masks.tif,58,8512,661.6396103,235.9294753,48.40367373,4.874205966,0.978728108,37.99986114,3669.393327,2716.632049,6932,0.814379699,196.1317139,198.4234009,187.3026581
36752,B-220-2-04_masks.tif,59,4221,303.7989899,103.3733821,53.47714176,1.933038654,0.855791902,-7.779157597,4082.273632,2776.838901,4196,0.994077233,202.3555756,201.6096344,149.631073
36753,B-220-2-04_masks.tif,60,6430,481.5979797,174.9150779,48.77704182,3.586012423,0.960331395,28.83821664,4167.32846,2874.66112,4860,0.755832037,193.7946472,194.7321014,154.8388824
36754,B-220-2-04_masks.tif,61,3157,260.9705627,85.47351883,48.19685843,1.773425107,0.82585633,-6.833681721,3653.547038,2916.340196,0,0,,,
36755,B-220-2-04_masks.tif,62,17318,819.5979797,324.9534136,69.31799297,4.687865296,0.976983102,6.900436296,2571.403626,3045.820534,11837,0.683508488,190.953537,192.4516296,167.6820984
36756,B-220-2-04_masks.tif,63,7663,453.7989899,185.3448495,53.91534168,3.437701473,0.956755883,-6.496742003,3961.217147,3004.846796,7663,1,202.4585724,203.5561829,170.3279419
36757,B-220-2-04_masks.tif,64,8538,704.9116882,257.2102822,44.51914999,5.777520061,0.984906953,-24.70276797,2729.583743,3145.711642,7925,0.928203326,199.1240387,205.3365326,174.0230865
36758,B-220-2-04_masks.tif,65,4265,292.627417,83.11124151,65.7550813,1.26395162,0.611596915,-11.09663782,3889.390152,3057.586401,4265,1,201.341156,197.8532257,156.5650635
36759,B-220-2-04_masks.tif,66,11283,697.2964646,249.8662359,59.76903455,4.180529898,0.970969302,53.75296173,3263.748737,3169.35035,6610,0.5858371,189.3909302,190.5049896,171.5089264
36760,B-220-2-04_masks.tif,67,8480,537.1543289,189.1672376,57.96043458,3.26373049,0.951903545,50.49802768,3571.045165,3151.468986,6386,0.753066038,198.0834656,198.217514,178.4094849
36761,B-220-2-04_masks.tif,68,4111,282.3847763,90.04907317,58.57425629,1.53734898,0.759531608,26.58092975,4146.39893,3149.895646,3889,0.945998541,195.8601227,199.0930786,168.8896942
36762,B-220-2-04_masks.tif,69,7174,510.0832611,179.3887664,52.54710087,3.413866102,0.956136025,47.33846901,3552.650404,3207.966825,0,0,,,
36763,B-220-2-04_masks.tif,70,7827,565.8406204,191.8498242,54.12865729,3.544330005,0.959373017,24.71516951,3774.742813,3288.954261,0,0,,,
36764,B-220-2-04_masks.tif,71,3825,281.2132034,86.14534622,57.11905317,1.508171817,0.74857119,39.0902979,4027.381699,3272.471111,3825,1,196.7529449,191.0457458,141.2996063
36765,B-220-2-04_masks.tif,72,7442,542.3259018,176.8139263,56.88272811,3.108393921,0.946838406,-44.84844328,2462.416286,3327.110992,4828,0.648750336,202.2586975,201.9138336,153.9538116
36766,B-220-2-04_masks.tif,73,10167,677.882251,237.3798226,57.05281213,4.16070328,0.970687782,54.27373152,3612.541458,3333.880496,0,0,,,
36767,B-220-2-04_masks.tif,74,11790,653.3969696,228.1332381,66.50001568,3.430574201,0.956571928,56.2466353,3711.177354,3335.413825,6964,0.590670059,196.8809662,195.2795868,176.1679993
36768,B-220-2-04_masks.tif,75,6748,456.4264069,152.281361,57.39930698,2.653017414,0.926242032,-37.57634473,3308.825133,3433.961618,3876,0.574392413,204.4803925,203.5131531,161.0355988
36769,B-220-2-04_masks.tif,76,7885,460.5269119,163.5676356,62.57098855,2.614113017,0.923939374,25.23921294,4062.144325,3465.468104,6865,0.870640457,190.5040131,189.0769043,160.8566589
36770,B-220-2-04_masks.tif,77,9641,697.8406204,253.7451742,54.19649716,4.681947865,0.976924196,-14.07186987,2865.872938,3546.402344,8432,0.874598071,193.1611786,196.4902802,165.1665039
36771,B-220-2-04_masks.tif,78,8779,645.0538239,237.4881653,47.97705361,4.950036474,0.979381662,-51.11013979,3342.365645,3502.183848,0,0,,,
36772,B-220-2-04_masks.tif,79,6603,475.1126984,167.0550605,51.86253059,3.221112789,0.950589149,72.1264652,2570.660154,3481.759049,5371,0.813418143,188.3226624,192.3273163,171.9733734
36773,B-220-2-04_masks.tif,80,13592,750.1248917,256.3477907,72.61326892,3.530316078,0.959042931,41.06838428,3556.270821,3563.70593,8348,0.614184815,188.8077393,187.9722137,162.787735
36774,B-220-2-04_masks.tif,81,8580,530.0832611,181.5206249,60.92033689,2.979639217,0.942000631,-55.5975995,3348.141142,3563.920979,0,0,,,
36775,B-220-2-04_masks.tif,82,3942,292.9705627,92.51238403,57.6918214,1.603561506,0.781734116,-7.708441113,3721.105784,3605.785134,3656,0.927447996,188.9655304,191.7631226,156.7592926
36776,B-220-2-05_masks.tif,1,14475,863.0954544,303.2879789,64.10054226,4.731441703,0.977409997,49.19727108,2838.824041,139.5039033,11622,0.802901554,204.3473511,205.6208954,202.5895691
36777,B-220-2-05_masks.tif,2,8476,530.9116882,187.1450233,58.52113042,3.197905133,0.94985039,35.6182338,2679.728174,110.0768051,0,0,,,
36778,B-220-2-05_masks.tif,3,7341,540.9116882,190.8209087,50.23328348,3.79869472,0.964728108,33.68049308,2751.093312,122.0555783,1108,0.150933115,189.1651611,188.6714783,186.9142609
36779,B-220-2-05_masks.tif,4,6796,496.8700577,193.2018292,46.43050253,4.161097094,0.970693414,-13.19403338,3105.281048,162.2389641,0,0,,,
36780,B-220-2-05_masks.tif,5,9273,670.3259018,240.3411218,50.90036086,4.72179603,0.977316537,-24.9999483,2461.058665,177.0479888,0,0,,,
36781,B-220-2-05_masks.tif,6,22788,1108.468037,434.9851743,71.88443092,6.05117365,0.986250505,75.90423812,2129.882965,182.4710374,0,0,,,
36782,B-220-2-05_masks.tif,7,22470,1159.84062,473.730893,66.34824043,7.140067167,0.990143767,89.60971568,2077.899599,276.5437027,0,0,,,
36783,B-220-2-05_masks.tif,8,10134,620.4264069,238.6577307,55.58592617,4.293492025,0.972498139,69.37180485,3141.631833,303.7349516,0,0,,,
36784,B-220-2-05_masks.tif,9,8078,583.4974747,212.0610699,51.29109453,4.134461778,0.970308801,25.88145266,2807.878064,368.9231245,0,0,,,
36785,B-220-2-05_masks.tif,10,9169,654.0832611,237.5778078,54.61887711,4.349738047,0.973214516,70.48188732,3110.804232,342.0748173,0,0,,,
36786,B-220-2-05_masks.tif,11,6464,420.8700577,145.1752641,57.85064939,2.509483743,0.9171734,-78.92815733,3575.525526,375.6081374,0,0,,,
36787,B-220-2-05_masks.tif,12,9934,652.4264069,257.9672296,51.69088558,4.990574773,0.979718719,18.90970695,3101.658144,457.6452587,0,0,,,
36788,B-220-2-05_masks.tif,13,10702,678.5269119,271.8504084,56.27549537,4.830706627,0.978339027,83.01151504,3292.328724,454.6794057,182,0.017006167,207.791214,199.9010925,205.9835205
36789,B-220-2-05_masks.tif,14,10652,687.6396103,245.7383047,57.90508787,4.243811965,0.971841091,34.66028234,3281.456158,547.4344724,9314,0.874389786,207.9432068,208.5335999,205.6013489
36790,B-220-2-05_masks.tif,15,14278,961.9411255,388.8529541,50.47782713,7.70344082,0.991538609,-84.50865816,2846.801023,499.4230985,0,0,,,
36791,B-220-2-05_masks.tif,16,14951,1041.23759,367.1802555,54.89050715,6.689321606,0.988762937,-57.84625826,3726.021537,599.1082202,0,0,,,
36792,B-220-2-05_masks.tif,17,22462,1272.325902,529.2808059,57.52988771,9.200101494,0.994075206,9.093661186,4112.823747,865.5065889,0,0,,,
36793,B-220-2-05_masks.tif,18,22157,1139.23759,415.733265,69.68475306,5.965914303,0.985851867,61.66580575,2444.934784,779.9422304,16538,0.746400686,204.6378632,206.8633423,194.2138062
36794,B-220-2-05_masks.tif,19,12805,870.1665222,311.2542387,54.90088109,5.669385126,0.98432108,45.92571986,1754.691371,876.0657556,7534,0.58836392,207.987793,209.582962,207.6580811
36795,B-220-2-05_masks.tif,20,14382,826.7106781,301.1991793,62.15191294,4.846177134,0.978478622,63.06455827,1190.119455,907.6900987,0,0,,,
36796,B-220-2-05_masks.tif,21,19088,1108.669048,443.8115853,58.37276693,7.603058903,0.99131272,82.53482054,3753.842362,911.9505972,0,0,,,
36797,B-220-2-05_masks.tif,22,9952,797.6812409,294.9191352,44.93023723,6.563934521,0.988326967,48.85117336,2310.589731,1080.016982,0,0,,,
36798,B-220-2-05_masks.tif,23,16428,813.254834,310.7247795,68.88292741,4.510911357,0.975118401,-10.34919348,2137.397614,1283.665693,0,0,,,
36799,B-220-2-05_masks.tif,24,9867,800.9533188,290.7367799,49.00017116,5.933382946,0.985695171,59.93698324,2670.116145,1278.937266,6784,0.68754434,213.3434601,215.0482025,213.5728149
36800,B-220-2-05_masks.tif,25,10479,726.4264069,287.2584765,49.74834932,5.774231314,0.984889624,-13.48647567,2231.341731,1372.710087,0,0,,,
36801,B-220-2-05_masks.tif,26,12221,870.7106781,319.9455253,56.87966364,5.624954595,0.9840704,-62.71303246,1023.5448,1304.975698,0,0,,,
36802,B-220-2-05_masks.tif,27,19792,1203.764502,418.34573,63.49624834,6.58851099,0.988414399,45.56413678,2723.502476,1392.036732,17097,0.863833872,206.1855316,206.7657471,204.2605743
36803,B-220-2-05_masks.tif,28,13358,905.2964646,344.1514972,51.23185325,6.717529729,0.988857642,23.52263285,2633.625842,1438.920722,7506,0.561910466,202.9448395,205.286972,199.6758575
36804,B-220-2-05_masks.tif,29,7744,598.5269119,205.6100784,50.61907781,4.061908816,0.96922167,-81.13594593,3176.108342,1349.721849,0,0,,,
36805,B-220-2-05_masks.tif,30,6799,628.0416306,259.2445772,35.47970588,7.306841215,0.99059067,9.754287185,1641.219297,1467.270922,0,0,,,
36806,B-220-2-05_masks.tif,31,15129,1056.793939,371.574675,53.58584544,6.934194504,0.98954669,46.84709107,3614.702228,1532.087316,4148,0.274175425,206.9257507,213.6591187,204.1241608
36807,B-220-2-05_masks.tif,32,7957,562.6690476,209.0126319,50.16458682,4.166537496,0.970771048,64.29835695,2810.788237,1579.923087,0,0,,,
36808,B-220-2-05_masks.tif,33,9460,653.5979797,256.2782239,50.35438601,5.089491585,0.980507175,-11.24582452,889.5744186,1703.792178,0,0,,,
36809,B-220-2-05_masks.tif,34,5066,489.7989899,196.8020667,39.06724465,5.037521035,0.980098794,-80.43865395,4041.699961,1611.240229,0,0,,,
36810,B-220-2-05_masks.tif,35,6428,486.0416306,183.4798199,47.20444004,3.886918684,0.96633871,-83.47564594,2915.030958,1669.816895,0,0,,,
36811,B-220-2-05_masks.tif,36,8449,679.6984848,266.5891332,42.19114386,6.318604067,0.987397025,9.771332389,832.63617,1845.077051,0,0,,,
36812,B-220-2-05_masks.tif,37,11984,774.5269119,323.7525737,49.27278704,6.570616219,0.988350835,82.1901058,2865.158545,1738.153371,0,0,,,
36813,B-220-2-05_masks.tif,38,17329,1036.225397,385.9779643,65.0280295,5.935562975,0.985705753,16.12929251,1500.33568,1944.653817,11860,0.68440187,197.0740356,198.2783356,186.0402222
36814,B-220-2-05_masks.tif,39,14836,823.7401154,297.8600464,65.30884105,4.560792101,0.97566643,-17.88131206,1221.133527,1891.615597,7056,0.475599892,198.3683319,198.4872437,170.6996918
36815,B-220-2-05_masks.tif,40,18707,971.6812409,331.5319111,73.68084389,4.499567237,0.974991171,29.30510833,2648.531993,1977.470412,18471,0.987384402,202.5378723,203.4465332,185.7792206
36816,B-220-2-05_masks.tif,41,9981,695.8406204,273.2911711,48.42745598,5.643310505,0.984174691,71.92459503,4045.497445,1960.083459,0,0,,,
36817,B-220-2-05_masks.tif,42,11549,800.0243866,288.1158909,53.31340108,5.404192661,0.982730704,-36.99223979,1836.272751,2048.623431,6859,0.593904234,203.8651428,209.5843353,183.247406
36818,B-220-2-05_masks.tif,43,17943,1054.367532,401.3047568,68.73206339,5.838683389,0.985223871,-19.59604682,600.1714318,2158.014825,11005,0.613331104,204.2899628,206.5026855,193.4680634
36819,B-220-2-05_masks.tif,44,5905,578.7695526,196.6956511,40.99879585,4.797595809,0.978035639,74.21800842,998.1004234,2034.09619,4208,0.712616427,198.1064606,204.2939606,200.4094543
36820,B-220-2-05_masks.tif,45,17731,935.254834,377.7656771,61.51662429,6.140871375,0.986651938,-11.28676864,112.3315098,2210.474705,10776,0.60774914,196.5437012,198.32341,185.5715485
36821,B-220-2-05_masks.tif,46,11700,670.8700577,268.3142482,57.45167875,4.670259495,0.976807174,86.28400778,4072.053419,2087.912137,0,0,,,
36822,B-220-2-05_masks.tif,47,12692,1030.911688,383.5181936,54.14123504,7.08366171,0.98998538,81.1983245,1087.991727,2113.836905,0,0,,,
36823,B-220-2-05_masks.tif,48,18151,1020.752309,368.5300255,64.37706611,5.724554531,0.984624179,57.80239995,1294.086827,2276.170955,12963,0.714175528,199.5977783,199.2771759,190.3150482
36824,B-220-2-05_masks.tif,49,17506,795.3553391,319.8272518,70.78365932,4.518376909,0.9752016,-83.18081691,3697.661944,2246.642808,11292,0.645035988,207.1052094,209.0515442,194.8792877
36825,B-220-2-05_masks.tif,50,12268,705.2132034,297.2291916,55.56809239,5.348918395,0.982368729,89.49128667,3684.404467,2312.541653,456,0.037169873,223.4868469,205.5635986,213.0328979
36826,B-220-2-05_masks.tif,51,7897,589.4974747,204.7784133,50.84534716,4.02747596,0.968684602,-60.70103503,3397.155249,2414.45511,2688,0.340382424,198.5412903,203.1495514,165.4966583
36827,B-220-2-05_masks.tif,52,15481,897.254834,348.4896014,61.92648642,5.627472534,0.984084767,9.63958392,72.55054583,2558.604612,8564,0.553194238,194.3149261,194.9724426,179.7865448
36828,B-220-2-05_masks.tif,53,14117,893.882251,339.3541636,58.42006805,5.80886286,0.985070619,-70.60918788,3358.942977,2514.950202,9788,0.693348445,203.6835938,204.8162994,182.6703033
36829,B-220-2-05_masks.tif,54,18734,861.5979797,329.57262,74.43690177,4.427543492,0.974160032,87.80042338,3397.543771,2599.220081,13873,0.740525248,199.5372314,199.8473358,181.306778
36830,B-220-2-05_masks.tif,55,12810,939.4386002,333.1602311,53.50612469,6.226581218,0.987019285,-31.35727494,3544.30765,2721.107104,5269,0.411319282,200.3110657,205.9013062,170.4695435
36831,B-220-2-05_masks.tif,56,14705,677.5979797,257.9395912,73.23584423,3.522040252,0.958846095,13.94899884,1280.075621,2824.60136,9550,0.649438966,195.1947632,194.1622009,172.6164398
36832,B-220-2-05_masks.tif,57,16994,976.2842712,398.1568756,56.3235846,7.069096871,0.98994386,0.700245808,3865.581441,3180.88037,12957,0.762445569,199.8961182,205.1169281,197.005249
36833,B-220-2-05_masks.tif,58,16012,845.6984848,350.9786082,59.52249597,5.896570742,0.985514687,-82.74383153,3446.743942,3101.118411,9101,0.56838621,194.388092,197.3515015,176.9940643
36834,B-220-2-05_masks.tif,59,8614,679.0538239,241.376912,46.68882387,5.169907742,0.98111466,-35.39079226,3753.197121,3260.677618,0,0,,,
36835,B-220-2-05_masks.tif,60,22600,1145.338095,410.8858523,72.348446,5.679262998,0.984376006,23.95471682,3979.463319,3437.324602,21197,0.937920354,201.3759003,203.4276123,192.9751892
36836,B-220-2-05_masks.tif,61,17523,1028.367532,384.53584,66.52641465,5.780197867,0.984921041,-20.33313756,1172.780802,3469.398391,13300,0.759002454,201.5467682,204.7490234,195.1235352
36837,B-220-2-05_masks.tif,62,10268,782.4264069,310.4771803,44.81381207,6.928158216,0.98952837,-13.48289752,1218.340475,3473.605571,8557,0.833365797,207.1057587,211.901947,199.3841248
36838,B-220-2-05_masks.tif,63,17179,1109.03658,393.9193141,58.4274188,6.742028353,0.988938923,-46.54509031,3684.913557,3486.746784,7775,0.452587461,195.4122162,204.1530609,179.4273987
36839,B-220-2-06_masks.tif,1,20794,1170.107648,407.8157519,66.84511012,6.100906276,0.986475285,-41.45909958,2529.240887,151.2819082,0,0,,,
36840,B-220-2-06_masks.tif,2,18958,808.7695526,317.5840028,77.17960995,4.114869238,0.970021005,2.420682224,2771.95374,240.8695538,0,0,,,
36841,B-220-2-06_masks.tif,3,12668,788.5685425,297.9868231,55.26652812,5.391813693,0.982650616,-20.81157674,5221.839201,207.6514841,2118,0.167192927,211.5632629,217.3385315,208.9641113
36842,B-220-2-06_masks.tif,4,19310,960.7106781,336.8481513,75.53505368,4.459494432,0.974533798,-69.94780783,3120.158156,158.790523,0,0,,,
36843,B-220-2-06_masks.tif,5,19856,1177.722871,407.2297415,64.58309221,6.305516314,0.987344317,-59.62095677,3494.950191,345.5082595,10134,0.510374698,208.7134399,208.7246857,200.4575653
36844,B-220-2-06_masks.tif,6,8794,551.7401154,190.4466675,60.04737999,3.171606613,0.948992842,-56.27725495,2869.139527,382.972595,0,0,,,
36845,B-220-2-06_masks.tif,7,10873,636.8700577,264.2217621,53.10455992,4.975500457,0.979594359,-84.18190916,2596.070726,381.5642417,0,0,,,
36846,B-220-2-06_masks.tif,8,18219,1059.539105,377.8783566,67.65403327,5.585452017,0.983842425,70.21970717,2447.516439,531.2905758,0,0,,,
36847,B-220-2-06_masks.tif,9,6973,528.5269119,199.5980009,46.62673699,4.280762794,0.972332007,79.45506836,2810.655672,511.7389933,0,0,,,
36848,B-220-2-06_masks.tif,10,15216,1115.137085,395.5655104,54.96241427,7.197018465,0.990299899,54.65878895,5257.765379,677.6697555,0,0,,,
36849,B-220-2-06_masks.tif,11,11669,780.9116882,289.4199058,53.31737858,5.428247103,0.982884748,71.79011499,3822.822864,630.4652498,0,0,,,
36850,B-220-2-06_masks.tif,12,17278,1097.053824,414.7388918,57.7226113,7.185033428,0.990267352,-74.26226172,2302.477891,1118.80507,0,0,,,
36851,B-220-2-06_masks.tif,13,18636,1016.894444,353.7671058,69.20020257,5.112226448,0.980681869,-40.42457513,2652.092777,1411.629159,0,0,,,
36852,B-220-2-06_masks.tif,14,10629,769.4974747,298.5883757,49.91132202,5.982377616,0.985930185,-70.36582599,2560.692445,1327.874965,0,0,,,
36853,B-220-2-06_masks.tif,15,20446,1083.480231,380.1998615,71.44020934,5.321930955,0.982187834,-35.04544171,2236.051159,1451.844273,0,0,,,
36854,B-220-2-06_masks.tif,16,11669,623.3553391,230.9253062,65.50382135,3.525371519,0.958925499,-5.806731509,2319.442197,1513.019282,0,0,,,
36855,B-220-2-06_masks.tif,17,18185,1138.693434,395.7350761,60.17843121,6.576028456,0.988370115,-46.78421244,997.4703327,2862.813913,0,0,,,
36856,B-220-2-06_masks.tif,18,10019,694.0832611,260.636999,50.35401265,5.17609194,0.981160193,68.7434971,320.7267192,2815.625711,0,0,,,
36857,B-220-2-06_masks.tif,19,23021,1043.781746,364.1436871,84.96766533,4.285673682,0.972396279,19.82830692,243.4624473,2947.613136,0,0,,,
36858,B-220-2-06_masks.tif,20,13686,855.7401154,306.9541271,61.85014861,4.962868061,0.979489257,18.5687925,772.1324711,2920.147961,12364,0.903404939,212.1983948,213.7729645,214.5085754
36859,B-220-2-06_masks.tif,21,9927,799.1959595,283.66419,49.10984392,5.776116708,0.984899562,39.66266928,85.13518686,2984.934824,0,0,,,
36860,B-220-2-06_masks.tif,22,10738,597.8406204,209.7441507,68.19892664,3.075475833,0.945661444,-21.54570003,350.4720618,2981.481002,0,0,,,
36861,B-220-2-06_masks.tif,23,13764,847.5979797,326.0470826,55.94124726,5.828384216,0.985171211,-82.833427,1759.574106,2927.526155,0,0,,,
36862,B-220-2-06_masks.tif,24,14059,814.9533188,296.0312291,61.87216172,4.78456257,0.97791446,-62.28687561,1883.702468,3058.406359,0,0,,,
36863,B-220-2-06_masks.tif,25,13573,779.1126984,302.2878264,59.19706865,5.106466135,0.98063783,-0.876188328,1148.174685,3267.815884,0,0,,,
36864,B-220-2-06_masks.tif,26,9312,523.8406204,186.4336116,65.25009924,2.857215755,0.936753036,25.92084409,1238.570125,3214.37006,0,0,,,
36865,B-220-2-06_masks.tif,27,17133,1029.781746,385.6673398,69.77239268,5.527506295,0.983499028,20.7680854,1233.023814,3353.223078,0,0,,,
36866,B-220-2-06_masks.tif,28,13510,871.3380951,317.7346898,55.56079284,5.718685308,0.984592354,-43.6130536,964.6425611,3317.899852,0,0,,,
36867,B-220-2-06_masks.tif,29,14255,852.7695526,347.3848904,54.65361084,6.356119661,0.987546294,-82.01486847,1646.430095,3262.426517,0,0,,,
36868,B-220-2-06_masks.tif,30,15278,1046.509668,395.8609651,52.41149789,7.552941264,0.991196535,28.06976958,687.5536719,3487.726077,11544,0.755596282,209.8574219,211.5090027,214.1755829
36869,B-220-2-06_masks.tif,31,15741,895.3380951,317.2063125,64.63752102,4.907464078,0.979018532,-52.34036473,952.4604536,3433.17591,0,0,,,
36870,B-220-2-06_masks.tif,32,18147,1188.568542,441.6457697,62.83319453,7.028860668,0.989827806,-82.30742065,1150.524825,3551.055822,0,0,,,
36871,B-220-2-07_masks.tif,1,14532,769.1126984,301.4251233,65.799908,4.58093533,0.975882597,1.609189712,3718.946394,137.3434489,0,0,,,
36872,B-220-2-07_masks.tif,2,22559,1063.580736,371.371972,80.81664521,4.595241129,0.976034367,55.79879989,3945.834257,100.4334412,0,0,,,
36873,B-220-2-07_masks.tif,3,17113,1017.84062,404.4900101,58.56713547,6.906433222,0.989462036,4.689146411,2538.650207,226.3239642,12893,0.753403845,216.3220367,217.3600464,213.842865
36874,B-220-2-07_masks.tif,4,19261,949.3380951,329.9117385,78.35120761,4.210678412,0.971389636,-55.14118215,1910.51908,135.3011785,0,0,,,
36875,B-220-2-07_masks.tif,5,16754,780.4264069,304.2028997,71.63538863,4.246544976,0.971877849,-88.03244045,3996.713083,229.3567506,0,0,,,
36876,B-220-2-07_masks.tif,6,21494,1094.325902,405.4152776,74.13829737,5.468365096,0.9831371,-10.98654044,3044.081185,544.6370615,0,0,,,
36877,B-220-2-07_masks.tif,7,22005,1134.225397,463.5709606,62.74038178,7.388717561,0.990799012,13.83003588,2549.981186,579.7044763,17717,0.805135197,205.775589,206.5810242,199.3243256
36878,B-220-2-07_masks.tif,8,12668,766.8700577,323.0350626,53.81071811,6.003173233,0.986028185,0.492952941,2979.866435,621.0736501,10118,0.798705399,216.1751404,218.4529572,213.4881439
36879,B-220-2-07_masks.tif,9,16737,1098.208153,385.6811086,56.13226236,6.870934688,0.989352279,-38.69634148,2153.274482,790.1663978,0,0,,,
36880,B-220-2-07_masks.tif,10,8003,480.7695526,173.6709425,59.47977492,2.919831871,0.939523124,-29.67423623,4048.081594,884.5445458,0,0,,,
36881,B-220-2-07_masks.tif,11,20259,1086.066017,374.8957244,70.49888213,5.317754169,0.982159588,-59.67294297,2315.10272,1192.018313,0,0,,,
36882,B-220-2-07_masks.tif,12,19960,1151.497475,471.9846885,71.03302984,6.64458055,0.988610224,-88.1335759,3965.629709,1184.433066,0,0,,,
36883,B-220-2-07_masks.tif,13,18583,1091.722871,375.752471,65.0416786,5.777102915,0.984904757,-56.09995351,3047.589141,1282.641931,0,0,,,
36884,B-220-2-07_masks.tif,14,18521,873.0954544,316.4017325,75.99085789,4.163681543,0.970730333,43.89178022,3807.965499,1324.98148,0,0,,,
36885,B-220-2-07_masks.tif,15,10750,893.9238816,320.2365149,48.47167222,6.606673552,0.988478383,37.54603167,2500.912,1379.235349,0,0,,,
36886,B-220-2-07_masks.tif,16,15756,1004.409163,342.9701838,63.03155274,5.441245994,0.982967133,-52.41706335,3292.20297,1342.694085,0,0,,,
36887,B-220-2-07_masks.tif,17,9351,692.9533188,243.4267075,50.764177,4.795245818,0.978013864,-43.34850422,2256.417495,1326.159127,0,0,,,
36888,B-220-2-07_masks.tif,18,15307,986.6518036,342.7013812,59.88056939,5.723081538,0.984616201,-54.77517678,3315.990462,1390.392631,0,0,,,
36889,B-220-2-07_masks.tif,19,17878,1032.710678,404.566102,58.25115338,6.945203289,0.989579977,-19.81169685,2703.600403,1460.826714,0,0,,,
36890,B-220-2-07_masks.tif,20,12990,903.6812409,307.9862925,56.4022499,5.460532036,0.98308827,-56.96605581,3176.292841,1349.533718,0,0,,,
36891,B-220-2-07_masks.tif,21,10685,611.3969696,221.3287014,63.05660278,3.510000406,0.958557169,39.24062936,3784.984558,1391.358259,0,0,,,
36892,B-220-2-07_masks.tif,22,11292,564.0416306,226.8284798,64.88418605,3.495897747,0.958214825,6.487859751,3709.907811,1420.752303,0,0,,,
36893,B-220-2-07_masks.tif,23,14995,996.8700577,440.2482563,44.71238203,9.846226846,0.994829237,89.20423655,3072.730777,1507.032344,0,0,,,
36894,B-220-2-07_masks.tif,24,11268,777.6984848,332.4869086,45.78648503,7.261682316,0.990472712,83.80500171,3041.916755,1546.348243,0,0,,,
36895,B-220-2-07_masks.tif,25,24198,1053.497475,417.8314074,76.08710201,5.491487996,0.983280015,10.52163085,3783.745516,1731.064344,0,0,,,
36896,B-220-2-07_masks.tif,26,16955,934.1248917,351.9243602,65.22559675,5.395494679,0.982674489,24.08306671,3360.789384,1837.018756,12905,0.761132409,206.5399475,206.4177399,195.9184875
36897,B-220-2-07_masks.tif,27,8628,557.1126984,206.8701511,54.09442615,3.824241531,0.96520625,-79.55619469,2399.228906,1801.426055,0,0,,,
36898,B-220-2-07_masks.tif,28,9361,782.1248917,265.5154896,48.59030264,5.464372009,0.983112234,-55.72279851,4698.64929,1871.530819,0,0,,,
36899,B-220-2-07_masks.tif,29,18225,1056.769553,416.4152993,58.63266504,7.102104246,0.990037585,83.58236407,4317.362743,1906.660686,0,0,,,
36900,B-220-2-07_masks.tif,30,19289,845.7401154,319.1409028,79.24066031,4.027489189,0.968684811,74.1821573,3703.25823,1957.233086,0,0,,,
36901,B-220-2-07_masks.tif,31,12394,809.0954544,298.484124,54.80163463,5.446628117,0.983001069,46.32441946,314.4979022,2025.222043,0,0,,,
36902,B-220-2-07_masks.tif,32,16222,1134.267027,405.989875,53.82451854,7.542842668,0.991172841,68.92495473,2754.714092,2016.534829,0,0,,,
36903,B-220-2-07_masks.tif,33,18744,1008.325902,398.9990947,62.0863335,6.426520495,0.987819327,-80.3548079,4404.319889,1995.035585,0,0,,,
36904,B-220-2-07_masks.tif,34,6934,533.5979797,195.6126798,46.67301173,4.191130431,0.971118151,-65.61609493,5331.931641,2007.130228,0,0,,,
36905,B-220-2-07_masks.tif,35,20646,996.6101731,353.2857934,77.21780119,4.575185876,0.975821193,-64.00100628,4085.374552,2065.956456,0,0,,,
36906,B-220-2-07_masks.tif,36,20963,935.882251,343.3765983,80.1039891,4.286635436,0.97240884,68.46887958,3745.865859,2099.3624,0,0,,,
36907,B-220-2-07_masks.tif,37,7572,595.1126984,240.1008899,42.25044755,5.682801101,0.984395609,-80.38558084,4259.580956,2105.168384,0,0,,,
36908,B-220-2-07_masks.tif,38,14201,806.1837662,318.3680378,60.64736017,5.249495392,0.981688263,9.035218016,1165.867545,2290.447997,10640,0.749243011,211.7558289,212.4758453,213.8222809
36909,B-220-2-07_masks.tif,39,12855,911.8233765,321.8505144,52.42961218,6.13871629,0.986642501,52.04947956,4951.331077,2204.304706,0,0,,,
36910,B-220-2-07_masks.tif,40,8761,667.9827561,231.4271672,50.78626686,4.556884794,0.975624161,26.02519472,4890.138797,2244.551307,0,0,,,
36911,B-220-2-07_masks.tif,41,9827,554.0416306,214.9483426,63.95200116,3.361088608,0.954714759,80.93147083,5351.16648,2239.108477,0,0,,,
36912,B-220-2-07_masks.tif,42,9599,549.1126984,204.5285856,62.28374794,3.283819493,0.952504843,-17.13941138,3960.818106,2360.26534,0,0,,,
36913,B-220-2-07_masks.tif,43,21571,1069.053824,406.9409429,72.03129737,5.649501783,0.984209636,-17.76817484,1045.678782,2467.783969,0,0,,,
36914,B-220-2-07_masks.tif,44,23062,1115.497475,437.3588543,70.03481832,6.244877401,0.987095732,7.43990163,1143.635027,2487.679169,2932,0.127135548,184.5879974,183.039566,184.5798035
36915,B-220-2-07_masks.tif,45,17751,1153.965512,409.6096511,58.79601463,6.966622715,0.989644288,-58.03907546,2626.970819,2416.362064,0,0,,,
36916,B-220-2-07_masks.tif,46,22408,1124.852814,413.4912372,73.86080332,5.598249933,0.983916818,-24.60483067,83.28654945,2543.292619,0,0,,,
36917,B-220-2-07_masks.tif,47,8867,562.6690476,191.0539848,62.08808634,3.07714404,0.945722036,-31.14864601,4017.318597,2418.257584,0,0,,,
36918,B-220-2-07_masks.tif,48,12061,898.5269119,367.7924491,46.59823062,7.892841514,0.991941454,-1.997062139,2043.843462,2582.913772,0,0,,,
36919,B-220-2-07_masks.tif,49,13269,867.1959595,304.7790744,56.45780239,5.398351716,0.982692985,62.30391875,3546.357148,2477.648353,0,0,,,
36920,B-220-2-07_masks.tif,50,14992,821.6984848,347.4562179,56.71595618,6.12625161,0.986587721,82.62144376,393.6416089,2462.020478,0,0,,,
36921,B-220-2-07_masks.tif,51,8726,644.2253967,234.5253003,48.37461258,4.848107051,0.978495941,-36.68939425,3764.45416,2576.596722,0,0,,,
36922,B-220-2-07_masks.tif,52,21915,1240.409163,455.441305,67.27043273,6.770304375,0.989031634,23.38033462,335.9339722,2735.342551,2927,0.133561488,203.5534668,206.138031,209.9357758
36923,B-220-2-07_masks.tif,53,16841,819.0538239,306.349556,72.89773899,4.202456212,0.971275916,-23.84168415,111.3550858,2649.788671,0,0,,,
36924,B-220-2-07_masks.tif,54,13369,765.9411255,310.8407189,56.10568511,5.540271333,0.983575613,9.02011212,218.0362032,2690.365772,0,0,,,
36925,B-220-2-07_masks.tif,55,11097,794.7106781,295.0020744,53.28936988,5.535852179,0.983549161,29.07887974,1127.240966,2733.70875,0,0,,,
36926,B-220-2-07_masks.tif,56,14932,867.7817459,304.5787021,64.33980289,4.733907913,0.9774338,-59.98347068,4687.457809,2737.362376,0,0,,,
36927,B-220-2-07_masks.tif,57,19568,918.2253967,336.1026078,77.21616803,4.352749125,0.973252071,73.66422824,161.1013389,2937.984567,66,0.003372854,162.6060638,136.5,136.2121277
36928,B-220-2-07_masks.tif,58,12280,738.1837662,300.2403803,57.00606035,5.266815116,0.981809614,79.18054063,151.1079805,3136.285016,0,0,,,
36929,B-220-2-07_masks.tif,59,27276,1260.409163,457.4741943,78.05453119,5.860956274,0.985336797,24.03777805,1772.444237,3315.867466,0,0,,,
36930,B-220-2-07_masks.tif,60,15314,886.9116882,334.1403706,62.17594053,5.374110431,0.982535107,-75.12192796,222.0515215,3306.348635,8840,0.577249576,205.0433197,209.7985229,205.8592834
36931,B-220-2-07_masks.tif,61,10735,861.9238816,294.4064066,49.09387428,5.996805323,0.985998285,39.60672646,1784.582767,3488.496134,9481,0.883185841,206.6763,209.2369995,208.5152435
36932,B-220-2-08_masks.tif,1,11166,778.9116882,300.2417213,51.34662045,5.847351173,0.985267973,-71.71269404,381.5591976,65.29482357,0,0,,,
36933,B-220-2-08_masks.tif,2,15982,1032.953319,386.0168795,55.3814146,6.970152032,0.989654827,69.64393923,4647.205106,146.7195595,0,0,,,
36934,B-220-2-08_masks.tif,3,20816,1130.124892,399.3426625,69.85281896,5.716915486,0.984582738,75.55819493,4827.632014,153.6998463,0,0,,,
36935,B-220-2-08_masks.tif,4,7765,539.4558441,208.2678101,49.40588864,4.215445078,0.971455253,-10.59468038,204.5207985,231.8266581,0,0,,,
36936,B-220-2-08_masks.tif,5,12222,887.3969696,330.2635268,49.91692864,6.616262975,0.988511951,18.13298666,1256.581247,353.3362788,1703,0.139338897,198.7381134,192.8027039,200.6729279
36937,B-220-2-08_masks.tif,6,6662,520.3259018,192.2243557,45.92891906,4.18525756,0.971035829,-41.63729027,2158.007956,259.430051,0,0,,,
36938,B-220-2-08_masks.tif,7,14723,1031.823376,351.1071223,60.87936026,5.767260379,0.984852792,34.08804144,1331.647694,367.8536983,8276,0.5621137,205.3688965,206.9464722,205.3244324
36939,B-220-2-08_masks.tif,8,13716,1041.154329,365.3655394,53.43653041,6.837373919,0.989246926,79.60238118,4859.380796,246.8350831,0,0,,,
36940,B-220-2-08_masks.tif,9,13299,722.7695526,268.457614,65.59011427,4.092958474,0.969694146,82.82531169,2207.745018,375.9859388,10658,0.80141364,196.5808716,202.9985046,187.1091156
36941,B-220-2-08_masks.tif,10,14822,923.4558441,400.6004538,48.17098073,8.316219594,0.992744011,0.481929266,1776.360815,597.0311024,0,0,,,
36942,B-220-2-08_masks.tif,11,13760,1006.024387,334.4825735,58.41613906,5.725858966,0.984631238,61.35934281,2015.820276,452.7109738,5589,0.406177326,213.4746857,217.1272125,214.2640839
36943,B-220-2-08_masks.tif,12,9159,616.627417,252.0903342,49.20710366,5.123047598,0.980764192,-0.004773075,630.7977945,534.3244896,7316,0.798777159,201.0682068,203.8607178,200.8330994
36944,B-220-2-08_masks.tif,13,9639,712.5685425,261.1078119,49.26699999,5.299852071,0.982037756,64.25173562,2156.795311,468.8275755,0,0,,,
36945,B-220-2-08_masks.tif,14,13735,996.6518036,339.8508413,57.22835957,5.938503985,0.985720011,55.26160505,4659.933964,543.3612668,0,0,,,
36946,B-220-2-08_masks.tif,15,12628,873.4386002,299.4776041,56.38649429,5.311158423,0.982114846,-60.00674151,314.9586633,523.7025657,0,0,,,
36947,B-220-2-08_masks.tif,16,12205,1047.195959,358.091579,48.26750064,7.41889624,0.99087406,-65.63301325,2749.853503,594.5285539,0,0,,,
36948,B-220-2-08_masks.tif,17,14662,860.4680374,315.0633615,62.69195609,5.025578737,0.980003133,64.82333437,5312.587164,726.4601009,5636,0.384395035,201.3548584,209.5108185,203.6572113
36949,B-220-2-08_masks.tif,18,14738,935.2964646,330.9355611,58.51186707,5.655870811,0.984245463,-19.39402569,1427.302483,841.1427602,3045,0.206608766,205.6985168,210.3517303,205.6581268
36950,B-220-2-08_masks.tif,19,10138,763.4974747,280.7780764,47.69745689,5.886646684,0.985465445,-20.14131293,569.805287,871.9179325,0,0,,,
36951,B-220-2-08_masks.tif,20,19503,1267.823376,465.4019278,62.89741465,7.399380887,0.990825635,-66.51972315,4474.493668,868.9858996,10302,0.528226427,202.2212219,207.1069641,200.3770142
36952,B-220-2-08_masks.tif,21,15566,1067.480231,363.8619572,56.38303684,6.453394098,0.987921181,-53.85877615,1820.979442,1164.045998,0,0,,,
36953,B-220-2-08_masks.tif,22,19536,1169.137085,423.8877147,62.95317337,6.73338121,0.988910336,-58.16127337,4627.594748,1234.021192,0,0,,,
36954,B-220-2-08_masks.tif,23,8349,708.1248917,261.7389467,44.55936894,5.873937467,0.985402015,-38.04589415,916.545215,1289.51599,0,0,,,
36955,B-220-2-08_masks.tif,24,11013,775.1959595,267.9889136,54.99190329,4.873243105,0.97871961,-50.25266471,850.6009262,1294.047489,0,0,,,
36956,B-220-2-08_masks.tif,25,19458,1221.681241,452.1693343,58.63160292,7.712041148,0.991557551,-69.1285288,638.1281221,1305.409652,5455,0.280347415,202.855545,207.3052216,203.3710327
36957,B-220-2-08_masks.tif,26,18502,1005.39697,396.2494111,61.47432912,6.445770401,0.987892417,-16.67139036,4363.742947,1394.880824,0,0,,,
36958,B-220-2-08_masks.tif,27,7539,646.5685425,237.5057284,44.07205765,5.389031988,0.982632542,-30.22970557,975.3663616,1334.308131,30,0.003979308,226.5666656,228.3666687,227.7333374
36959,B-220-2-08_masks.tif,28,14826,810.0243866,277.7855442,69.67673951,3.986775876,0.968031346,-47.28798304,1032.31175,1383.104141,14114,0.951976258,199.601532,205.4020844,191.3331451
36960,B-220-2-08_masks.tif,29,11273,752.4680374,275.0456584,54.20087837,5.074560905,0.980391152,-27.23921165,4937.397942,1447.567551,0,0,,,
36961,B-220-2-08_masks.tif,30,19856,1255.421356,434.0841374,62.13007936,6.986698583,0.989704024,-47.7509025,608.4061745,1525.83199,0,0,,,
36962,B-220-2-08_masks.tif,31,16275,1143.622366,402.4422361,54.21375188,7.423250046,0.990884811,-53.83864984,727.244424,1553.422181,0,0,,,
36963,B-220-2-08_masks.tif,32,6150,432.2842712,158.9616989,50.62201607,3.140169264,0.947938258,-8.92214854,4985.535122,1523.79935,0,0,,,
36964,B-220-2-08_masks.tif,33,19431,1049.39697,382.0545984,67.97199239,5.620765038,0.984046451,9.024680105,5078.988781,1654.219598,18656,0.96011528,191.8186035,197.1284332,174.894455
36965,B-220-2-08_masks.tif,34,13346,941.2375901,315.0394284,57.12187006,5.515215591,0.983424781,-47.99730827,795.5225536,1639.395025,11775,0.882286828,196.1062469,200.1352844,181.0090027
36966,B-220-2-08_masks.tif,35,16418,1037.722871,353.1306174,61.17774383,5.772207266,0.984878943,-39.82686658,982.6192593,1691.47789,16122,0.981971007,196.1746063,200.6763458,182.9483948
36967,B-220-2-08_masks.tif,36,12434,916.1248917,316.8380661,53.95589744,5.872167477,0.985393148,-66.0007457,4445.540614,1629.464291,0,0,,,
36968,B-220-2-08_masks.tif,37,11819,850.2253967,315.0367967,49.00024907,6.429289702,0.987829882,-67.70397148,4238.456638,1666.733818,0,0,,,
36969,B-220-2-08_masks.tif,38,12343,942.8528137,315.1322326,54.92353512,5.737653848,0.984694851,29.21913183,5056.912987,1855.878555,296,0.023981204,184.625,157.4594574,174.533783
36970,B-220-2-08_masks.tif,39,16954,1236.936075,440.3281585,55.73879145,7.8998512,0.991955807,-40.90556299,3401.890232,1867.215052,9997,0.589654359,197.0651245,201.5602722,184.6141815
36971,B-220-2-08_masks.tif,40,18878,1007.823376,355.9313763,68.79446494,5.17383741,0.981143613,54.76046127,5027.08698,1971.470018,10783,0.571193982,195.7675934,197.1563568,180.7404175
36972,B-220-2-08_masks.tif,41,17232,1011.580736,349.4226746,68.03899359,5.135623797,0.980859204,-57.44626549,1355.830316,3144.275128,15163,0.879932683,195.7970734,199.969986,182.0204468
36973,B-220-2-08_masks.tif,42,10168,955.3380951,341.4336311,43.90016075,7.777502981,0.991699662,-57.24495474,1901.495083,3174.477085,0,0,,,
36974,B-220-2-08_masks.tif,43,17889,1104.551299,388.211623,65.13457915,5.960146332,0.985824273,47.42658385,1727.567164,3466.335513,0,0,,,
36975,B-220-2-09_masks.tif,1,11401,891.5807358,324.4795469,49.31771523,6.579371032,0.988381999,39.32923244,2614.744759,141.3320761,4445,0.389878081,192.0818939,194.2033691,185.5212555
36976,B-220-2-09_masks.tif,2,16960,1120.793939,412.598336,53.75026053,7.676210903,0.991478214,53.9460793,3386.538325,207.4664505,0,0,,,
36977,B-220-2-09_masks.tif,3,13117,805.2964646,272.5753762,67.48509849,4.039045393,0.968866623,31.77940376,3000.617672,257.0449036,7586,0.57833346,201.5407257,199.2310791,187.8518372
36978,B-220-2-09_masks.tif,4,17285,1081.59798,444.9923789,51.19429084,8.692226645,0.993360244,-84.24662732,1818.182991,192.3003182,7349,0.425166329,192.7328949,196.7787476,173.7497559
36979,B-220-2-09_masks.tif,5,18051,888.0243866,315.3891063,74.30334442,4.244615216,0.971851902,29.50507546,2922.002604,307.6265581,14151,0.783945488,196.6242676,196.8124542,182.1647949
36980,B-220-2-09_masks.tif,6,15102,1009.154329,384.7540086,52.28941605,7.358162275,0.99072208,13.45355927,1433.743676,460.8485631,9685,0.641305787,188.6608124,188.9906006,173.6176605
36981,B-220-2-09_masks.tif,7,13879,951.1959595,332.6549334,56.1443624,5.92499263,0.985654334,24.66562447,3036.306434,421.341307,10861,0.782549175,197.6467133,198.5385284,181.7459717
36982,B-220-2-09_masks.tif,8,18037,1157.63961,442.7022878,54.703683,8.092732765,0.99233615,-76.1470257,1784.284249,332.0126407,10145,0.562454954,199.646225,200.0418854,176.6200104
36983,B-220-2-09_masks.tif,9,18847,1067.379726,381.4617719,65.32967093,5.83902791,0.985225628,46.21206512,2920.716825,423.5585504,9318,0.494402292,191.4577179,192.3103638,172.4450531
36984,B-220-2-09_masks.tif,10,22605,1190.852814,448.4606447,66.49000425,6.744782915,0.988948007,69.08228563,3376.230392,545.5109489,9960,0.440610484,195.4403687,198.1501007,169.4132538
36985,B-220-2-09_masks.tif,11,12929,743.3553391,298.7497609,58.57250174,5.100512221,0.980592153,-82.17355558,2510.61683,551.6070075,5676,0.439013071,199.5963745,208.675827,202.1705475
36986,B-220-2-09_masks.tif,12,11898,858.1248917,325.270804,51.55626106,6.309045639,0.987358563,27.00747123,4884.915448,732.8457724,0,0,,,
36987,B-220-2-09_masks.tif,13,17429,925.8406204,355.2393888,64.47349478,5.509851606,0.98339222,85.33246911,2989.752367,617.2020196,11192,0.642148144,193.104187,195.4959717,176.9673004
36988,B-220-2-09_masks.tif,14,21744,1284.492424,463.1340925,60.96305977,7.596962722,0.991298711,40.28116829,3220.951205,829.1097774,0,0,,,
36989,B-220-2-09_masks.tif,15,22566,1192.953319,467.2812187,67.73045196,6.899130379,0.989439596,-74.25114474,3777.546707,797.2256935,0,0,,,
36990,B-220-2-09_masks.tif,16,16782,777.3553391,309.716126,70.35148696,4.402410515,0.973860183,-8.445294026,509.0719819,902.8525801,15404,0.917888214,201.1142578,201.5667419,185.7890778
36991,B-220-2-09_masks.tif,17,16162,1100.208153,386.3258704,55.6383329,6.943519877,0.989574897,48.98128739,163.3335602,891.6104443,4911,0.303860908,181.989212,183.5951996,178.8448334
36992,B-220-2-09_masks.tif,18,9535,667.5979797,254.5335103,49.58562127,5.133212084,0.980841039,15.47025034,4814.224751,908.9059255,0,0,,,
36993,B-220-2-09_masks.tif,19,14685,1000.166522,369.8013636,52.33229604,7.066408156,0.989936167,33.65357898,4295.887368,986.6883214,0,0,,,
36994,B-220-2-09_masks.tif,20,10657,794.0416306,344.0981997,42.85951725,8.028513194,0.992212571,4.6401697,4455.702637,981.4581027,0,0,,,
36995,B-220-2-09_masks.tif,21,25847,1101.355339,474.958889,71.75483655,6.619189894,0.988522168,0.179880585,2622.196464,1150.47785,10273,0.39745425,201.9282532,202.5978851,172.3645477
36996,B-220-2-09_masks.tif,22,11823,824.9533188,298.4457671,54.29156967,5.497092254,0.983314378,60.27396921,289.1014971,1056.602893,4845,0.409794468,182.6117706,183.058197,181.3905029
36997,B-220-2-09_masks.tif,23,12973,792.3259018,286.9447339,62.36477994,4.601070254,0.976095797,-72.2238792,5200.525322,1012.829877,0,0,,,
36998,B-220-2-09_masks.tif,24,10977,682.8700577,283.0079314,52.28581167,5.412709918,0.982785486,89.2083009,5212.014303,1094.436914,0,0,,,
36999,B-220-2-09_masks.tif,25,9320,720.4680374,267.8952887,45.99634636,5.824273229,0.985150112,60.12035421,5260.893026,1187.049356,0,0,,,
37000,B-220-2-09_masks.tif,26,16256,802.6690476,305.7468624,69.59809493,4.393034934,0.973746984,15.11796126,2448.163201,1299.961799,0,0,,,
37001,B-220-2-09_masks.tif,27,13175,721.3969696,261.841736,65.09052555,4.022731939,0.9686095,24.58579724,2514.978216,1287.316964,0,0,,,
37002,B-220-2-09_masks.tif,28,7777,520.8700577,205.0843154,49.74094965,4.123047848,0.97014165,79.46174259,313.2202649,1239.420085,5319,0.683939823,187.9584503,194.6384583,176.8567352
37003,B-220-2-09_masks.tif,29,17789,1021.63961,376.7984168,62.64228662,6.01508082,0.986083838,72.83579941,763.7686773,1290.305301,10924,0.614087357,192.8287201,192.7194214,177.4049835
37004,B-220-2-09_masks.tif,30,21635,893.0121933,362.8381798,76.56856777,4.738735363,0.977480283,79.49476651,975.1700948,1287.979986,12184,0.563161544,191.2906342,192.8245239,175.4872742
37005,B-220-2-09_masks.tif,31,9612,704.2842712,289.3826682,44.89543197,6.445704062,0.987892166,81.97411608,5203.562942,1284.760924,0,0,,,
37006,B-220-2-09_masks.tif,32,15330,902.7523087,326.1376013,62.75112705,5.197318625,0.981315231,44.45392286,2133.38728,1397.744945,7808,0.509328115,203.2441101,206.1571503,200.7963562
37007,B-220-2-09_masks.tif,33,12191,709.9411255,277.6713234,57.18882901,4.855342,0.978560682,-80.56825394,2232.890903,1299.495201,8458,0.693790501,203.4810791,207.3677063,202.1362
37008,B-220-2-09_masks.tif,34,5300,379.7989899,146.564646,46.93085521,3.122991162,0.947347994,-76.92146195,333.0715094,1299.314151,3081,0.581320755,181.8756866,182.5550079,154.0496521
37009,B-220-2-09_masks.tif,35,9074,528.2842712,204.6752603,57.3386348,3.569587261,0.959957862,-10.13182126,3097.545184,1414.175116,0,0,,,
37010,B-220-2-09_masks.tif,36,9048,440.8700577,142.1305023,82.37010963,1.725510661,0.814944804,-71.22722202,621.2991821,1358.897325,3622,0.400309461,205.8906708,206.4922638,161.1079559
37011,B-220-2-09_masks.tif,37,7107,395.1126984,126.2835073,72.30347021,1.746576022,0.819870645,26.96434238,208.8487407,1383.284368,3226,0.453918672,200.0809021,197.1893921,170.5151825
37012,B-220-2-09_masks.tif,38,11478,653.254834,250.6082599,59.52348688,4.210241588,0.971383611,76.37838753,851.9490329,1375.504879,6749,0.587994424,192.9490356,194.2724915,192.3277588
37013,B-220-2-09_masks.tif,39,13801,843.9827561,323.3563598,57.37829054,5.635517488,0.98413054,-69.82525846,3371.294979,1399.159771,0,0,,,
37014,B-220-2-09_masks.tif,40,16849,942.2842712,393.5873363,58.95339177,6.676245836,0.988718625,2.900962131,1866.492255,1551.362514,0,0,,,
37015,B-220-2-09_masks.tif,41,20567,1075.539105,403.1438618,68.22692122,5.908867857,0.985575357,69.6562789,1182.377352,1414.238975,8873,0.431419264,186.7285004,185.6975098,168.7068634
37016,B-220-2-09_masks.tif,42,3367,258.9705627,82.06599697,53.16623184,1.543573696,0.761770253,-18.8903676,301.5610336,1413.747253,0,0,,,
37017,B-220-2-09_masks.tif,43,6152,399.2132034,141.1476294,56.46313166,2.499819356,0.916502523,86.63232761,735.6745774,1408.263004,0,0,,,
37018,B-220-2-09_masks.tif,44,9367,558.5269119,212.6574524,56.78656421,3.744855061,0.963687377,83.31432375,2652.069179,1419.809971,0,0,,,
37019,B-220-2-09_masks.tif,45,7699,687.2964646,247.2238385,45.03393415,5.48972332,0.983269172,53.64042922,2121.474347,1499.902845,0,0,,,
37020,B-220-2-09_masks.tif,46,3902,272.3847763,74.51878805,67.76205772,1.099712591,0.416078935,-56.40213872,186.4185033,1474.620964,2920,0.748334188,195.9701996,198.2260284,167.9582214
37021,B-220-2-09_masks.tif,47,16685,969.5979797,368.2899429,60.60696758,6.076693119,0.986366543,-87.19768991,5131.409889,1476.135751,0,0,,,
37022,B-220-2-09_masks.tif,48,19746,993.1126984,431.1929177,59.81513948,7.208758878,0.990331623,-87.2215229,2522.880026,1504.483997,4446,0.225159526,196.3798981,199.3920441,170.6178589
37023,B-220-2-09_masks.tif,49,14855,756.3259018,288.6124096,66.5442026,4.337153325,0.973056694,-71.65969211,3212.624571,1536.899562,4078,0.274520364,202.4318237,204.6451721,162.277832
37024,B-220-2-09_masks.tif,50,10542,596.8700577,236.180743,58.52629755,4.035463592,0.968810441,-79.26387368,3474.856479,1513.577974,5335,0.506070954,191.6856537,194.7010345,167.9531403
37025,B-220-2-09_masks.tif,51,13041,683.4558441,293.7151004,57.48448961,5.109466959,0.980660791,-7.116566467,1129.882601,1626.403113,0,0,,,
37026,B-220-2-09_masks.tif,52,19343,828.8111832,306.3599044,83.14167813,3.68479337,0.962470693,-68.67995546,2559.188544,1588.654087,5687,0.294008168,200.1582489,200.1900787,163.9574432
37027,B-220-2-09_masks.tif,53,12902,591.6984848,232.6571462,71.85472493,3.237882359,0.951112762,-80.46798969,2809.478143,1557.438924,5936,0.460083708,197.0988922,202.6219635,181.0303192
37028,B-220-2-09_masks.tif,54,3955,281.2132034,80.94523599,62.83705991,1.288176692,0.63037469,-24.00387336,282.2695322,1588.429583,3499,0.884702908,192.9568481,193.4452667,140.0623016
37029,B-220-2-09_masks.tif,55,21933,1078.468037,412.9078412,70.7640245,5.834996584,0.985205053,16.26746712,3584.404687,1776.021748,8771,0.399899695,194.4534302,194.9665985,177.5229797
37030,B-220-2-09_masks.tif,56,7595,467.2132034,190.7798511,51.66169169,3.692868832,0.962637832,-8.626234354,994.0420013,1669.836208,0,0,,,
37031,B-220-2-09_masks.tif,57,13613,732.5269119,298.6092445,59.92440443,4.983099078,0.979657189,8.162308978,712.7763902,1740.96878,448,0.032909719,191.6830292,189.0625,189.3772278
37032,B-220-2-09_masks.tif,58,19455,794.6690476,295.5905961,86.8264033,3.404386049,0.955885749,75.68239755,3244.702596,1644.078694,0,0,,,
37033,B-220-2-09_masks.tif,59,11780,693.8406204,276.2910747,56.10076071,4.924907813,0.979168477,-73.82661968,2581.050255,1645.812309,0,0,,,
37034,B-220-2-09_masks.tif,60,1807,187.3137085,54.3487062,43.38091813,1.252825172,0.602397873,-70.58641988,387.5711123,1621.682346,1752,0.969562811,194.1335602,192.746582,135.2922363
37035,B-220-2-09_masks.tif,61,8321,631.3969696,208.207247,52.41223314,3.972493339,0.967797225,48.68222233,3133.896767,1675.122221,0,0,,,
37036,B-220-2-09_masks.tif,62,16314,813.7817459,292.9710397,71.9577955,4.071428782,0.969367707,31.53542264,549.342957,1741.617139,9763,0.598443055,192.2865906,189.4291687,165.2832184
37037,B-220-2-09_masks.tif,63,14618,767.1126984,322.9052566,60.38005814,5.347879194,0.982361815,-1.8188304,794.1167054,1786.233958,11310,0.773703653,207.1115875,206.7242279,205.1167145
37038,B-220-2-09_masks.tif,64,7566,462.2842712,175.293092,55.89517673,3.136104084,0.947799481,74.06622526,2932.68821,1663.059609,0,0,,,
37039,B-220-2-09_masks.tif,65,8292,477.2132034,186.3221517,57.2356929,3.255348931,0.951649259,-88.53248133,2711.311143,1666.56042,0,0,,,
37040,B-220-2-09_masks.tif,66,16972,883.0538239,331.606356,65.93475595,5.029310432,0.980033099,19.89914222,2272.856764,1807.021388,14896,0.877680886,207.1568146,207.4960327,207.2385254
37041,B-220-2-09_masks.tif,67,14225,657.9827561,233.2097888,78.20341731,2.982092048,0.942098934,33.38637067,2885.6729,1742.039227,8974,0.63086116,191.8166962,192.6696014,171.819809
37042,B-220-2-09_masks.tif,68,12572,685.4558441,298.1258281,56.38996738,5.286859383,0.981948549,-3.576907634,842.7790328,1830.290964,0,0,,,
37043,B-220-2-09_masks.tif,69,21276,1108.710678,418.0132374,68.05684509,6.142118942,0.986657397,71.52793026,2739.684386,1781.625917,9606,0.451494642,189.9242096,191.5796356,173.3257294
37044,B-220-2-09_masks.tif,70,6100,465.2132034,190.2057164,42.41170516,4.484745795,0.974823459,80.62939877,3137.036721,1751.040492,0,0,,,
37045,B-220-2-09_masks.tif,71,11542,656.7695526,256.1764277,62.70706289,4.085288258,0.969578452,16.89259709,2236.426443,1869.164096,4520,0.391613239,196.4274292,194.4265442,196.0298615
37046,B-220-2-09_masks.tif,72,13838,688.2253967,246.0518231,72.50223111,3.393713812,0.955601405,55.52418286,501.8828588,1812.082671,7878,0.569301922,196.7684631,193.2020874,171.305542
37047,B-220-2-09_masks.tif,73,14978,702.3259018,258.3276584,77.45156876,3.335344429,0.95399607,-72.0437011,2514.885699,1797.237014,4986,0.332888236,197.9404297,200.3194885,175.7765808
37048,B-220-2-09_masks.tif,74,9120,474.2842712,175.4529559,68.84297872,2.548596229,0.919806249,-10.72568959,1034.630482,1835.390022,7277,0.797916667,200.5275574,202.7968903,179.1916962
37049,B-220-2-09_masks.tif,75,13300,688.1837662,264.0067774,67.03296937,3.938461624,0.967228835,-80.47084101,2586.681128,1844.344286,0,0,,,
37050,B-220-2-09_masks.tif,76,6172,400.627417,149.9530839,53.45966201,2.80497628,0.934291792,9.485056644,5269.940538,1895.757453,0,0,,,
37051,B-220-2-09_masks.tif,77,8802,520.6690476,180.5243479,63.47785235,2.843895015,0.936138904,-35.21426534,56.99511475,1912.067939,6982,0.793228812,196.1243134,199.4733582,172.8178101
37052,B-220-2-09_masks.tif,78,7869,508.2842712,198.6914128,51.67117365,3.845304814,0.965593157,-75.81344678,2632.62994,1885.472233,0,0,,,
37053,B-220-2-09_masks.tif,79,9461,587.8406204,216.4179601,57.12909619,3.78822657,0.964529313,17.34853779,2756.453335,1953.760385,0,0,,,
37054,B-220-2-09_masks.tif,80,13127,918.2670273,340.4177975,51.74437116,6.57883727,0.988380102,30.21506524,4665.711815,2045.156243,0,0,,,
37055,B-220-2-09_masks.tif,81,4571,326.3847763,114.7996043,52.71109167,2.177902234,0.888354913,82.16681602,501.4867644,1909.439729,3715,0.812732444,194.4901733,194.4839783,162.7846527
37056,B-220-2-09_masks.tif,82,14200,771.1959595,275.3925041,66.84367839,4.119948373,0.970096015,41.31405906,1218.321056,1999.213521,0,0,,,
37057,B-220-2-09_masks.tif,83,5957,464.627417,174.739997,45.96336753,3.80172312,0.964785305,0.522471241,5390.703374,1986.019305,0,0,,,
37058,B-220-2-09_masks.tif,84,11717,880.7523087,326.4914278,47.13988728,6.926012061,0.989521845,51.19238906,5197.624307,2049.755398,0,0,,,
37059,B-220-2-09_masks.tif,85,4992,356.627417,125.3230972,52.13939711,2.403616155,0.909346402,69.73563123,574.4170673,1981.401643,3738,0.748798077,201.9967957,200.1733551,179.6083527
37060,B-220-2-09_masks.tif,86,11131,593.6984848,234.5374633,62.44080857,3.756156729,0.963909651,81.82347544,2644.115354,1995.979786,0,0,,,
37061,B-220-2-09_masks.tif,87,15868,916.509668,334.4175195,61.4386676,5.443111522,0.982978907,34.13226331,2331.095412,2111.585518,7963,0.501827578,188.7890167,189.0187073,176.156601
37062,B-220-2-09_masks.tif,88,12308,808.8528137,287.9531592,56.32066634,5.112744183,0.98068582,46.54064085,4974.096198,2075.101804,0,0,,,
37063,B-220-2-09_masks.tif,89,14499,809.0121933,317.0480585,62.71229517,5.055596478,0.980242278,-82.02968945,2910.719153,2036.608111,0,0,,,
37064,B-220-2-09_masks.tif,90,9496,623.6396103,212.9870742,59.67658379,3.569022566,0.959944925,-52.54535747,4418.142902,2097.476727,0,0,,,
37065,B-220-2-09_masks.tif,91,16258,894.4680374,336.7348723,63.77458128,5.280079705,0.981901736,20.98852363,3725.575348,2203.900972,0,0,,,
37066,B-220-2-09_masks.tif,92,7477,543.0121933,208.0727611,46.5285327,4.471939023,0.974677175,66.8971241,588.3857162,2091.438144,0,0,,,
37067,B-220-2-09_masks.tif,93,4747,362.5269119,123.9580823,49.56269736,2.501035837,0.916587423,49.77614558,862.3197809,2091.743206,4650,0.979566042,194.9597778,193.9905396,168.5561218
37068,B-220-2-09_masks.tif,94,7330,512.1837662,188.1806486,50.32118329,3.739591089,0.963583142,72.4513832,5112.302183,2086.996044,0,0,,,
37069,B-220-2-09_masks.tif,95,15083,709.3553391,275.9777889,72.32724118,3.815682506,0.965047152,-81.76082791,2736.069084,2110.806206,0,0,,,
37070,B-220-2-09_masks.tif,96,4874,409.6984848,149.3969776,43.16958766,3.460699666,0.957341501,25.8604589,1077.364588,2139.599097,0,0,,,
37071,B-220-2-09_masks.tif,97,20743,977.1959595,358.1273416,76.74435816,4.666497319,0.976769318,-25.66293555,3336.658584,2244.210963,0,0,,,
37072,B-220-2-09_masks.tif,98,12982,710.4680374,243.0731631,69.14429222,3.515447989,0.958688276,46.37633723,3935.830766,2161.497458,0,0,,,
37073,B-220-2-09_masks.tif,99,14497,854.8528137,303.800187,62.18211318,4.885652343,0.978828742,52.55573331,3829.146513,2183.634959,0,0,,,
37074,B-220-2-09_masks.tif,100,8134,714.3675324,263.078642,46.43528202,5.665490345,0.984299344,42.4392097,622.5779444,2200.826408,8084,0.993852963,198.1483154,199.1564789,184.7216797
37075,B-220-2-09_masks.tif,101,13236,787.0121933,303.1405444,60.83707853,4.98282547,0.979654932,80.752361,4282.037096,2171.587338,0,0,,,
37076,B-220-2-09_masks.tif,102,8265,598.8111832,205.7837996,54.26194393,3.792414806,0.964609052,48.42630976,557.2367816,2243.39516,6157,0.744948578,205.57901,205.1825562,195.771637
37077,B-220-2-09_masks.tif,103,10589,586.6690476,214.715967,63.35817928,3.388922621,0.955472849,63.24085716,1008.302861,2251.777599,7481,0.706487865,192.8724823,191.7005768,176.3015594
37078,B-220-2-09_masks.tif,104,8163,494.5269119,185.9002735,56.86317311,3.269256064,0.952070078,74.45294186,835.1391645,2243.087468,6294,0.771040059,190.102005,189.2986908,164.4107056
37079,B-220-2-09_masks.tif,105,17596,1037.722871,359.7819234,63.81256383,5.638104814,0.984145219,44.6659012,4048.516765,2339.674301,0,0,,,
37080,B-220-2-09_masks.tif,106,7629,622.7695526,245.4143168,42.70978213,5.746091517,0.984740114,74.79930349,4355.7558,2258.754752,0,0,,,
37081,B-220-2-09_masks.tif,107,22457,1038.225397,394.4589853,73.40436089,5.373781346,0.982532948,-14.13786984,1916.686557,2439.516632,9812,0.436923899,197.1322937,198.6490021,181.519165
37082,B-220-2-09_masks.tif,108,8390,552.9116882,185.0641405,59.122839,3.130163294,0.947595665,38.87098854,4107.35292,2309.507032,0,0,,,
37083,B-220-2-09_masks.tif,109,11315,707.2964646,257.8404113,58.65790169,4.395663736,0.973778798,51.80134077,4294.521697,2329.763853,0,0,,,
37084,B-220-2-09_masks.tif,110,12578,712.5685425,268.0867637,61.55311355,4.355372917,0.973284731,-25.02573758,3349.787566,2388.719987,0,0,,,
37085,B-220-2-09_masks.tif,111,10182,669.3553391,258.865144,51.80890151,4.996537979,0.9797676,79.86310148,538.590552,2312.470242,7619,0.748281281,195.5289459,199.6352539,186.6721344
37086,B-220-2-09_masks.tif,112,14385,801.1959595,288.2129351,67.55277384,4.266485575,0.972143866,36.63543464,1073.213208,2400.586097,11596,0.806117483,200.8273468,201.1083984,190.38237
37087,B-220-2-09_masks.tif,113,13848,865.4558441,361.5323868,51.81786726,6.976983151,0.98967518,-87.48285861,2609.382366,2334.173166,0,0,,,
37088,B-220-2-09_masks.tif,114,7957,584.627417,235.934996,45.58464992,5.175755355,0.981157719,-86.89158046,5030.65678,2350.671736,0,0,,,
37089,B-220-2-09_masks.tif,115,10251,672.6690476,259.9444994,52.28244072,4.971927397,0.979564713,22.51973482,1011.751049,2442.610575,0,0,,,
37090,B-220-2-09_masks.tif,116,8516,591.9827561,210.7377307,52.93209913,3.981284215,0.967941631,52.53477429,4317.531822,2406.787694,0,0,,,
37091,B-220-2-09_masks.tif,117,12767,793.882251,305.4659224,56.17031981,5.43820871,0.982947936,61.29541154,4050.992637,2429.246338,0,0,,,
37092,B-220-2-09_masks.tif,118,8219,610.1837662,233.5366103,47.54217746,4.912198447,0.979059388,-71.05512667,4693.957051,2407.040881,0,0,,,
37093,B-220-2-09_masks.tif,119,22230,1154.793939,409.8529738,70.05406051,5.850524163,0.985284067,55.8450579,1372.092488,2491.876428,13714,0.61691408,196.5574646,197.7924805,189.3392181
37094,B-220-2-09_masks.tif,120,19075,1082.526912,473.6219036,53.56010721,8.842810971,0.993585179,-89.15209273,3682.958637,2395.463381,0,0,,,
37095,B-220-2-09_masks.tif,121,6623,478.0832611,172.9226903,50.53476539,3.421856002,0.956345298,45.20249633,4278.759173,2436.678544,0,0,,,
37096,B-220-2-09_masks.tif,122,10856,694.0832611,272.5162852,51.99600581,5.241100367,0.981629004,70.09498463,2833.468773,2446.883843,0,0,,,
37097,B-220-2-09_masks.tif,123,9449,657.1126984,268.8922028,45.91589764,5.856189613,0.985312739,-78.68699387,4860.612128,2467.215578,0,0,,,
37098,B-220-2-09_masks.tif,124,14244,888.2842712,377.9775028,50.35348077,7.506482115,0.991086733,0.386459959,3786.814238,2661.293668,0,0,,,
37099,B-220-2-09_masks.tif,125,14691,888.3259018,348.8386056,56.65350605,6.157405427,0.986724009,75.96238539,3134.451501,2542.793955,0,0,,,
37100,B-220-2-09_masks.tif,126,14772,788.5269119,324.7872242,59.58159714,5.451133232,0.983029398,6.592812243,1943.904481,2686.684132,6818,0.461548876,193.8731232,195.2180939,181.457901
37101,B-220-2-09_masks.tif,127,7834,576.7695526,201.545234,52.30922083,3.85295806,0.965732131,71.72395105,4690.413582,2555.995405,0,0,,,
37102,B-220-2-09_masks.tif,128,7209,475.6984848,177.3934326,52.72622649,3.364424962,0.954806654,-72.82164783,4053.023998,2560.395894,0,0,,,
37103,B-220-2-09_masks.tif,129,16258,754.7695526,296.0380237,71.24178312,4.155398852,0.970611765,6.389315286,2054.159245,2688.22715,0,0,,,
37104,B-220-2-09_masks.tif,130,15960,853.9411255,328.5307406,67.3627708,4.877037222,0.978753066,87.43034828,2561.668484,2572.434712,7663,0.480137845,189.4478607,191.6528778,177.1008759
37105,B-220-2-09_masks.tif,131,10490,667.3553391,251.0676124,55.6746742,4.509547941,0.975103162,-78.28990623,4132.595234,2589.664156,0,0,,,
37106,B-220-2-09_masks.tif,132,9257,667.9411255,256.5541061,51.24797332,5.006131744,0.979845869,-81.57481375,2722.719564,2605.395701,0,0,,,
37107,B-220-2-09_masks.tif,133,8708,673.2964646,250.9419662,46.29594344,5.420387781,0.982834645,50.88327259,4615.017685,2675.20751,0,0,,,
37108,B-220-2-09_masks.tif,134,8537,613.6984848,234.8016746,49.85138836,4.710032806,0.977201769,-86.51324704,4840.946703,2640.202179,0,0,,,
37109,B-220-2-09_masks.tif,135,5807,378.627417,133.7994227,56.03531437,2.387769646,0.908078099,-83.69951334,4165.475288,2643.476322,0,0,,,
37110,B-220-2-09_masks.tif,136,14069,736.5685425,270.0086655,68.54228634,3.939300539,0.967243028,23.79053461,3996.326676,2756.2116,5058,0.359513825,185.4594727,184.6022186,146.4559174
37111,B-220-2-09_masks.tif,137,8617,591.9827561,214.820204,52.34190057,4.104172788,0.969862106,50.2642325,1843.252988,2700.859116,0,0,,,
37112,B-220-2-09_masks.tif,138,20004,935.0121933,390.8914751,69.34712359,5.636736678,0.984137459,86.3399537,2538.766897,2682.964857,11173,0.558538292,193.7139587,195.7574463,177.3660583
37113,B-220-2-09_masks.tif,139,29124,1208.166522,439.2999489,89.00381902,4.935742687,0.979260802,24.18863109,2057.882846,2897.245021,12869,0.441869249,196.3049164,196.1665955,177.6005096
37114,B-220-2-09_masks.tif,140,25471,1229.296465,493.9519832,68.6361267,7.196676255,0.990298972,76.59203991,2954.251305,2781.190727,14298,0.561344274,189.4580383,191.5836487,181.5593109
37115,B-220-2-09_masks.tif,141,21035,1141.865007,405.4624614,68.88515788,5.886064196,0.985462547,-48.67689576,2508.989066,2856.742905,10810,0.513905396,199.4740906,201.6213684,180.7575378
37116,B-220-2-09_masks.tif,142,18831,1094.066017,408.1200307,61.80902087,6.602920172,0.988465204,57.11461871,3248.2763,2823.947905,8092,0.429716956,195.5207672,198.0217438,195.6129456
37117,B-220-2-09_masks.tif,143,7422,624.7695526,258.6653483,37.99291972,6.808251385,0.98915423,-73.63790194,4397.596739,2789.513473,0,0,,,
37118,B-220-2-09_masks.tif,144,20955,1121.681241,432.7524829,69.62648543,6.215342914,0.986971991,-65.11487146,1738.422954,2877.139108,11188,0.533905989,200.1947632,205.1713409,189.6903839
37119,B-220-2-09_masks.tif,145,29132,1199.39697,477.8457713,85.82129008,5.567916433,0.983739649,-81.13592429,2793.744954,2906.052451,16969,0.582486613,194.6127625,195.9357605,179.3288879
37120,B-220-2-09_masks.tif,146,16959,859.5979797,342.9597978,64.21361071,5.340920625,0.98231541,-89.75514143,3138.948405,2897.525798,8878,0.523497848,190.8141479,192.8614502,181.3699036
37121,B-220-2-09_masks.tif,147,7693,503.3553391,182.0506308,55.58134039,3.275391156,0.952253962,66.39758701,4022.99948,2959.88639,0,0,,,
37122,B-220-2-09_masks.tif,148,19058,859.882251,315.2036669,78.82520956,3.998767256,0.968225934,-67.00419961,2494.295309,3020.906758,3740,0.196243048,199.5930481,196.2264709,143.9117584
37123,B-220-2-09_masks.tif,149,12494,768.5685425,286.1441165,58.67894994,4.876435532,0.978747766,21.67967902,1462.141188,3086.848087,11078,0.886665599,203.5233765,205.9991913,206.0168762
37124,B-220-2-09_masks.tif,150,24461,1262.793939,453.8097563,71.40457884,6.355471366,0.987543737,59.20304385,3347.41278,3084.581947,14413,0.589223662,194.9689789,195.9589996,183.5048218
37125,B-220-2-09_masks.tif,151,7288,433.2132034,164.1551639,57.254424,2.867117551,0.937203751,80.37328348,4073.854144,3025.35826,0,0,,,
37126,B-220-2-09_masks.tif,152,13835,847.882251,320.1461039,56.93097919,5.623407651,0.984061563,65.14297701,3724.091796,3086.18193,5326,0.384965667,181.6301117,180.6524658,161.9823456
37127,B-220-2-09_masks.tif,153,30602,1474.63456,518.9216759,77.91199491,6.660356682,0.988664426,46.86678732,2164.884485,3215.596791,15603,0.509868636,198.878418,199.7579346,186.7209473
37128,B-220-2-09_masks.tif,154,15589,1010.166522,368.0660647,63.52127836,5.794374329,0.984995296,58.33536135,3280.933671,3126.57021,0,0,,,
37129,B-220-2-09_masks.tif,155,7024,559.3553391,221.3322915,42.04578281,5.264078266,0.981790519,-71.75267009,3953.95074,3096.60877,0,0,,,
37130,B-220-2-09_masks.tif,156,18330,1020.651804,372.7300442,64.89670125,5.743435907,0.98472589,54.21107856,2304.078942,3190.278451,10695,0.583469722,200.5913086,202.0484314,194.3409119
37131,B-220-2-09_masks.tif,157,9429,651.254834,254.4034877,50.57992671,5.029732232,0.980036482,-70.422893,3964.778662,3132.545445,0,0,,,
37132,B-220-2-09_masks.tif,158,9856,777.9827561,283.5583377,49.37286214,5.743202347,0.984724638,68.74472661,3254.373985,3200.127841,0,0,,,
37133,B-220-2-09_masks.tif,159,24389,927.3553391,388.2149603,80.81316876,4.803857666,0.978093504,0.109510917,2504.744393,3360.242322,10602,0.43470417,191.4881134,192.8083344,172.2045898
37134,B-220-2-09_masks.tif,160,11612,788.9533188,264.4953465,60.08524849,4.402001375,0.973855259,53.87495689,2330.333534,3284.885291,4576,0.394075095,196.5135498,198.584137,199.7065125
37135,B-220-2-09_masks.tif,161,14657,1116.811183,412.7773393,49.38197723,8.358866178,0.992818129,83.76776962,5223.571877,3287.420959,0,0,,,
37136,B-220-2-09_masks.tif,162,18872,1121.379726,399.4029115,62.95071954,6.344691759,0.987501107,52.24972285,2305.392433,3405.887611,5513,0.292125901,192.6188965,194.1376801,193.6386719
37137,B-220-2-09_masks.tif,163,16122,916.509668,336.4544357,62.83250391,5.354783189,0.982407675,54.6751098,2703.519849,3381.141608,10707,0.664123558,190.9208069,193.7332611,187.0837708
37138,B-220-2-09_masks.tif,164,16176,941.1543289,359.3492315,59.72101263,6.017132256,0.986093392,73.47883655,1512.067013,3349.812005,10073,0.622712661,200.7951965,202.6231537,195.3276062
37139,B-220-2-09_masks.tif,165,10492,711.3969696,269.3392663,51.65024008,5.21467598,0.981440585,60.61898047,1387.812714,3357.468357,9778,0.931948151,205.6049347,207.0518494,203.8369751
37140,B-220-2-09_masks.tif,166,17348,876.8528137,316.2777218,72.20763771,4.380114512,0.97358977,57.42869072,2894.113097,3385.459765,13196,0.760664053,192.6879425,194.0376587,182.8594971
37141,B-220-2-09_masks.tif,167,11019,717.0538239,254.4865667,58.1584715,4.375743725,0.973536265,61.28793232,1365.203194,3396.610309,7563,0.686359924,203.4139862,205.0560608,197.8044434
37142,B-220-2-09_masks.tif,168,6444,557.5979797,197.8651275,43.30091623,4.569536738,0.97576063,-69.46767965,4671.068746,3366.166667,2632,0.408441962,186.3423309,184.5851135,141.9019775
37143,B-220-2-09_masks.tif,169,11624,725.7817459,268.618027,56.86297989,4.723952694,0.977337484,45.71603157,2925.337233,3498.703286,6615,0.569081211,188.2163239,189.0764923,182.4861603
37144,B-220-2-09_masks.tif,170,13013,846.3675324,303.9737874,58.50895841,5.195337529,0.981300842,-60.15117911,1630.584492,3530.542765,0,0,,,
37145,B-220-2-09_masks.tif,171,12571,691.1126984,273.912171,60.89166228,4.49835266,0.974977491,83.18632756,2703.44539,3469.644022,0,0,,,
37146,B-220-2-09_masks.tif,172,14529,635.3969696,212.1724105,88.01936721,2.410519607,0.909890584,-44.2511792,1476.469062,3545.45626,10927,0.752082043,200.6597443,202.0461273,182.4176788
37147,B-220-2-09_masks.tif,173,11585,633.0121933,224.907269,67.32046571,3.340845412,0.954151081,-78.03699295,2711.058956,3535.929305,0,0,,,
37148,B-220-2-09_masks.tif,174,16613,822.0832611,313.4750499,69.77608054,4.492586105,0.974912387,-75.40317062,2708.214832,3600.288991,0,0,,,
37149,B-220-2-10_masks.tif,1,13892,780.5685425,284.5938282,68.21995012,4.171709708,0.970844569,18.10106534,3063.542614,1384.345739,7033,0.506262597,185.9013214,184.454422,168.2499695
37150,B-220-2-10_masks.tif,2,12257,1036.651804,354.6178752,45.24388779,7.837917838,0.991827652,55.40686015,4009.48201,1615.208942,0,0,,,
37151,B-220-2-10_masks.tif,3,19090,1089.379726,365.5519222,68.95063835,5.30164667,0.982050026,44.61538247,3339.053169,1708.661917,11734,0.614667365,188.7490997,186.9168243,167.9245758
37152,B-220-2-10_masks.tif,4,25176,1340.249783,465.2754115,76.05020862,6.118003092,0.986551284,37.66679158,2940.630402,1808.331387,0,0,,,
37153,B-220-2-10_masks.tif,5,2501,351.4558441,139.10656,31.31339421,4.442398007,0.974334823,43.13141193,4928.408637,1684.111955,0,0,,,
37154,B-220-2-10_masks.tif,6,8116,625.9411255,246.8356818,42.97495049,5.743710675,0.984727363,73.77322637,4468.959586,1728.413258,4140,0.510103499,186.5492706,197.1439667,188.8173981
37155,B-220-2-10_masks.tif,7,6346,531.4974747,198.726401,41.66334765,4.769813569,0.977776111,56.60143986,5303.025055,1740.277813,0,0,,,
37156,B-220-2-10_masks.tif,8,13574,865.882251,295.1527641,66.72041429,4.423724991,0.97411481,63.78456546,3036.182408,1790.988802,10107,0.744585236,198.5361633,198.7555084,190.9407349
37157,B-220-2-10_masks.tif,9,7869,422.9705627,166.6137187,61.22853932,2.72117742,0.93002827,0.757861964,2838.182615,1841.711399,0,0,,,
37158,B-220-2-10_masks.tif,10,6387,671.0538239,234.1013572,36.09707851,6.485326981,0.988040556,35.03288674,4786.166119,1906.130891,5463,0.855331141,193.7127991,204.4303436,190.0675507
37159,B-220-2-10_masks.tif,11,4940,492.1837662,180.0323589,37.11951339,4.850073248,0.978513565,26.73656215,4531.615182,1883.861538,0,0,,,
37160,B-220-2-10_masks.tif,12,12010,658.2842712,264.6495146,58.87349588,4.49522337,0.974942193,-87.14056297,3564.90408,1895.303331,0,0,,,
37161,B-220-2-10_masks.tif,13,4785,398.627417,152.2293777,41.0008622,3.712833572,0.963046251,80.92138554,2904.299896,1953.095716,0,0,,,
37162,B-220-2-10_masks.tif,14,10949,761.4558441,318.2591457,44.98525858,7.074743054,0.989959986,2.306486101,2212.51265,2104.980546,0,0,,,
37163,B-220-2-10_masks.tif,15,17800,1015.63961,384.703323,64.4635518,5.96776492,0.985860703,76.36328756,3373.338258,2014.500618,11686,0.656516854,193.1304169,193.7912903,177.5236969
37164,B-220-2-10_masks.tif,16,11933,884.7523087,311.8122373,52.91325321,5.892894849,0.985496477,37.93388934,3789.23104,2121.966982,0,0,,,
37165,B-220-2-10_masks.tif,17,12776,921.8233765,325.41145,51.68805955,6.295679367,0.987304483,45.93746142,3874.10825,2137.643707,8379,0.655839073,195.698288,197.242157,195.1347351
37166,B-220-2-10_masks.tif,18,22332,1142.450793,401.7617804,73.86943644,5.438809334,0.982951735,46.69250415,4015.417831,2202.863872,16288,0.729356977,196.5996399,193.4052124,182.120575
37167,B-220-2-10_masks.tif,19,22071,1107.195959,425.3922222,69.88874231,6.086705929,0.986411669,68.46023445,4180.333469,2169.488242,13593,0.615876036,193.2759552,191.1947327,181.0420074
37168,B-220-2-10_masks.tif,20,18127,983.1126984,422.848014,56.86399697,7.436128948,0.990916502,85.04737135,4664.215314,2152.798588,7681,0.423732554,188.6056519,190.9195404,185.6173706
37169,B-220-2-10_masks.tif,21,17115,1079.379726,380.9242722,60.27665585,6.319598638,0.987401017,50.38887482,4170.404032,2253.05948,10854,0.634180543,193.6497192,194.6442719,195.6417847
37170,B-220-2-10_masks.tif,22,15372,926.2253967,376.6261651,59.30470074,6.350696663,0.987524881,18.25689945,5310.813687,2400.406974,2954,0.192167577,179.1885529,183.3483429,175.1655426
37171,B-220-2-10_masks.tif,23,18260,898.7695526,357.630744,66.20424579,5.401930643,0.982716111,-85.52967853,2933.269934,2293.226725,13873,0.759748083,199.3982544,202.2871704,191.6697235
37172,B-220-2-10_masks.tif,24,7476,447.5979797,154.0012865,62.54049303,2.462425206,0.913826997,38.77952047,2418.445827,2346.911316,0,0,,,
37173,B-220-2-10_masks.tif,25,6303,484.5269119,182.1156451,45.60188155,3.993599364,0.968142293,77.02308374,4253.95161,2400.108361,0,0,,,
37174,B-220-2-10_masks.tif,26,14026,715.5391052,252.4779137,71.67306541,3.522633115,0.958860243,48.95154557,2512.284971,2532.154998,8134,0.579923,178.8166962,179.1496124,174.8934174
37175,B-220-2-10_masks.tif,27,13732,751.4974747,287.9553463,61.33309671,4.694942238,0.977053253,17.3868627,1305.586659,2617.691378,7339,0.534445092,183.3879242,181.8473969,174.129715
37176,B-220-2-10_masks.tif,28,13005,822.8111832,288.8539359,59.95090228,4.818174955,0.978224948,20.99125134,5287.233833,2652.196155,5597,0.430372933,183.6580353,186.5158081,184.52742
37177,B-220-2-10_masks.tif,29,17579,892.1837662,372.1896003,63.62993421,5.849284695,0.985277784,87.09746505,4760.157802,2545.603789,7097,0.403720348,189.5670013,187.4431458,161.1627502
37178,B-220-2-10_masks.tif,30,11474,628.0416306,251.495304,61.43769587,4.093501562,0.969702312,-85.76982573,4663.707425,2595.826913,5140,0.447969322,197.0476685,192.765564,159.2883301
37179,B-220-2-10_masks.tif,31,5873,501.6984848,192.7855457,41.45819177,4.650119492,0.976603428,5.864031091,1220.814916,2706.66661,5581,0.950280947,188.948761,189.9516144,167.019165
37180,B-220-2-10_masks.tif,32,5889,387.4558441,136.8930494,57.1200614,2.396584424,0.908786928,73.81499646,4531.130582,2683.885549,3414,0.579724911,181.7943726,179.2973022,144.3658447
37181,B-220-2-10_masks.tif,33,13693,709.5979797,284.7501245,62.7135603,4.540487307,0.975445562,76.10537347,4977.306361,2722.718761,6133,0.447893084,186.2662659,185.9949493,160.6230164
37182,B-220-2-10_masks.tif,34,15221,1031.781746,388.7820659,51.32824703,7.574427111,0.991246628,67.16872706,4791.03574,2767.502201,4007,0.263254714,194.8402863,192.1372528,152.8370361
37183,B-220-2-10_masks.tif,35,12260,601.3553391,233.1024257,67.77368046,3.439424038,0.956800166,72.4974083,4441.851713,2741.04062,8148,0.664600326,183.0009766,179.3313751,162.9577789
37184,B-220-2-10_masks.tif,36,7197,478.4264069,155.1871886,60.39463263,2.569552654,0.921164769,-51.93463631,1653.793108,2819.461164,6045,0.839933306,199.3533478,203.8800659,174.4759369
37185,B-220-2-10_masks.tif,37,15192,872.7695526,396.4867461,60.38301836,6.566196206,0.988335054,87.64733817,4481.687072,2815.636717,206,0.013559768,199.0776672,222.131073,211.029129
37186,B-220-2-10_masks.tif,38,9720,595.9411255,226.9441157,55.68093089,4.075796005,0.969434352,10.93594806,1304.767387,2927.637757,8190,0.842592593,189.6960907,189.4416351,166.9546967
37187,B-220-2-10_masks.tif,39,12060,625.6984848,238.5355367,65.7134861,3.62993277,0.961304741,86.31196729,4505.637728,2860.242869,5932,0.491873964,194.8272095,195.1476746,167.1318207
37188,B-220-2-10_masks.tif,40,18352,900.6690476,346.6399623,75.29950689,4.603482501,0.976121148,-81.81556338,4895.225153,2904.013677,6977,0.380176548,191.5836334,191.945816,159.6413879
37189,B-220-2-10_masks.tif,41,9558,606.8700577,254.7872143,49.47165178,5.150165907,0.980968192,5.096748006,5081.30906,2978.94978,7725,0.808223478,192.2323608,196.5685425,184.9319153
37190,B-220-2-10_masks.tif,42,12669,679.3553391,267.762518,65.23434098,4.10462517,0.969868852,-82.79794957,4587.752782,2912.112321,0,0,,,
37191,B-220-2-10_masks.tif,43,9092,565.4558441,232.7572994,51.28070361,4.538886619,0.975428022,8.668838332,5125.517488,2985.864606,8652,0.951605807,195.5558319,196.6821594,182.7343903
37192,B-220-2-10_masks.tif,44,8862,698.1837662,269.0485642,45.80391591,5.873920576,0.985401931,76.81103636,2087.266757,2954.213722,0,0,,,
37193,B-220-2-10_masks.tif,45,7547,429.9411255,142.1178765,69.32158497,2.050124453,0.872969238,-62.64273965,1482.749172,2992.283689,6103,0.808665695,196.5554657,199.5843048,162.3527832
37194,B-220-2-10_masks.tif,46,16894,922.1248917,348.5496862,63.12463662,5.521610972,0.983463478,23.79595839,4812.560436,3115.963537,14929,0.883686516,187.0432739,187.6843719,173.0066986
37195,B-220-2-10_masks.tif,47,11642,688.4680374,247.0365616,60.67276779,4.07162176,0.969370657,37.29157131,4979.05463,3066.164405,7520,0.645937124,183.3049164,185.6184845,178.7012024
37196,B-220-2-10_masks.tif,48,9863,615.4558441,256.1713536,52.26009139,4.901854299,0.978969965,-88.96027195,4594.408192,3005.563115,4758,0.482409003,176.3495178,177.8940735,174.2442169
37197,B-220-2-10_masks.tif,49,18223,910.6690476,333.7052818,72.07411698,4.630029416,0.976397489,82.71750927,1760.714646,3037.592493,10878,0.596937936,186.6207886,189.7540894,174.7248535
37198,B-220-2-10_masks.tif,50,9206,751.5391052,273.316525,46.62719823,5.861740257,0.985340748,50.36886201,5302.527482,3104.770367,2200,0.238974582,190.4427338,189.8209076,188.2786407
37199,B-220-2-10_masks.tif,51,8045,560.5685425,197.6197901,53.26957008,3.709806364,0.962984758,52.44086416,5350.397141,3081.502175,2897,0.360099441,174.9886017,176.2133179,172.983429
37200,B-220-2-10_masks.tif,52,10417,697.0538239,244.2436136,55.93981939,4.366185237,0.973418686,58.59176347,1579.347893,3116.618892,5921,0.568397811,187.1126556,186.6429596,164.5054932
37201,B-220-2-10_masks.tif,53,17269,1022.367532,384.8574792,62.0213763,6.20523926,0.986929249,-70.84956709,2299.873589,3162.352192,9450,0.547223348,193.5450745,197.7884674,179.315979
37202,B-220-2-10_masks.tif,54,7776,477.8406204,160.6325863,62.84495714,2.556013936,0.920291161,52.63706036,5234.216821,3186.259259,4347,0.559027778,181.5028687,181.5884552,175.212326
37203,B-220-2-10_masks.tif,55,11772,716.1248917,260.9196802,59.51762216,4.383906324,0.973636055,53.81504463,2011.320931,3213.601682,6201,0.52675841,182.1422424,181.1864166,177.7418213
37204,B-220-2-10_masks.tif,56,7632,488.6690476,175.5204473,56.67505514,3.096961209,0.946434055,-44.51416102,1820.150943,3225.397799,4842,0.634433962,204.2595978,207.2026062,178.3184662
37205,B-220-2-10_masks.tif,57,10577,634.5269119,247.4758194,56.14208666,4.408026743,0.973927641,9.771902092,1297.909237,3319.795594,4764,0.45041127,184.1467285,187.260498,180.5898438
37206,B-220-2-10_masks.tif,58,20846,963.6984848,415.6145999,65.96187444,6.300830645,0.987325366,-2.500006457,1910.260913,3402.600835,11733,0.562841792,191.4383392,192.3503723,176.4820557
37207,B-220-2-10_masks.tif,59,14738,849.882251,316.833213,63.31803535,5.003838341,0.9798272,26.41216054,2260.574366,3356.337698,10480,0.711086986,189.2082062,190.8349304,181.2093506
37208,B-220-2-10_masks.tif,60,12763,688.7695526,267.7899705,63.71727765,4.202784243,0.971280466,-14.00003028,2425.457729,3360.458356,10748,0.842121758,198.5935059,201.9546967,184.3739319
37209,B-220-2-10_masks.tif,61,16236,831.7401154,302.5661474,72.06652823,4.198428242,0.971219957,-70.40650525,5059.132237,3290.054447,9689,0.596760286,180.4263611,182.9162903,159.5225525
37210,B-220-2-10_masks.tif,62,14376,820.8700577,340.8422076,58.23946573,5.852426757,0.985293705,89.33720453,5272.6899,3361.496244,8079,0.561978297,187.7010803,188.8739929,164.097168
37211,B-220-2-10_masks.tif,63,6585,439.3553391,157.1279552,54.16532238,2.900895782,0.938705151,64.70460271,5024.664085,3397.100532,0,0,,,
37212,B-220-2-10_masks.tif,64,3983,317.5563492,122.1371619,42.27971996,2.888788338,0.938173317,89.39575475,4947.519458,3421.870198,2005,0.503389405,175.624939,177.0568542,152.3127136
37213,B-220-2-10_masks.tif,65,11825,776.8111832,299.1680554,51.76171444,5.779716894,0.984918512,-67.03202486,4475.437378,3473.046934,0,0,,,
37214,B-220-2-10_masks.tif,66,12649,634.5269119,239.9001878,69.98111582,3.428070345,0.956507023,87.78046524,2171.502807,3469.052257,6675,0.5277097,184.8705597,188.445694,175.4405975
37215,B-220-2-10_masks.tif,67,15896,655.3553391,253.7306561,80.49896172,3.15197427,0.948338103,82.28202998,5124.129467,3506.318697,11385,0.716217916,182.4708862,183.5794525,168.1641693
37216,B-220-2-10_masks.tif,68,15348,810.6101731,298.9773614,66.70685409,4.481958645,0.974791732,-56.77456627,4831.135588,3557.383177,7928,0.516549388,191.4742737,196.5799713,187.5789642
37217,B-220-2-10_masks.tif,69,7655,466.9705627,197.1054853,50.34661131,3.914970247,0.966827609,89.89364609,4539.549706,3552.888178,0,0,,,
37218,B-220-2-10_masks.tif,70,6159,380.0416306,128.9901227,61.90626739,2.083635924,0.877306625,19.83548789,4983.744277,3585.107485,0,0,,,
37219,B-220-2-10_masks.tif,71,11951,679.1126984,276.6448965,56.12723921,4.928888369,0.979202467,-85.4550887,5307.710987,3573.251443,7231,0.60505397,180.4769745,183.3446198,161.8009949
37220,B-220-2-10_masks.tif,72,2814,272.1421356,92.12054204,44.67646575,2.06194784,0.874526174,-2.345921466,4902.071429,3608.129353,1801,0.640014215,163.5302582,174.4763947,172.1110535
37221,B-220-2-10_masks.tif,73,6182,423.7989899,169.5402225,46.94799723,3.611234398,0.960894815,-82.16348385,4299.060013,3591.505015,4668,0.755095438,179.5486298,183.2536469,161.754715
37222,B-220-2-10_masks.tif,74,6816,454.627417,177.3472345,49.85335505,3.557378121,0.959676753,-80.88709504,4451.702171,3619.784478,5106,0.749119718,183.309433,180.2963257,151.5783386
37223,B-220-2-10_masks.tif,75,4551,507.2132034,214.2280448,29.79761675,7.189435536,0.990279326,89.64338904,4626.929906,3632.566908,0,0,,,
37224,B-220-2-11_masks.tif,1,21696,1223.39697,495.646872,67.05142154,7.392041222,0.990807323,-80.75688081,4028.846285,96.45759587,0,0,,,
37225,B-220-2-11_masks.tif,2,10410,733.3553391,294.9333748,47.15648773,6.254354152,0.987135063,84.1516925,2525.908934,90.28914505,0,0,,,
37226,B-220-2-11_masks.tif,3,13446,805.8406204,318.3735169,55.75029346,5.710705669,0.984548927,-77.10118736,3212.846497,164.4156627,0,0,,,
37227,B-220-2-11_masks.tif,4,3983,315.7989899,109.2230047,47.5321653,2.297875639,0.900341268,-66.45002964,4960.068792,220.2693949,0,0,,,
37228,B-220-2-11_masks.tif,5,11088,682.7106781,243.2202115,59.11998433,4.11401008,0.970008289,52.16301785,3282.72619,308.7818362,0,0,,,
37229,B-220-2-11_masks.tif,6,8578,582.2842712,229.4953722,48.42214535,4.739471382,0.977487358,77.70389846,3383.167172,276.4088366,0,0,,,
37230,B-220-2-11_masks.tif,7,17295,1095.195959,419.8283507,59.68358927,7.034234299,0.989843421,71.0910477,3731.555305,338.1455912,0,0,,,
37231,B-220-2-11_masks.tif,8,13084,792.0243866,282.5921674,61.95930461,4.560931876,0.97566794,39.22002205,4122.007796,421.8138184,0,0,,,
37232,B-220-2-11_masks.tif,9,16365,1108.450793,381.8065923,56.80940076,6.720834706,0.98886866,47.242506,5179.562359,596.4021387,0,0,,,
37233,B-220-2-11_masks.tif,10,7176,594.5269119,216.1512582,44.75940868,4.829180379,0.978325182,74.78998266,3190.942865,542.1564939,0,0,,,
37234,B-220-2-11_masks.tif,11,8094,813.254834,304.6235349,37.85559123,8.046989229,0.99224843,-8.156212353,1019.576476,660.2841611,0,0,,,
37235,B-220-2-11_masks.tif,12,10424,699.1126984,273.6848753,51.04709841,5.361418844,0.982451583,83.52019301,3005.120107,550.7239064,0,0,,,
37236,B-220-2-11_masks.tif,13,10835,628.2842712,257.0178189,54.78931018,4.691021261,0.977014426,-83.96886419,4000.604707,569.7218274,0,0,,,
37237,B-220-2-11_masks.tif,14,7029,492.1837662,164.9639591,55.89940694,2.951086033,0.94083742,24.61746323,4691.954048,607.8314127,0,0,,,
37238,B-220-2-11_masks.tif,15,13614,775.0121933,310.9754544,56.89840667,5.465451013,0.983118959,-78.91904807,3970.029382,627.4304393,0,0,,,
37239,B-220-2-11_masks.tif,16,15891,914.1837662,382.0513885,53.80933908,7.100094428,0.990031916,79.23436012,3668.197785,646.4319426,0,0,,,
37240,B-220-2-11_masks.tif,17,7008,419.1126984,140.1002867,64.49334481,2.172321612,0.887744249,30.67727161,4813.464612,708.859589,0,0,,,
37241,B-220-2-11_masks.tif,18,10677,834.9533188,306.8441208,46.69811429,6.570803243,0.988351502,30.51093534,135.3158191,849.7669757,0,0,,,
37242,B-220-2-11_masks.tif,19,12789,932.4091629,349.5791394,48.48172047,7.210534939,0.990336409,37.25636054,3837.406287,872.4255219,0,0,,,
37243,B-220-2-11_masks.tif,20,15103,1005.681241,358.8738821,57.86837212,6.201554821,0.986913611,28.27478016,347.3688009,932.9073694,0,0,,,
37244,B-220-2-11_masks.tif,21,20625,1144.793939,405.7082571,66.07486545,6.140129902,0.986648692,55.22382044,2609.937067,977.2222545,0,0,,,
37245,B-220-2-11_masks.tif,22,7909,551.7401154,193.0511554,55.46548263,3.48056388,0.95783772,44.96715693,60.41067139,974.3456821,0,0,,,
37246,B-220-2-11_masks.tif,23,14731,780.3675324,283.4297892,67.83796618,4.17804078,0.970934183,39.23404551,308.5840744,1024.753241,0,0,,,
37247,B-220-2-11_masks.tif,24,15039,1171.521861,406.9593772,52.00167349,7.825890012,0.991802409,41.1116459,862.5790279,1106.28466,0,0,,,
37248,B-220-2-11_masks.tif,25,22422,1162.083261,483.9476478,64.5993085,7.491529849,0.991050957,82.9816274,4222.06623,1032.752609,0,0,,,
37249,B-220-2-11_masks.tif,26,12812,898.3259018,345.6031459,50.41542149,6.855107737,0.98930279,74.47831436,2366.75039,1073.804246,0,0,,,
37250,B-220-2-11_masks.tif,27,7791,493.1126984,187.2423051,54.32212494,3.446888452,0.956991266,69.26320721,84.09023232,1067.990887,0,0,,,
37251,B-220-2-11_masks.tif,28,13697,907.9827561,357.7368523,56.15542016,6.370477709,0.98760272,72.44053257,631.7219099,1156.73089,0,0,,,
37252,B-220-2-11_masks.tif,29,13081,1009.823376,345.508983,51.41017638,6.720634072,0.988867991,56.09109431,347.3034172,1239.354407,0,0,,,
37253,B-220-2-11_masks.tif,30,20470,1198.468037,488.4778896,60.75030068,8.040748509,0.992236346,75.5269546,631.4955545,1304.544113,0,0,,,
37254,B-220-2-11_masks.tif,31,16590,1040.325902,409.3240822,53.49028247,7.65230736,0.991424661,-77.4404355,4452.045509,1273.155395,0,0,,,
37255,B-220-2-11_masks.tif,32,10120,628.3259018,227.5856581,57.26011595,3.974593037,0.967831805,-24.49635471,396.081917,1448.248123,0,0,,,
37256,B-220-2-11_masks.tif,33,7780,544.3847763,231.3535336,43.66056647,5.29891278,0.98203133,-3.109946021,2648.147172,1463.52365,0,0,,,
37257,B-220-2-11_masks.tif,34,13868,981.3380951,345.0286551,53.9155252,6.399430476,0.987715339,60.62104299,2404.694549,1442.431713,0,0,,,
37258,B-220-2-11_masks.tif,35,14296,961.7401154,375.1549677,50.26987547,7.462818719,0.990981653,74.74991199,1710.647734,1560.826595,0,0,,,
37259,B-220-2-11_masks.tif,36,12960,775.5979797,300.2434034,58.80123205,5.106073341,0.980634822,78.85064224,2081.999074,1555.57037,0,0,,,
37260,B-220-2-11_masks.tif,37,22129,1163.823376,424.8757267,68.85060214,6.170980551,0.986782745,25.76424988,4314.7365,1732.997198,0,0,,,
37261,B-220-2-11_masks.tif,38,14609,866.5269119,324.9170164,59.69250745,5.443179224,0.982979334,86.79573177,4449.595044,1608.131152,0,0,,,
37262,B-220-2-11_masks.tif,39,5937,433.7989899,179.8062121,42.97109431,4.184352643,0.971023113,-83.2808153,1318.388243,1741.826175,0,0,,,
37263,B-220-2-11_masks.tif,40,9409,702.8700577,285.2960482,43.04005241,6.628617583,0.988554982,79.92132113,1727.189393,1754.80136,0,0,,,
37264,B-220-2-11_masks.tif,41,13143,979.882251,379.7711085,57.90184861,6.558877093,0.988308852,65.49872631,977.3513657,1855.542038,0,0,,,
37265,B-220-2-11_masks.tif,42,9219,594.2842712,230.2406343,52.66866663,4.371491611,0.973484057,78.89266366,4529.736956,1936.652023,8499,0.921900423,207.3090973,210.3474579,207.8791656
37266,B-220-2-11_masks.tif,43,12426,917.3380951,332.048412,56.68365793,5.857921385,0.985321486,50.83695875,1523.882343,2051.562611,0,0,,,
37267,B-220-2-11_masks.tif,44,11488,659.4558441,271.8376484,56.90961848,4.776655611,0.977840453,-89.36291046,4565.469795,1993.932799,2372,0.206476323,181.837265,179.2070007,178.8220978
37268,B-220-2-11_masks.tif,45,4706,341.6984848,112.528634,53.79847652,2.091669527,0.878312487,-53.80869438,5145.623034,2088.315555,0,0,,,
37269,B-220-2-11_masks.tif,46,12577,775.0121933,313.2116766,55.31333455,5.662498548,0.984282616,78.30027053,4470.255864,2112.518963,0,0,,,
37270,B-220-2-11_masks.tif,47,12625,796.2670273,285.4635833,59.02447207,4.83635979,0.978390195,48.08858472,1434.154059,2181.363564,0,0,,,
37271,B-220-2-11_masks.tif,48,9194,617.2132034,262.4795058,45.93365505,5.714317868,0.984568608,87.49029092,4889.155319,2104.20807,0,0,,,
37272,B-220-2-11_masks.tif,49,11164,747.1959595,267.8443664,54.58045654,4.907331001,0.979017381,46.61469126,5348.257972,2193.972232,0,0,,,
37273,B-220-2-11_masks.tif,50,15022,940.1837662,376.0364982,55.80896981,6.737922228,0.988925362,83.22848207,1669.487618,2169.587805,0,0,,,
37274,B-220-2-11_masks.tif,51,14926,841.0538239,313.6017037,64.03237234,4.897549352,0.97893258,-66.54080815,4621.588369,2192.336594,0,0,,,
37275,B-220-2-11_masks.tif,52,16275,1035.965512,375.1510564,58.41746753,6.421898659,0.987801679,44.94021527,4844.916252,2282.692657,0,0,,,
37276,B-220-2-11_masks.tif,53,9045,742.8111832,301.0797131,43.82632646,6.869836864,0.989348857,64.47558754,5119.971476,2310.578994,0,0,,,
37277,B-220-2-11_masks.tif,54,9261,607.2132034,251.5961738,47.99782044,5.241824972,0.98163413,-86.77280385,4270.183673,2335.631573,0,0,,,
37278,B-220-2-11_masks.tif,55,12067,706.0416306,295.7554464,53.66046176,5.5116083,0.983402894,2.304510221,4446.667689,2459.243557,0,0,,,
37279,B-220-2-11_masks.tif,56,21101,1239.580736,467.5511465,60.69926154,7.702748512,0.991537081,-23.37903425,4152.831762,2586.74423,0,0,,,
37280,B-220-2-11_masks.tif,57,23205,1112.953319,407.6246386,75.16480171,5.423078746,0.982851825,-17.74354606,4228.034131,2574.52618,0,0,,,
37281,B-220-2-11_masks.tif,58,14962,842.5269119,328.9615161,59.15374967,5.561127028,0.983699592,82.78893013,2012.179989,2515.993116,0,0,,,
37282,B-220-2-11_masks.tif,59,16289,999.5807358,366.1956487,58.94135276,6.212881646,0.986961598,57.64487716,1525.540426,2627.853828,0,0,,,
37283,B-220-2-11_masks.tif,60,9557,747.4558441,305.4308677,43.29235188,7.055076809,0.989903649,4.80851669,5153.831537,2743.780684,0,0,,,
37284,B-220-2-11_masks.tif,61,18133,1021.882251,395.0588672,61.06108793,6.46989565,0.987983091,-72.00901454,4466.693763,2672.316605,0,0,,,
37285,B-220-2-11_masks.tif,62,8322,552.8700577,215.5061508,50.58211472,4.260520778,0.972064692,88.08868291,4567.247777,2707.603821,0,0,,,
37286,B-220-2-11_masks.tif,63,6834,443.2132034,177.6546712,49.94333856,3.557124461,0.959670881,-88.76147151,1338.037021,2831.600088,5791,0.847380743,203.47229,209.7829437,211.1198425
37287,B-220-2-11_masks.tif,64,14864,949.3969696,353.6709959,61.57585427,5.74366365,0.984727111,73.38497806,3923.476655,3210.597955,0,0,,,
37288,B-220-2-11_masks.tif,65,7040,623.0538239,214.5966311,46.04196515,4.660892089,0.976712743,45.00655289,4090.937642,3568.603835,0,0,,,
37289,B-220-2-12_masks.tif,1,5622,493.3553391,178.4972992,48.39443247,3.688385008,0.962545169,25.86836671,3059.539666,63.02561366,0,0,,,
37290,B-220-2-12_masks.tif,2,6362,550.0416306,222.5634469,38.03282381,5.851878052,0.985290927,-85.81005286,652.0524992,107.580635,0,0,,,
37291,B-220-2-12_masks.tif,3,17279,1111.03658,397.7999408,58.28136756,6.825508004,0.989209302,50.14082889,282.4492158,290.826321,11038,0.638810116,179.0169373,179.1232147,160.002533
37292,B-220-2-12_masks.tif,4,6926,582.627417,234.6404004,38.79258754,6.04858854,0.986238668,88.60134185,838.4496102,203.3423332,0,0,,,
37293,B-220-2-12_masks.tif,5,19504,1143.681241,428.4630344,63.12009809,6.788060338,0.989089257,68.13407627,1434.589418,270.0295837,5734,0.293990976,180.4879608,186.3256073,161.5648804
37294,B-220-2-12_masks.tif,6,14721,1028.267027,374.7328105,55.83632639,6.711272656,0.988836738,60.23431085,1983.283337,303.4584607,0,0,,,
37295,B-220-2-12_masks.tif,7,19907,1092.551299,385.3903195,71.39577944,5.397942603,0.982690338,51.12726929,1936.617471,364.4025217,12141,0.60988597,186.5576935,187.6489563,172.2786407
37296,B-220-2-12_masks.tif,8,10781,628.0832611,236.3060725,60.62619799,3.897755102,0.966528854,23.64529309,1335.342733,356.1635284,0,0,,,
37297,B-220-2-12_masks.tif,9,14016,1236.852814,463.9077764,50.4866569,9.188720443,0.994060477,18.01414723,2293.436572,499.8149971,0,0,,,
37298,B-220-2-12_masks.tif,10,7303,528.2842712,209.5999917,45.20809913,4.636337199,0.976462442,75.60038437,1464.548405,331.0416267,0,0,,,
37299,B-220-2-12_masks.tif,11,12557,1019.23759,371.6867697,52.08170328,7.136609333,0.990134166,51.83860413,2849.954687,462.8521144,6270,0.499323087,204.695694,207.6999969,202.6618805
37300,B-220-2-12_masks.tif,12,6428,545.5979797,197.4211204,42.63225779,4.63079205,0.976405357,67.1898638,1517.762912,433.9097698,0,0,,,
37301,B-220-2-12_masks.tif,13,6186,497.4558441,191.4915666,43.90133171,4.361862365,0.973365251,9.473481714,1847.583899,500.2217911,0,0,,,
37302,B-220-2-12_masks.tif,14,22758,1389.563492,494.4859962,63.35298152,7.805252165,0.99175882,-49.80146568,1924.021267,633.0094033,11245,0.494111961,195.2056885,198.464386,183.1651459
37303,B-220-2-12_masks.tif,15,20710,896.5685425,319.774909,85.95285704,3.720352295,0.963198316,-74.90025632,1598.933269,556.8928537,10979,0.530130372,193.9604645,192.9260406,173.1204071
37304,B-220-2-12_masks.tif,16,13359,763.3553391,310.1903728,58.3697947,5.31422758,0.982135687,-77.802515,1665.09634,614.2542855,6295,0.471217906,194.6162109,196.319931,176.5431366
37305,B-220-2-12_masks.tif,17,11605,806.509668,281.5806687,56.09965218,5.019294375,0.979952515,-46.53353468,1944.464886,728.7314089,0,0,,,
37306,B-220-2-12_masks.tif,18,17302,973.7817459,331.9917904,70.45328634,4.712225756,0.977223231,-64.22738057,1482.333256,722.7296844,4120,0.23812276,191.7048492,193.1548615,150.0764618
37307,B-220-2-12_masks.tif,19,11994,621.5979797,225.4300248,72.6049017,3.10488713,0.946714871,-73.5740715,1693.66725,696.0287644,0,0,,,
37308,B-220-2-12_masks.tif,20,12113,864.6101731,290.5833085,57.21132497,5.07912216,0.980426706,55.29169749,564.7066788,773.257492,7827,0.646165277,181.3646393,183.0936432,154.3330841
37309,B-220-2-12_masks.tif,21,18443,1230.208153,423.9152176,62.20431993,6.814883886,0.989175447,30.90389385,3784.955647,933.4521499,8374,0.454047606,203.7043304,204.9805298,199.9303741
37310,B-220-2-12_masks.tif,22,20790,1062.367532,409.8806817,66.03917723,6.206629139,0.986935141,-71.01883067,1425.584079,814.1391534,4212,0.202597403,195.7526093,201.3266907,160.4541779
37311,B-220-2-12_masks.tif,23,10186,1010.166522,355.2391181,38.9227105,9.126782632,0.993979342,58.54944776,3386.402219,860.8106224,0,0,,,
37312,B-220-2-12_masks.tif,24,10127,751.4974747,266.5157847,50.07361371,5.322479546,0.982191539,74.05945475,3997.30078,857.5471512,0,0,,,
37313,B-220-2-12_masks.tif,25,6564,577.1543289,187.0082943,46.5499869,4.017365132,0.968524211,50.11350075,915.5568251,924.5318403,0,0,,,
37314,B-220-2-12_masks.tif,26,9607,668.2253967,244.6886384,50.71562091,4.824719367,0.978284636,30.59438495,1310.488082,1070.76413,0,0,,,
37315,B-220-2-12_masks.tif,27,12821,799.7401154,287.5703951,59.3029451,4.849175612,0.978505522,71.42580675,595.0581858,1018.546213,7881,0.614694642,184.1737061,186.8614349,158.6458588
37316,B-220-2-12_masks.tif,28,15771,934.6690476,367.5880408,59.07648946,6.22223907,0.987001043,-10.39440653,1045.897153,1144.331368,9767,0.619301249,190.788681,192.7660522,175.381485
37317,B-220-2-12_masks.tif,29,10391,701.1126984,270.1310817,52.21130771,5.173804173,0.981143368,85.25929281,850.0216534,1046.050332,4387,0.422192282,168.263504,170.674942,148.144516
37318,B-220-2-12_masks.tif,30,15338,1072.870058,450.3252991,46.4403205,9.696860279,0.994668284,-1.291396024,1480.9438,1342.631308,0,0,,,
37319,B-220-2-12_masks.tif,31,14057,1004.852814,377.7270951,61.45785947,6.146115377,0.98667486,62.8135142,3113.378103,1238.469802,7916,0.563135804,199.1526031,201.2520142,196.8681183
37320,B-220-2-12_masks.tif,32,15899,1030.409163,370.4965394,58.4712255,6.33639087,0.987468129,31.20774198,1814.163784,1316.669036,7173,0.45116045,185.9595642,186.3800354,183.1783142
37321,B-220-2-12_masks.tif,33,13873,789.9411255,313.9150235,58.2410303,5.389929092,0.982638374,84.48061569,4152.172205,1391.358682,0,0,,,
37322,B-220-2-12_masks.tif,34,17992,1088.752309,398.0971642,63.37681174,6.281432487,0.987246456,62.96228266,941.6496221,1474.708648,9889,0.54963317,185.1940613,184.3926544,167.1651306
37323,B-220-2-12_masks.tif,35,11974,974.8944443,332.7069492,47.78676176,6.962324647,0.989631431,45.69605479,4176.361533,1511.099633,0,0,,,
37324,B-220-2-12_masks.tif,36,7621,442.2842712,164.7484988,59.20749327,2.782561627,0.933190892,70.89036249,3214.725233,1513.77234,0,0,,,
37325,B-220-2-12_masks.tif,37,9078,669.1543289,244.6689261,49.96898142,4.89641612,0.978922722,62.65503564,1271.374972,1594.036352,0,0,,,
37326,B-220-2-12_masks.tif,38,6686,506.5269119,195.1476444,44.31234324,4.403911645,0.973878239,68.33760382,2893.160933,1630.053993,0,0,,,
37327,B-220-2-12_masks.tif,39,5531,404.1837662,140.4560729,51.17570186,2.74458518,0.931260607,51.51062453,3276.215693,1644.839089,0,0,,,
37328,B-220-2-12_masks.tif,40,23943,1287.338095,478.8489969,66.91109702,7.15649598,0.990189192,69.48297349,1905.986301,1706.52057,14788,0.617633546,190.5664063,192.134903,179.955368
37329,B-220-2-12_masks.tif,41,11880,833.1126984,316.579744,51.14203926,6.190205721,0.986865262,-89.9798846,1317.581397,1675.712458,0,0,,,
37330,B-220-2-12_masks.tif,42,4667,380.7279221,157.2054731,39.11373909,4.019188058,0.96855322,85.71120282,3178.263338,1687.226484,0,0,,,
37331,B-220-2-12_masks.tif,43,18350,1010.066017,357.6187109,67.33781099,5.310815805,0.982112518,-53.12761239,1358.383542,1817.149973,7571,0.412588556,195.6765289,198.3052368,175.3913574
37332,B-220-2-12_masks.tif,44,23774,1396.592929,508.6672595,65.20973945,7.800479864,0.991748692,57.88375994,3820.987465,1860.418146,0,0,,,
37333,B-220-2-12_masks.tif,45,21021,1148.669048,460.8914728,68.22522601,6.755440763,0.988983046,88.63895796,1832.665763,1804.102754,9031,0.429618001,193.1173706,193.0221405,177.0484924
37334,B-220-2-12_masks.tif,46,6900,492.1837662,184.2906751,49.47997715,3.72455053,0.963282814,-22.3655115,3363.774638,1858.695362,3803,0.55115942,193.9744873,197.1288452,163.34552
37335,B-220-2-12_masks.tif,47,7846,569.9827561,199.3674907,51.86214161,3.844181604,0.965572689,39.26729529,2888.219475,1900.95093,3092,0.394086159,179.3295593,179.4928894,175.9472809
37336,B-220-2-12_masks.tif,48,12548,851.0954544,277.4990857,62.48109045,4.441329108,0.974322305,53.1381909,2544.156678,1954.043035,6579,0.524306662,188.8072662,189.0764618,173.6859741
37337,B-220-2-12_masks.tif,49,9523,586.7695526,215.8285631,57.45720456,3.75633595,0.963913159,70.87312406,3205.164864,1937.851097,0,0,,,
37338,B-220-2-12_masks.tif,50,11414,893.3380951,319.759166,49.43693519,6.468021627,0.987976084,-39.4266493,1950.546171,2109.50622,0,0,,,
37339,B-220-2-12_masks.tif,51,13294,853.3553391,343.8849202,53.52814804,6.424375452,0.987811141,88.08623479,3296.278848,2016.945389,0,0,,,
37340,B-220-2-12_masks.tif,52,12722,744.8111832,264.1771362,63.27249655,4.175228584,0.970894429,63.95646989,1045.33163,2079.564298,10602,0.833359535,187.843338,189.5400848,177.299942
37341,B-220-2-12_masks.tif,53,15919,813.254834,315.984045,65.16225594,4.849188237,0.978505635,-13.26224207,3738.586783,2173.033168,7979,0.501224951,192.1066589,193.7692719,173.1858673
37342,B-220-2-12_masks.tif,54,22011,1090.509668,401.7737064,71.85229792,5.5916612,0.983878583,64.59156256,2755.547499,2131.061469,11624,0.528099587,187.2621307,186.8073883,169.0834503
37343,B-220-2-12_masks.tif,55,13975,737.3553391,292.1185299,61.98139036,4.713003825,0.977230838,-88.76449314,3419.261968,2087.533095,0,0,,,
37344,B-220-2-12_masks.tif,56,11779,851.3380951,295.4239157,53.41518938,5.530709881,0.983518299,-45.65669101,2352.476102,2220.587401,0,0,,,
37345,B-220-2-12_masks.tif,57,8743,515.4558441,197.4863219,57.07884854,3.459886227,0.957320993,77.28059298,3488.801441,2153.117237,0,0,,,
37346,B-220-2-12_masks.tif,58,10807,750.1248917,271.3391697,51.69694521,5.248649965,0.981682308,55.5096629,3372.229203,2223.48848,0,0,,,
37347,B-220-2-12_masks.tif,59,14055,915.9827561,356.7136099,54.59653454,6.533630988,0.988217788,-73.79363681,3936.34799,2214.906154,0,0,,,
37348,B-220-2-12_masks.tif,60,27792,1209.053824,487.3997236,76.62620595,6.360744573,0.987564511,-75.69639628,3969.637594,2260.513637,0,0,,,
37349,B-220-2-12_masks.tif,61,5624,430.1837662,149.9686259,48.65401962,3.082348119,0.945910398,33.70788408,3633.186878,2290.863976,0,0,,,
37350,B-220-2-12_masks.tif,62,17357,904.7106781,344.9339955,64.84123175,5.319670621,0.982172557,23.8692305,3401.160627,2409.16201,10266,0.591461658,193.2983704,191.419342,177.067215
37351,B-220-2-12_masks.tif,63,3922,333.4558441,114.998268,44.63512978,2.576407161,0.921601515,56.63633664,3551.81744,2306.956145,0,0,,,
37352,B-220-2-12_masks.tif,64,11461,810.0243866,299.4920054,51.20651921,5.848708524,0.985274861,56.8783442,3971.453625,2397.849664,2844,0.248145886,192.7805939,195.3551331,190.51828
37353,B-220-2-12_masks.tif,65,7675,488.6690476,169.3601803,58.51627873,2.89424044,0.938413671,49.74784623,3537.202736,2405.387883,0,0,,,
37354,B-220-2-12_masks.tif,66,7335,439.9411255,153.0677138,62.06310906,2.466323652,0.914111994,61.46821788,3653.126108,2413.335515,6766,0.922426721,205.5858765,206.6309509,207.6946564
37355,B-220-2-12_masks.tif,67,10652,683.4974747,272.0338805,52.66543781,5.165320783,0.98108078,69.31269529,3876.163537,2463.859745,217,0.020371761,230.5345612,221.7234955,222.4792633
37356,B-220-2-12_masks.tif,68,14283,783.882251,284.8775619,71.45418861,3.986856018,0.968032653,62.69706054,3727.36631,2513.535042,8727,0.611006091,200.2391357,199.7458496,184.7671661
37357,B-220-2-12_masks.tif,69,10659,605.4974747,221.4401845,63.35201881,3.495392707,0.958202486,-27.76775728,3539.48588,2562.540013,7311,0.68589924,199.0831604,199.447403,182.0270844
37358,B-220-2-12_masks.tif,70,11760,791.1959595,271.3011231,57.70693844,4.701360537,0.977116597,54.77905301,3948.101276,2555.628316,4286,0.364455782,197.0184326,196.6593628,193.3667755
37359,B-220-2-12_masks.tif,71,12150,668.2253967,224.3049086,71.52336294,3.136106852,0.947799576,31.52211816,3650.99358,2588.848807,11843,0.97473251,203.5845642,203.0498962,196.8513031
37360,B-220-2-12_masks.tif,72,16044,910.3675324,350.3363825,59.35537819,5.902352798,0.985543262,26.65211672,3842.848666,2719.062391,10888,0.678633757,194.2266693,194.1711121,184.7177582
37361,B-220-2-12_masks.tif,73,8798,563.4974747,191.8868049,59.60773046,3.21915972,0.950527615,30.67915101,3757.453739,2671.604342,674,0.07660832,237.3634949,232.3887177,240.5890198
37362,B-220-2-12_masks.tif,74,15825,962.6518036,343.7001397,64.25061109,5.349367638,0.982371717,47.34600049,3714.911912,2737.263318,0,0,,,
37363,B-220-2-12_masks.tif,75,16103,805.9411255,317.1487741,66.68965186,4.755591989,0.977641469,-89.22320319,3233.517543,2743.944793,10948,0.679873316,193.4433746,194.4101257,184.7937469
37364,B-220-2-12_masks.tif,76,9554,641.254834,237.2630313,53.04043904,4.473247877,0.974692184,-69.29429272,3207.433222,2923.209441,6120,0.640569395,194.9339905,199.3449402,179.6375885
37365,B-220-2-12_masks.tif,77,18994,1101.379726,398.2987795,62.41388414,6.381573346,0.987646062,-36.35131272,3211.66679,3076.553806,14212,0.748236285,196.7705536,199.3435822,184.1904755
37366,B-220-2-12_masks.tif,78,16070,944.9116882,384.5361476,55.66555365,6.907973108,0.989466759,-75.0823343,3858.41145,3077.473864,0,0,,,
37367,B-220-2-12_masks.tif,79,15006,874.2253967,334.7839925,60.59715241,5.524747932,0.983482409,69.63273526,3611.899107,3219.496735,0,0,,,
37368,B-220-2-12_masks.tif,80,12201,792.5685425,274.3022065,59.50038627,4.610091189,0.976190395,72.64381317,3747.170068,3211.435866,7638,0.626014261,188.6281738,190.2285919,175.720871
37369,B-220-2-12_masks.tif,81,13892,733.1126984,299.3723287,63.03226144,4.749509567,0.977583509,87.50278964,3508.159156,3300.215952,0,0,,,
37370,B-220-2-12_masks.tif,82,11940,742.4680374,274.8348615,57.89385335,4.747220052,0.977561633,31.6085055,3411.933333,3411.540452,4132,0.346063652,182.3811646,182.9237671,178.5585632
37371,B-220-2-12_masks.tif,83,18734,883.8406204,355.6863488,68.37096417,5.202301198,0.981351345,-80.12280027,3613.956603,3350.043717,0,0,,,
37372,B-220-2-12_masks.tif,84,15705,857.2964646,300.1336112,67.94604417,4.417234511,0.974037671,-62.69424518,4032.085896,3394.357466,8948,0.569754855,189.0729828,192.6947937,173.9810028
37373,B-220-2-12_masks.tif,85,16112,923.5391052,352.9536405,59.3020339,5.951796545,0.985784184,-66.66635655,3713.076961,3412.455437,0,0,,,
37374,B-220-2-12_masks.tif,86,17663,857.2964646,302.1255943,77.27829668,3.909578851,0.96673448,63.3695363,3104.413576,3577.007303,9000,0.509539716,184.3413391,182.6695557,163.152771
37375,B-220-2-13_masks.tif,1,12459,916.1248917,316.2904587,56.19095766,5.628849762,0.984092617,22.89199965,3515.802793,303.3252267,0,0,,,
37376,B-220-2-13_masks.tif,2,12161,841.9411255,328.8846827,52.64556231,6.247149204,0.987105177,-86.51848435,1686.710797,454.8139133,0,0,,,
37377,B-220-2-13_masks.tif,3,15961,874.8111832,318.047501,67.12652826,4.738029945,0.9774735,-71.46028943,1735.370591,535.7867302,0,0,,,
37378,B-220-2-13_masks.tif,4,15155,1005.39697,386.9518058,52.79131173,7.329838815,0.9906499,-16.79871824,3543.603101,702.952095,0,0,,,
37379,B-220-2-13_masks.tif,5,9935,876.8528137,302.3651597,46.03041269,6.568812706,0.9883444,58.43044487,2366.159638,872.6536487,0,0,,,
37380,B-220-2-13_masks.tif,6,13491,971.3969696,357.7231107,51.54342374,6.940227962,0.989564953,-73.02816224,3252.444963,937.0167519,9263,0.686605885,200.9779816,205.4135742,181.6042328
37381,B-220-2-13_masks.tif,7,6385,554.6690476,204.6127756,40.50370903,5.051704657,0.980211516,-27.40279235,1682.559436,981.8288175,3056,0.47862177,200.6145325,204.1515045,174.0746002
37382,B-220-2-13_masks.tif,8,8174,606.0832611,218.2381677,50.32804484,4.33631325,0.973046109,64.09600198,2683.512846,989.8369219,0,0,,,
37383,B-220-2-13_masks.tif,9,14048,922.1248917,323.2698724,58.09854105,5.564165063,0.983717535,-23.82879769,3400.867099,1363.683656,12113,0.862257973,206.9876099,208.7473755,188.4124451
37384,B-220-2-13_masks.tif,10,17700,944.9533188,342.9310069,67.57777216,5.074612493,0.980391554,-64.43662476,4096.226836,1307.230169,9810,0.554237288,199.8520966,202.006424,172.2117157
37385,B-220-2-13_masks.tif,11,6288,605.7401154,215.5915138,39.52296665,5.454841378,0.983052662,-57.88812943,4947.018289,1300.987595,3812,0.606234097,202.6592407,210.4092407,203.8478546
37386,B-220-2-13_masks.tif,12,13617,1114.551299,408.0745043,49.46764572,8.249321316,0.99262541,51.15586033,1995.139164,1440.267313,0,0,,,
37387,B-220-2-13_masks.tif,13,17889,873.3553391,362.3848894,64.8798599,5.585475831,0.983842564,-83.64683561,2151.896584,1357.565096,4665,0.260774778,203.1652679,206.0570221,176.8115692
37388,B-220-2-13_masks.tif,14,15104,1059.379726,377.1219958,53.63861987,7.030792305,0.989833423,-48.56309365,3539.725238,1487.78562,12601,0.834282309,207.4298096,210.1559448,192.6607361
37389,B-220-2-13_masks.tif,15,18804,1031.296465,386.6398224,68.66848496,5.630527929,0.984102174,-20.30937694,2269.679058,1542.67725,2599,0.138215273,209.2435608,203.6056213,213.7633667
37390,B-220-2-13_masks.tif,16,13747,988.4091629,349.4392779,53.72534877,6.504178863,0.988110199,-56.3701818,4914.99389,1472.615407,12620,0.918018477,203.3637848,208.2075348,193.1029358
37391,B-220-2-13_masks.tif,17,16458,910.6101731,334.2836121,66.43432387,5.031790687,0.980052979,-31.14725758,2207.328108,1512.726334,10699,0.650078989,206.4091949,207.2156219,188.6977234
37392,B-220-2-13_masks.tif,18,22412,1181.053824,465.086662,65.877046,7.059919809,0.989917566,-12.69463284,2306.859673,1624.211538,15452,0.689452079,208.4156036,210.414444,197.3921814
37393,B-220-2-13_masks.tif,19,14175,973.6396103,376.8510944,52.18873208,7.220928338,0.990364343,18.47147519,3277.743774,1603.930018,12436,0.877319224,204.009964,204.0060272,192.8281555
37394,B-220-2-13_masks.tif,20,11797,774.4680374,289.0483997,53.29687196,5.423365183,0.982853652,61.58845543,1245.396711,1736.324489,0,0,,,
37395,B-220-2-13_masks.tif,21,15532,948.1665222,317.0287369,66.16934933,4.791172047,0.977976038,-36.48894907,4080.468066,1844.230363,11749,0.756438321,204.6045685,206.8444977,186.1868286
37396,B-220-2-13_masks.tif,22,25293,1064.426407,427.802151,78.21152588,5.469809547,0.983146082,-82.41912982,2039.128968,1761.619381,18761,0.741746728,204.0320282,207.4085541,193.4060516
37397,B-220-2-13_masks.tif,23,21109,1069.355339,453.6948356,61.24065302,7.40839317,0.990848046,-88.28456805,1892.074186,1834.193614,13854,0.656307736,204.7380524,204.9054413,199.3636475
37398,B-220-2-13_masks.tif,24,16754,791.5391052,270.6484609,80.78629089,3.35017808,0.954412263,-34.70776359,4081.565775,2032.001552,11649,0.695296646,203.1810455,203.7631531,182.7695923
37399,B-220-2-13_masks.tif,25,10039,649.1126984,274.8637464,48.36109789,5.683571267,0.984399871,-9.371306398,1486.723976,2086.262775,0,0,,,
37400,B-220-2-13_masks.tif,26,6681,535.0121933,198.1658555,44.73077782,4.430190243,0.974191307,-21.3469286,1441.459362,2086.534501,0,0,,,
37401,B-220-2-13_masks.tif,27,18886,1095.539105,398.2313258,63.79254506,6.24259975,0.987086252,-68.71186977,3759.47755,2064.74452,10529,0.557502912,200.8016968,203.6967468,187.6930389
37402,B-220-2-13_masks.tif,28,17647,885.1126984,368.236566,64.00670338,5.753093764,0.984777525,-1.17113631,1342.283278,2229.592565,4379,0.24814416,192.8390045,188.5526428,152.1760712
37403,B-220-2-13_masks.tif,29,13135,740.7106781,258.2701695,67.56342299,3.822632988,0.965176434,-55.31519953,1655.242177,2132.136125,3860,0.293871336,199.1225433,206.5323792,177.1590729
37404,B-220-2-13_masks.tif,30,16481,1005.338095,345.129218,63.25543165,5.456119878,0.983060671,-59.19267434,2405.643832,2163.038954,0,0,,,
37405,B-220-2-13_masks.tif,31,20456,1027.740115,388.5991594,70.99688528,5.473467715,0.983168795,12.38392649,3808.394456,2305.7873,18140,0.886781384,206.9606323,205.7939911,196.0519867
37406,B-220-2-13_masks.tif,32,13775,873.3380951,322.2058434,58.31504361,5.525261124,0.983485503,-44.8917433,2207.628966,2235.696407,6567,0.476733212,204.2052612,209.086792,183.8929443
37407,B-220-2-13_masks.tif,33,22753,1035.296465,374.9588702,81.74605523,4.586874182,0.975945778,69.72609454,3971.573375,2226.618951,18602,0.817562519,200.1231079,199.1468658,186.9630737
37408,B-220-2-13_masks.tif,34,11219,849.0538239,325.9889032,45.9028619,7.101711956,0.990036479,22.20501053,2001.700865,2353.398253,0,0,,,
37409,B-220-2-13_masks.tif,35,14152,931.2375901,347.0979232,54.75739769,6.338831606,0.987477839,42.38385645,3958.49682,2346.767524,10423,0.736503674,208.2948303,207.9613342,205.4074707
37410,B-220-2-13_masks.tif,36,9354,659.1126984,254.104017,48.69007706,5.218804988,0.981470218,-1.781856643,3180.233376,2373.911375,276,0.029506094,219.3079681,216.6521759,219.6340637
37411,B-220-2-13_masks.tif,37,12757,798.8528137,280.3286105,60.93566795,4.600402686,0.976088774,42.26661857,3926.006271,2385.061378,6172,0.483812809,190.9079742,188.3802643,189.3442993
37412,B-220-2-13_masks.tif,38,26422,1143.012193,477.8157699,74.31376978,6.429707055,0.987831471,-5.270055163,2436.057187,2542.799296,22466,0.850276285,206.9229431,208.1136322,196.8838654
37413,B-220-2-13_masks.tif,39,13315,841.0954544,285.9258129,62.07180436,4.606371859,0.976151461,51.83294314,1559.112955,2419.002403,6861,0.515283515,214.2541962,216.9790192,218.7893829
37414,B-220-2-13_masks.tif,40,17754,947.0121933,386.873508,64.28742255,6.017872434,0.986096837,4.048706263,3140.824828,2561.280669,12707,0.715726034,200.9968567,201.5573273,184.36586
37415,B-220-2-13_masks.tif,41,15447,644.1837662,223.9727689,95.01711074,2.357183534,0.905552084,88.06493592,3339.010682,2458.999612,12692,0.821648216,202.908844,203.1820068,189.7086334
37416,B-220-2-13_masks.tif,42,15587,876.8700577,363.7390517,55.90515538,6.50635973,0.988118216,89.67709592,1355.44736,2457.413229,96,0.006158979,202.3229218,188.6458282,188.4375
37417,B-220-2-13_masks.tif,43,12060,687.0538239,230.8908318,68.75048176,3.358388565,0.954640183,-42.66034981,3434.491957,2530.218159,8419,0.698092869,201.7870331,203.4201202,176.0838623
37418,B-220-2-13_masks.tif,44,14200,846.6690476,347.067347,55.7667554,6.223552806,0.987006566,12.96378829,3262.125493,2647.223662,10424,0.734084507,202.5819244,201.8091888,190.0348206
37419,B-220-2-13_masks.tif,45,12276,718.4264069,280.9394089,58.24955248,4.823031198,0.978269263,11.42843403,3213.944444,2644.801564,4040,0.329097426,198.1061859,194.8752441,200.0834198
37420,B-220-2-13_masks.tif,46,7264,669.1543289,243.918242,42.64463151,5.719787775,0.98459834,30.17651,2574.623486,2651.385325,4848,0.667400881,191.5901337,194.7990875,189.7473145
37421,B-220-2-13_masks.tif,47,17608,939.9827561,362.1187663,64.30900468,5.630918533,0.984104398,-73.24325956,3648.654362,2658.432701,13946,0.792026352,204.1231232,206.356308,194.7779236
37422,B-220-2-13_masks.tif,48,11574,776.1837662,321.6616799,46.94087645,6.852485601,0.989294557,9.611677616,3103.637463,2777.183428,0,0,,,
37423,B-220-2-13_masks.tif,49,18962,869.254834,342.5177727,71.39308505,4.797632327,0.978035977,78.8944818,1458.372165,2830.341314,15752,0.83071406,200.0270386,202.140686,189.8611603
37424,B-220-2-13_masks.tif,50,8206,611.5979797,244.5400032,44.93897114,5.441602176,0.982969382,15.40144126,2679.267731,2963.493419,8206,1,205.1301422,209.20961,203.7924652
37425,B-220-2-13_masks.tif,51,15899,985.9827561,341.5029648,61.45250269,5.557185628,0.98367627,-77.48864066,1528.151204,2923.278571,13852,0.871249764,207.3266602,213.2187347,214.6974487
37426,B-220-2-13_masks.tif,52,16729,1049.137085,369.1184133,59.13169895,6.242310298,0.987085047,-49.88147335,4004.321239,3220.431167,0,0,,,
37427,B-220-2-13_masks.tif,53,7899,488.0416306,198.2835151,51.97633397,3.814880734,0.965032193,5.730548632,2731.789214,3288.599949,5821,0.736928725,200.53479,205.4875488,200.4258728
37428,B-220-2-13_masks.tif,54,12458,718.1248917,258.0648886,65.00651947,3.969830884,0.967753295,-47.07573104,3756.058276,3298.911302,10810,0.867715524,198.1861267,201.1721497,184.1292267
37429,B-220-2-13_masks.tif,55,14816,866.0243866,322.3106787,61.36802145,5.252095002,0.981706555,-59.11855308,3126.751215,3323.022746,8060,0.544006479,196.8808899,200.3260498,183.6831207
37430,B-220-2-13_masks.tif,56,14990,1027.722871,376.0869177,57.5662125,6.533119018,0.98821593,-43.76251482,3287.565043,3512.027151,12423,0.828752502,198.8927002,204.0404968,191.338974
37431,B-220-2-13_masks.tif,57,3526,282.9705627,95.62547124,48.32834685,1.978662161,0.862889877,-85.00496636,3820.101248,3372.553885,0,0,,,
37432,B-220-2-13_masks.tif,58,6864,367.2132034,109.7616382,81.61908394,1.344803604,0.668621397,67.02365911,3813.490239,3433.450175,0,0,,,
37433,B-220-2-13_masks.tif,59,9147,582.5269119,216.0331114,55.57510445,3.887228167,0.966344163,78.83343882,2966.806931,3449.252105,5778,0.631682519,213.0931091,217.0368652,220.1048737
37434,B-220-2-13_masks.tif,60,10981,678.8111832,249.7452037,56.9415151,4.385995056,0.973661499,-31.43821917,3346.769875,3529.968673,569,0.051816774,230.7557068,223.9103699,224.4516754
37435,B-220-2-13_masks.tif,61,10022,668.1837662,253.303516,52.92763356,4.785846239,0.97792644,77.27620552,2997.316105,3509.510277,921,0.091897825,204.2942505,192.8056488,195.1921844
37436,B-220-2-13_masks.tif,62,5482,344.0416306,106.7103798,66.68861693,1.600128849,0.780665041,78.55817497,3800.928676,3497.500182,0,0,,,
37437,B-220-2-13_masks.tif,63,13149,807.3553391,318.4770488,53.94846489,5.903357018,0.985548216,-87.33671105,3774.002738,3565.631987,6895,0.524374477,184.4407501,187.4187164,176.5039825
37438,B-220-2-14_masks.tif,1,11139,726.0832611,288.1023685,51.01950159,5.646906762,0.984195003,17.68173752,3938.637759,121.6991651,0,0,,,
37439,B-220-2-14_masks.tif,2,14671,1012.468037,364.5503964,55.09246382,6.617064678,0.988514751,70.02875922,3406.62552,87.07361461,0,0,,,
37440,B-220-2-14_masks.tif,3,9252,728.7106781,266.8370492,46.91088964,5.688168595,0.984425277,-34.10159,4118.52767,126.6406182,0,0,,,
37441,B-220-2-14_masks.tif,4,16698,1058.811183,404.3754593,56.78434177,7.121249391,0.990091347,74.30139829,3463.502994,185.3980716,0,0,,,
37442,B-220-2-14_masks.tif,5,13558,1067.296465,369.8503528,53.9865253,6.850790095,0.989289229,-71.05157075,3103.214781,363.4414368,0,0,,,
37443,B-220-2-14_masks.tif,6,6841,652.5269119,242.9684222,40.07619339,6.062662186,0.986302927,-8.864089119,1449.682795,433.1818448,0,0,,,
37444,B-220-2-14_masks.tif,7,7971,645.9411255,229.0444619,47.82292015,4.789428608,0.977959821,12.07316266,3754.337724,713.6144775,0,0,,,
37445,B-220-2-14_masks.tif,8,11574,871.9238816,276.182734,55.50242707,4.976047871,0.979598895,46.05267594,1695.466217,835.1773803,0,0,,,
37446,B-220-2-14_masks.tif,9,11661,740.4680374,274.3956878,54.9059923,4.997554479,0.979775915,28.64445283,2738.437956,848.3788697,9723,0.833804991,208.0806274,210.8711243,204.798111
37447,B-220-2-14_masks.tif,10,7209,713.1959595,255.7878624,38.91613022,6.572797987,0.988358613,39.97870739,3267.040921,1065.21168,0,0,,,
37448,B-220-2-14_masks.tif,11,11484,749.4974747,275.2101999,57.31558357,4.801664446,0.978073263,20.70561875,3406.652995,1148.350313,0,0,,,
37449,B-220-2-14_masks.tif,12,11610,713.1543289,241.4974272,65.53370706,3.685087233,0.962476795,-69.66840923,1612.569509,1400.98174,0,0,,,
37450,B-220-2-14_masks.tif,13,14455,917.6984848,379.2669181,50.46636359,7.51524166,0.991107592,-85.32002821,2605.230854,1404.749775,0,0,,,
37451,B-220-2-14_masks.tif,14,11637,842.9533188,301.7859306,50.53793769,5.971473004,0.985878384,-60.90567513,1701.79273,1604.118673,6190,0.531924035,202.4767303,206.4746399,167.3421631
37452,B-220-2-14_masks.tif,15,19282,1303.521861,454.6220057,57.152205,7.95458383,0.992066566,58.18616325,2275.114252,1733.802251,0,0,,,
37453,B-220-2-14_masks.tif,16,11966,816.1837662,328.821016,48.00392567,6.849877619,0.989286359,85.14837687,2348.603627,1631.934314,0,0,,,
37454,B-220-2-14_masks.tif,17,9064,653.2964646,233.7877079,50.31630786,4.646360551,0.976565102,-43.31308026,3098.127096,1707.117829,5607,0.618601059,206.4843903,209.9327698,178.7857971
37455,B-220-2-14_masks.tif,18,14930,912.1248917,345.8289278,57.46157199,6.018438338,0.98609947,65.8313364,2488.865975,1736.423041,0,0,,,
37456,B-220-2-14_masks.tif,19,15175,890.6690476,351.0331296,58.04244427,6.047869521,0.986235373,-74.98014034,3110.793344,1806.61285,6194,0.408171334,198.8516235,201.1591797,169.6415863
37457,B-220-2-14_masks.tif,20,15944,892.7106781,312.8076627,69.28468254,4.514817002,0.97516198,64.42620578,2573.361076,1839.684834,0,0,,,
37458,B-220-2-14_masks.tif,21,9423,640.3259018,227.9613903,53.96476029,4.224263929,0.971576054,-24.38508339,3295.85026,2232.044466,8764,0.930064735,207.107605,210.2220459,183.0667572
37459,B-220-2-14_masks.tif,22,15665,1153.03658,428.8413671,55.41969942,7.73806736,0.991614486,51.20021682,1885.991765,2292.746313,0,0,,,
37460,B-220-2-14_masks.tif,23,18853,875.9411255,368.4215209,66.96671291,5.501561969,0.983341709,-83.51826281,2052.539331,2215.900281,11610,0.615817111,201.2565918,204.7080994,183.6159363
37461,B-220-2-14_masks.tif,24,18652,994.2253967,387.1792554,66.41986973,5.829268515,0.985175744,-19.20811721,2168.955394,2395.238795,12024,0.644649367,206.2756195,205.8906403,192.5610504
37462,B-220-2-14_masks.tif,25,23830,1212.811183,499.7355102,65.25037748,7.658737458,0.991439116,-12.9941635,2207.642342,2473.945237,11618,0.487536718,212.256073,214.9950104,197.5017242
37463,B-220-2-14_masks.tif,26,16644,919.4386002,342.0975998,66.25358425,5.163458002,0.981066995,-30.3362259,2103.263218,2374.579188,8415,0.505587599,205.7502136,206.2037964,184.9442596
37464,B-220-2-14_masks.tif,27,15652,958.8111832,370.798626,59.20257001,6.263218403,0.987171689,18.37231835,3175.266547,2462.35906,12503,0.798811653,203.0839844,203.8318024,192.906662
37465,B-220-2-14_masks.tif,28,13842,912.7523087,305.0325073,62.28279052,4.897540794,0.978932505,-37.69766796,3984.996677,2696.886071,11744,0.848432307,202.7632904,206.696701,186.4316254
37466,B-220-2-14_masks.tif,29,25061,1055.012193,427.0978691,77.29264831,5.525724354,0.983488295,-82.33018366,1938.555963,2620.392961,22646,0.90363513,206.5952454,208.5854492,198.4588928
37467,B-220-2-14_masks.tif,30,20099,1053.112698,459.6422458,56.76412347,8.097407617,0.992345031,-88.46270268,1796.819494,2691.575203,13706,0.681924474,203.858963,205.321167,200.2763824
37468,B-220-2-14_masks.tif,31,17321,822.6101731,275.5814325,82.56805279,3.33762785,0.95406051,-35.54199029,3979.206339,2895.377114,10382,0.599388026,202.5650177,204.7170105,181.8703461
37469,B-220-2-14_masks.tif,32,8529,621.9411255,255.7069511,43.9949852,5.812184048,0.985087805,-7.662535834,1383.886739,2944.854614,0,0,,,
37470,B-220-2-14_masks.tif,33,18450,1096.367532,393.6974118,62.61607856,6.287481121,0.987271141,-68.69338365,3659.606233,2925.337778,13019,0.705636856,203.2945709,207.4820709,195.3733063
37471,B-220-2-14_masks.tif,34,17074,876.5269119,357.4425367,63.86069585,5.597222704,0.983910866,-1.120248965,1238.218929,3095.154562,3644,0.213423919,199.0891876,197.3965454,151.1709595
37472,B-220-2-14_masks.tif,35,12206,719.882251,257.4817254,63.22374561,4.072547789,0.969384804,-55.71610311,1553.432328,2991.066279,4913,0.402506964,197.7828217,204.6828766,179.084259
37473,B-220-2-14_masks.tif,36,16050,886.0243866,319.8354679,66.27911243,4.825584656,0.97829251,-59.94110356,2310.565296,3017.732336,5917,0.368660436,201.0155487,207.6249847,186.3473053
37474,B-220-2-14_masks.tif,37,19748,1018.325902,383.2277845,69.49803983,5.514224364,0.983418771,12.32579501,3710.146749,3166.842465,18441,0.933816083,205.8766937,205.5792542,196.9325409
37475,B-220-2-14_masks.tif,38,13743,901.5807358,314.9587652,57.26236238,5.500275435,0.983333849,-42.12940056,2090.148949,3111.678746,6751,0.4912319,203.0149536,209.1097565,185.9968872
37476,B-220-2-14_masks.tif,39,22729,1041.539105,374.306062,81.68261114,4.582444866,0.97589868,70.15229759,3874.196885,3089.558846,17925,0.788640063,197.9923553,198.2820129,187.4394989
37477,B-220-2-14_masks.tif,40,11208,841.3969696,325.023204,46.62468033,6.971054851,0.98965752,20.66615185,1909.733494,3241.372145,0,0,,,
37478,B-220-2-14_masks.tif,41,14114,955.4802307,350.2133805,55.39223901,6.322426872,0.987412358,42.45819494,3853.528412,3202.065963,11108,0.78701998,206.65242,207.5050354,206.1897736
37479,B-220-2-14_masks.tif,42,12767,807.1959595,278.5214689,61.7390727,4.511267447,0.975122379,42.73496547,3828.437378,3248.296154,5129,0.401738858,185.3398285,182.3796082,185.863327
37480,B-220-2-14_masks.tif,43,26472,1135.59798,467.972554,75.54729176,6.1944319,0.986883297,-5.696087657,2333.785131,3403.825665,19636,0.741764884,202.3558807,205.5662079,193.1982117
37481,B-220-2-14_masks.tif,44,14722,883.3380951,308.6548557,63.86307869,4.833071972,0.978360459,51.4244795,1464.874949,3286.530023,4089,0.277747589,212.8566895,217.4169769,220.4455872
37482,B-220-2-14_masks.tif,45,18525,950.7695526,391.9330338,67.16932949,5.834999944,0.98520507,3.717885306,3040.621107,3424.261916,12816,0.691821862,201.935318,202.995163,187.9733124
37483,B-220-2-14_masks.tif,46,15113,642.7695526,226.8965342,92.10879285,2.463353684,0.913895005,87.85263353,3239.83147,3318.541388,10632,0.703500298,197.5397797,197.9730072,182.9998169
37484,B-220-2-14_masks.tif,47,16949,940.5269119,381.4143124,57.65130176,6.615883783,0.988510626,89.861008,1263.768777,3319.613193,10231,0.603634433,205.1611786,210.8466492,213.5712128
37485,B-220-2-14_masks.tif,48,11480,672.7106781,220.8835668,67.89058956,3.25352259,0.95159358,-42.50196217,3332.388066,3393.420993,8853,0.771167247,200.5116882,202.9091797,178.5447845
37486,B-220-2-14_masks.tif,49,12652,794.4264069,314.7069332,56.80229107,5.540391545,0.983576332,11.77533976,3157.775767,3494.300427,8998,0.711191906,199.3470764,198.9759979,186.4833221
37487,B-220-2-14_masks.tif,50,12793,699.9411255,284.69697,60.12964794,4.734718725,0.977441617,9.827791805,3114.658094,3513.6391,3961,0.30962245,195.3221436,194.3938446,198.2350464
37488,B-220-2-14_masks.tif,51,10128,689.3969696,258.9076033,51.18517893,5.05825336,0.980263237,30.20793864,2470.357425,3511.563685,8089,0.798676935,198.697113,202.1312866,201.10112
37489,B-220-2-14_masks.tif,52,17302,982.2253967,367.2025524,62.84027929,5.843426487,0.985248029,-72.91212046,3548.735291,3521.460409,10742,0.620853081,197.9186401,201.4831543,188.0696259
37490,B-220-2-15_masks.tif,1,10463,798.7695526,309.6993719,46.19654489,6.703950968,0.988812203,-78.29526316,4236.744433,55.37752079,0,0,,,
37491,B-220-2-15_masks.tif,2,9799,656.8111832,240.7124758,53.15398993,4.528587151,0.97531471,55.73583837,5345.23431,88.4852536,0,0,,,
37492,B-220-2-15_masks.tif,3,19688,1040.066017,372.9249558,69.00888973,5.40401327,0.982729548,-33.95943707,2926.611184,252.9983746,12017,0.6103718,205.5566254,207.3691406,178.758255
37493,B-220-2-15_masks.tif,4,17840,1015.355339,420.9013256,56.0932083,7.503605844,0.991079868,8.050669784,3883.365583,337.6055493,0,0,,,
37494,B-220-2-15_masks.tif,5,12093,754.8111832,282.6993942,55.8421319,5.062474955,0.980296471,-64.33844265,3175.372033,197.3651699,0,0,,,
37495,B-220-2-15_masks.tif,6,9998,682.7695526,254.4433917,51.2994132,4.959966903,0.979465004,88.07856989,5233.022104,157.3946789,0,0,,,
37496,B-220-2-15_masks.tif,7,21062,1153.882251,456.8443458,60.55682696,7.544060161,0.991175703,73.51620921,2004.998006,231.4045675,10026,0.47602317,204.2698059,205.6705627,191.2802734
37497,B-220-2-15_masks.tif,8,23674,1318.752309,508.1128946,62.31214414,8.15431569,0.992451909,70.22900832,2067.72096,311.9045789,3802,0.160598125,183.8845367,183.1851654,182.6557007
37498,B-220-2-15_masks.tif,9,15795,1124.551299,403.5222268,67.31539987,5.994500925,0.985987441,47.1811036,1935.590187,348.652295,0,0,,,
37499,B-220-2-15_masks.tif,10,14925,733.6984848,303.3433514,64.67280895,4.690431054,0.977008573,-84.41985138,3128.057085,285.2674707,10868,0.728174204,207.7736511,211.2453003,207.4833527
37500,B-220-2-15_masks.tif,11,15357,843.1126984,349.5307124,58.42289722,5.98276924,0.98593204,81.82910676,5281.549391,311.0676564,11713,0.762714072,204.0021362,210.3041992,207.6078644
37501,B-220-2-15_masks.tif,12,19011,901.8406204,357.2918699,69.45951469,5.143886644,0.980921246,79.24429828,2360.962653,359.6737152,0,0,,,
37502,B-220-2-15_masks.tif,13,15412,1041.823376,375.8970503,57.19132809,6.572623209,0.988357991,-35.28307179,4965.812289,503.6915391,0,0,,,
37503,B-220-2-15_masks.tif,14,17466,1115.740115,424.8261904,55.38735277,7.670093788,0.991464557,80.14684698,4638.777797,426.9666209,0,0,,,
37504,B-220-2-15_masks.tif,15,20959,1030.325902,412.1228548,76.97339957,5.354094494,0.982403108,8.922313938,2831.093993,687.525359,0,0,,,
37505,B-220-2-15_masks.tif,16,19963,1218.793939,440.4848392,59.64669318,7.384899577,0.990789452,-59.01927073,2363.419326,648.7548966,0,0,,,
37506,B-220-2-15_masks.tif,17,16225,989.4974747,394.4710842,63.02126863,6.259332648,0.987155652,-7.242482209,4144.866749,731.0175655,7167,0.441725732,210.9651184,214.8525238,199.9976349
37507,B-220-2-15_masks.tif,18,15095,821.9411255,329.8495078,64.65407512,5.101758973,0.980601731,3.972657394,3634.571911,735.531898,0,0,,,
37508,B-220-2-15_masks.tif,19,14206,927.3380951,331.2909306,60.71044441,5.456901755,0.983065567,-52.54621644,3795.682951,692.4319302,0,0,,,
37509,B-220-2-15_masks.tif,20,18511,1071.480231,384.5112226,69.33745976,5.545504897,0.983606858,49.04686185,3343.352115,810.0191778,0,0,,,
37510,B-220-2-15_masks.tif,21,12375,762.7695526,304.118704,55.12319745,5.517072993,0.983436034,80.51145159,3378.179636,722.7593535,649,0.052444444,216.1525421,219.0354462,218.4730377
37511,B-220-2-15_masks.tif,22,22157,1248.107648,419.8909222,73.30399851,5.728076649,0.984643229,46.69745238,4413.557747,807.900844,12923,0.583246829,203.256134,203.1087952,194.5795135
37512,B-220-2-15_masks.tif,23,23344,926.1837662,369.917605,82.43816045,4.48721324,0.974851497,-1.247293559,2363.271076,926.8543951,18328,0.785126799,210.28508,211.8242645,197.5906219
37513,B-220-2-15_masks.tif,24,9497,717.882251,263.2384802,47.80492816,5.506513455,0.983371907,32.00807701,2825.482152,854.1115089,0,0,,,
37514,B-220-2-15_masks.tif,25,23647,1373.421356,478.2155012,67.75525525,7.057983908,0.989912006,53.1834993,4393.416543,889.3631327,11330,0.479130545,200.3264771,204.1234741,180.4286804
37515,B-220-2-15_masks.tif,26,13423,996.2670273,324.7153104,60.83201793,5.337901346,0.982295218,62.60445464,3565.676302,844.2309469,0,0,,,
37516,B-220-2-15_masks.tif,27,17769,1027.480231,378.4825458,62.1269919,6.092079049,0.986435793,53.57527325,3441.214981,993.1536384,0,0,,,
37517,B-220-2-15_masks.tif,28,15542,965.5391052,358.6649821,57.13648837,6.277336819,0.987229701,68.00102954,3546.439647,977.7160597,0,0,,,
37518,B-220-2-15_masks.tif,29,17332,959.0538239,345.7038129,66.55284244,5.194425966,0.981294216,19.15811838,1616.719478,1089.087641,8306,0.479229171,206.7507782,206.9637604,198.3226624
37519,B-220-2-15_masks.tif,30,17246,1004.509668,369.2168939,64.35390444,5.737288158,0.984692884,29.71599963,3038.001218,1082.67204,0,0,,,
37520,B-220-2-15_masks.tif,31,13975,1015.681241,356.5418017,52.96331099,6.731863908,0.988905308,28.42349069,1564.833989,1127.854597,1697,0.121431127,184.9652252,181.1838531,182.0112
37521,B-220-2-15_masks.tif,32,18631,1007.539105,353.9592976,70.68152374,5.007805136,0.979859475,-68.60256299,5235.604476,1180.675058,13507,0.724974505,201.5849609,207.2210693,191.4875946
37522,B-220-2-15_masks.tif,33,9396,686.6690476,271.4445089,47.61380053,5.70096287,0.984495655,-17.30688694,2743.327905,1245.835355,0,0,,,
37523,B-220-2-15_masks.tif,34,16158,912.7106781,316.2160048,71.53673608,4.420330339,0.974074508,-22.30434429,2646.723543,1364.16023,0,0,,,
37524,B-220-2-15_masks.tif,35,18812,1101.941125,454.2845083,55.02996817,8.255220263,0.992635984,85.71204853,4253.596003,1307.56767,8518,0.452796088,204.6501465,209.5739594,203.9702911
37525,B-220-2-15_masks.tif,36,16940,853.9827561,315.6440417,71.29972949,4.427001953,0.974153626,-69.72031096,2155.120425,1380.321192,8232,0.485950413,206.5618286,211.7040863,197.7689514
37526,B-220-2-15_masks.tif,37,17025,1094.610173,406.9354173,61.80671213,6.584000398,0.988398427,-22.96718052,2514.226608,1507.967048,0,0,,,
37527,B-220-2-15_masks.tif,38,14145,786.4264069,307.9085972,60.2806811,5.107915033,0.980648922,9.754283172,3149.135454,1488.089007,10490,0.741604807,213.6739807,215.2457581,209.6143036
37528,B-220-2-15_masks.tif,39,11406,863.4386002,298.1557331,51.42495143,5.797880694,0.985013578,-56.4217915,4049.017798,1700.272751,0,0,,,
37529,B-220-2-15_masks.tif,40,15225,1018.651804,345.5370122,59.97179489,5.761658674,0.984823098,-42.63220536,4027.385353,1796.977668,0,0,,,
37530,B-220-2-15_masks.tif,41,14912,890.4264069,353.9732063,55.68769513,6.35639894,0.987547395,82.80572084,2403.334831,1738.25912,0,0,,,
37531,B-220-2-15_masks.tif,42,18094,1078.509668,403.9269528,57.85518542,6.98168971,0.989689169,65.28306426,3154.486736,1967.316956,0,0,,,
37532,B-220-2-15_masks.tif,43,15201,1057.195959,367.2585089,55.26088612,6.645903363,0.988614784,20.73121184,2111.569305,2151.131899,0,0,,,
37533,B-220-2-15_masks.tif,44,13836,831.9827561,301.0568298,61.93603421,4.860770207,0.978609062,72.66076971,887.2845476,2140.517418,11054,0.798930327,197.8109283,201.8276672,184.7733002
37534,B-220-2-15_masks.tif,45,17453,925.254834,372.861785,60.86691102,6.125853584,0.986585966,-77.90947612,1515.282702,2239.985619,0,0,,,
37535,B-220-2-15_masks.tif,46,17074,811.1126984,330.908404,67.63938057,4.892244743,0.978886376,87.85373565,2343.885498,2266.147886,0,0,,,
37536,B-220-2-15_masks.tif,47,14487,982.2253967,361.896571,55.0420386,6.574912198,0.988366143,-17.66961986,4125.422862,2420.51736,0,0,,,
37537,B-220-2-15_masks.tif,48,17185,1033.580736,357.9120641,68.25585033,5.243683323,0.981647267,-57.31195,950.0439919,2333.250044,14552,0.846784987,200.43396,206.1248627,190.8687439
37538,B-220-2-15_masks.tif,49,10069,764.4680374,287.3901414,46.45134233,6.186907136,0.986851159,-62.70699043,1155.593902,2344.091171,0,0,,,
37539,B-220-2-15_masks.tif,50,15967,955.4974747,373.6450645,55.63501275,6.716005732,0.988852556,-75.63909089,2344.536043,2343.039582,9375,0.587148494,211.9951935,214.9809113,215.6664581
37540,B-220-2-15_masks.tif,51,11847,997.1959595,353.2069125,46.44239881,7.605268495,0.991317789,-66.77410871,3871.899384,2421.876509,0,0,,,
37541,B-220-2-15_masks.tif,52,10952,665.0538239,236.9484471,60.9257034,3.889137653,0.966377778,49.54863365,2939.581264,2429.364865,5059,0.461924763,203.2288971,206.25737,202.3571777
37542,B-220-2-15_masks.tif,53,8008,683.2964646,242.9564411,42.7511476,5.683039047,0.984396926,-38.77245647,954.5161089,2557.427822,7518,0.938811189,200.1731873,207.5838013,187.1834259
37543,B-220-2-15_masks.tif,54,16925,1050.308658,371.0026701,59.3995216,6.245886501,0.987099929,55.10037436,732.7949778,2593.313205,0,0,,,
37544,B-220-2-15_masks.tif,55,12484,861.0538239,305.8517351,54.26158268,5.636616553,0.984136778,68.79082264,650.3808875,2625.046459,0,0,,,
37545,B-220-2-15_masks.tif,56,18915,1222.793939,453.2704774,58.86875933,7.699677768,0.991530301,-31.82892573,1520.441713,2753.806661,14794,0.782130584,203.565155,208.2418518,191.9537048
37546,B-220-2-15_masks.tif,57,8852,612.2253967,218.1024465,52.91940665,4.121407634,0.970117514,-35.79139551,3971.896634,2667.404767,0,0,,,
37547,B-220-2-15_masks.tif,58,23946,1339.379726,497.9098063,64.51361368,7.717902902,0.991570424,-62.73210553,1735.710975,2764.314499,16572,0.692057129,201.8982697,207.6396332,194.5041656
37548,B-220-2-15_masks.tif,59,13319,1040.651804,366.0497825,51.49395061,7.10859777,0.990055869,-56.43562635,2406.699527,2780.948495,11147,0.836924694,199.1602173,204.6381989,190.2491302
37549,B-220-2-15_masks.tif,60,12826,794.4680374,283.9872463,59.32172461,4.787238541,0.977939423,25.48338651,3935.685405,2922.880087,8867,0.691330111,204.7651978,210.7869568,203.5428009
37550,B-220-2-15_masks.tif,61,19206,984.8528137,353.4939522,71.74141109,4.927334811,0.979189211,25.77631478,1618.005051,3153.007237,0,0,,,
37551,B-220-2-15_masks.tif,62,20019,1145.053824,457.8475465,58.47702599,7.829528584,0.991810058,-16.02481416,1934.541935,3284.910635,14225,0.710574954,200.6207428,204.8661499,191.895813
37552,B-220-2-15_masks.tif,63,6612,453.2132034,182.5014073,47.65260887,3.829830341,0.965309547,6.830435986,3778.125681,3226.117514,3487,0.527374471,203.3561859,210.1628876,201.7843475
37553,B-220-2-15_masks.tif,64,10474,633.5979797,238.0319776,57.45602874,4.142854681,0.970430811,-77.27124617,4088.29578,3442.320412,9569,0.91359557,204.5844879,208.2399445,208.9811859
37554,B-220-2-15_masks.tif,65,10396,715.6984848,285.4921155,49.87193504,5.724504478,0.984623908,-88.54428011,4251.723355,3497.864467,116,0.011158138,199.8534546,196.9396515,203.3448334
37555,B-220-2-15_masks.tif,66,8216,559.7401154,204.2865341,52.16571366,3.916107338,0.966847201,48.2101322,4012.488437,3548.637658,0,0,,,
37556,B-220-2-15_masks.tif,67,8369,563.8406204,210.0238837,51.37397876,4.088137395,0.969621505,64.13979492,4127.610587,3549.002748,0,0,,,
37557,B-220-2-16_masks.tif,1,4395,466.4264069,167.9584037,35.78260675,4.693856007,0.977042507,-53.98123314,3367.991354,182.0204778,0,0,,,
37558,B-220-2-16_masks.tif,2,16083,917.6396103,341.5504824,62.36293725,5.476818403,0.98318956,-71.07742838,3478.55711,209.8219859,0,0,,,
37559,B-220-2-16_masks.tif,3,13688,948.0832611,365.0208664,52.13777323,7.001082781,0.989746507,-10.21570154,5188.570938,448.6602864,0,0,,,
37560,B-220-2-16_masks.tif,4,15108,1013.296465,367.0948761,57.03754862,6.43602127,0.987855483,-19.76584591,5243.906473,473.4628012,0,0,,,
37561,B-220-2-16_masks.tif,5,11047,871.882251,315.3376861,47.83932836,6.591599357,0.988425317,-67.57440129,4837.346791,346.5317281,0,0,,,
37562,B-220-2-16_masks.tif,6,11879,744.2253967,259.7681436,59.91297395,4.335757791,0.973039107,61.63030291,3782.73491,370.5800152,0,0,,,
37563,B-220-2-16_masks.tif,7,7872,625.7401154,222.6712511,46.11760746,4.828334847,0.978317506,-61.86760493,3950.970147,525.5090193,0,0,,,
37564,B-220-2-16_masks.tif,8,9054,798.8528137,270.9547838,46.59222144,5.815451065,0.985104682,-45.42170059,5335.004749,629.0918931,0,0,,,
37565,B-220-2-16_masks.tif,9,14215,981.9238816,353.7126532,55.63656345,6.357557534,0.987551962,30.0870216,5147.193176,839.976363,0,0,,,
37566,B-220-2-16_masks.tif,10,8605,696.1248917,233.3709564,49.20471386,4.742857709,0.977519863,-41.48392282,1825.980593,898.6780941,7226,0.839744335,202.7323608,209.3595276,188.0902252
37567,B-220-2-16_masks.tif,11,14037,777.6984848,301.5616792,61.1301672,4.933107384,0.979238403,89.27315807,1905.786137,1007.118829,5980,0.426016955,195.7389679,202.1595306,185.533783
37568,B-220-2-16_masks.tif,12,10416,903.3380951,328.8037741,44.5909189,7.373783323,0.990761531,-54.21975139,4582.944796,1199.302515,0,0,,,
37569,B-220-2-16_masks.tif,13,11102,896.4680374,317.7422102,49.6252173,6.402837661,0.987728491,66.81599734,2682.473338,1239.720861,0,0,,,
37570,B-220-2-16_masks.tif,14,6040,697.6396103,271.0395642,33.15234681,8.175577004,0.992491266,32.54520826,4696.638742,1353.123841,0,0,,,
37571,B-220-2-16_masks.tif,15,16999,1044.894444,360.4661957,62.44988498,5.772087423,0.984878311,-35.75947036,813.8315195,1379.77781,14645,0.861521266,199.7590332,202.8884888,181.9668121
37572,B-220-2-16_masks.tif,16,6128,491.254834,174.8673236,45.6468296,3.830875554,0.965328815,45.15655037,4560.651599,1397.848727,0,0,,,
37573,B-220-2-16_masks.tif,17,16599,1067.580736,389.9166428,56.1319445,6.946430349,0.989583677,60.25605102,2871.243027,1466.064642,0,0,,,
37574,B-220-2-16_masks.tif,18,5506,477.8406204,177.9152625,40.82532583,4.357963074,0.973316913,35.5376138,4695.786596,1470.276426,0,0,,,
37575,B-220-2-16_masks.tif,19,13792,847.5391052,316.7833878,56.73702315,5.58336286,0.983830232,-27.81147443,2542.851871,1553.929887,8889,0.64450406,206.5979309,210.5139008,205.8119049
37576,B-220-2-16_masks.tif,20,9015,567.0121933,208.0046793,57.51372488,3.616609423,0.961013321,68.37134761,2914.681531,1566.437715,0,0,,,
37577,B-220-2-16_masks.tif,21,11254,691.4558441,272.5726529,54.85256322,4.96918716,0.979541934,89.2855081,5046.370002,1608.404212,0,0,,,
37578,B-220-2-16_masks.tif,22,18414,940.1837662,355.0612464,68.63178036,5.173423224,0.981140564,-0.926433368,909.9786032,1825.826762,8612,0.467687629,197.2653198,197.3183899,181.2560425
37579,B-220-2-16_masks.tif,23,10401,714.0832611,273.8443058,52.58644843,5.207507143,0.981388966,70.73265053,5108.730411,1732.575714,0,0,,,
37580,B-220-2-16_masks.tif,24,16087,1071.722871,375.2688208,58.25952023,6.441330436,0.987875617,-52.46064314,1803.985516,1836.555107,0,0,,,
37581,B-220-2-16_masks.tif,25,9755,707.882251,248.7964535,51.64163303,4.817749535,0.97822106,-52.68538429,1883.395182,1835.316658,0,0,,,
37582,B-220-2-16_masks.tif,26,13625,974.0660172,334.6434782,54.57671614,6.131616225,0.986611339,-51.34309955,1846.385541,1926.999486,0,0,,,
37583,B-220-2-16_masks.tif,27,18855,1151.279221,406.0544795,63.77272763,6.367212045,0.98758992,48.92084832,815.8231769,2067.901989,6362,0.337417131,195.9468689,198.8491058,191.959137
37584,B-220-2-16_masks.tif,28,8876,594.0416306,248.3328705,46.26587769,5.367516685,0.982491788,-82.9383791,2778.513294,1966.686233,0,0,,,
37585,B-220-2-16_masks.tif,29,9531,585.4974747,209.7525739,58.66476901,3.575443616,0.960091652,-34.48102249,1641.878816,2046.743783,0,0,,,
37586,B-220-2-16_masks.tif,30,18769,1011.923882,360.1879043,70.24352067,5.127702894,0.980799445,60.5767233,5292.823219,2165.92477,0,0,,,
37587,B-220-2-16_masks.tif,31,15690,987.5807358,342.2787337,63.53978053,5.386841611,0.982618291,52.63493174,4405.209114,2347.410453,12161,0.775079669,192.3497314,193.6906433,181.516983
37588,B-220-2-16_masks.tif,32,16656,940.6690476,351.595644,68.10639769,5.162446642,0.981059505,81.86476752,4600.106988,2337.272514,0,0,,,
37589,B-220-2-16_masks.tif,33,6662,545.3553391,209.9880146,46.79321695,4.487573803,0.97485559,72.44732578,5354.034524,2494.168718,0,0,,,
37590,B-220-2-16_masks.tif,34,12526,827.882251,299.4313738,54.84373346,5.459719003,0.98308319,-25.07322932,1979.122066,2667.87482,0,0,,,
37591,B-220-2-16_masks.tif,35,15037,901.5807358,302.6884597,65.23730001,4.639806669,0.976498053,-42.96514646,2677.996409,2745.681519,0,0,,,
37592,B-220-2-16_masks.tif,36,15925,1106.953319,417.4826509,54.79503859,7.618986346,0.991349162,-19.99173172,4455.542229,2854.50763,0,0,,,
37593,B-220-2-16_masks.tif,37,16992,865.0121933,340.3265532,64.98388282,5.237091698,0.981600606,-85.41858821,4710.676377,2715.675494,11133,0.655190678,186.1318665,186.8215179,173.0602722
37594,B-220-2-16_masks.tif,38,13293,852.5269119,362.5250338,49.42746912,7.334485059,0.990661798,-2.100060027,5264.588731,2929.091853,0,0,,,
37595,B-220-2-16_masks.tif,39,11868,776.6690476,279.7390017,58.76421311,4.760363271,0.977686777,-15.59423164,5316.324065,3019.693461,0,0,,,
37596,B-220-2-16_masks.tif,40,20286,1255.338095,452.5818923,62.87879358,7.197687274,0.990301711,19.55046723,5219.147195,3119.499014,0,0,,,
37597,B-220-2-16_masks.tif,41,18505,1123.722871,396.8198195,63.66996024,6.232449619,0.987043879,-56.84559599,4547.568333,3001.018049,13358,0.721858957,191.9462433,195.7633667,181.0294189
37598,B-220-2-16_masks.tif,42,9151,654.1837662,262.6118824,46.26606957,5.676122584,0.984358575,14.9740106,5136.283794,3039.476014,0,0,,,
37599,B-220-2-16_masks.tif,43,20739,1146.225397,457.1667853,61.85609792,7.390811911,0.99080425,76.53651832,3824.855683,3054.280534,0,0,,,
37600,B-220-2-16_masks.tif,44,15370,1123.03658,362.5226658,59.50032406,6.092784729,0.986438957,-38.58419296,3633.867729,3205.811126,0,0,,,
37601,B-220-2-16_masks.tif,45,16040,988.9949494,348.0558732,61.05670586,5.700534746,0.984493308,-33.40907581,3504.851309,3292.735973,0,0,,,
37602,B-220-2-16_masks.tif,46,11708,952.0243866,360.5327822,46.84698836,7.695964988,0.991522092,-27.69628744,2987.320379,3350.079433,0,0,,,
37603,B-220-2-16_masks.tif,47,18079,1007.23759,336.1878717,72.0377478,4.666829294,0.976772662,-42.88515253,3619.297528,3311.684662,0,0,,,
37604,B-220-2-16_masks.tif,48,16704,1084.651804,386.6795694,58.54690202,6.604611962,0.988471147,-31.33610874,2912.082615,3371.25898,4565,0.273287835,191.1082153,196.4764557,194.076889
37605,B-220-2-16_masks.tif,49,8253,704.0832611,271.6929359,42.37401282,6.411782078,0.987762917,-70.60069194,2589.402763,3262.218951,0,0,,,
37606,B-220-2-16_masks.tif,50,17049,892.4680374,331.9443544,69.76080798,4.758321528,0.977667406,-67.08497268,3717.207989,3355.262127,0,0,,,
37607,B-220-2-16_masks.tif,51,15188,888.5685425,339.6156952,60.20240714,5.641231161,0.984162929,-18.35062467,2733.254148,3501.411246,5189,0.341651304,197.5033722,203.3291626,201.2380066
37608,B-220-2-16_masks.tif,52,20017,874.8528137,308.5853536,83.63284577,3.689762685,0.962573677,37.66013433,4704.276815,3516.828546,14259,0.712344507,188.4142609,188.5527802,175.3610992
37609,B-220-2-16_masks.tif,53,20325,1036.752309,354.3708715,78.70670157,4.502423103,0.975023294,61.21851142,3444.796999,3518.323247,0,0,,,
37610,B-220-2-16_masks.tif,54,5808,655.9827561,233.6299229,38.47721991,6.071902373,0.986344872,-36.61621737,4461.13447,3569.506371,0,0,,,
37611,B-220-2-16_masks.tif,55,8019,604.5685425,205.7987562,53.70071506,3.832328042,0.965355563,-34.83373509,4525.120589,3575.962714,0,0,,,
37612,B-220-3-01_masks.tif,1,13686,673.4974747,246.0218153,73.36265937,3.353501869,0.954504738,-23.78325702,2921.287958,101.3615373,6301,0.460397486,196.648941,195.0295258,160.0138092
37613,B-220-3-01_masks.tif,2,6839,566.7695526,216.0312231,44.76233063,4.826183535,0.978297956,-69.39229256,3346.082468,40.15177658,0,0,,,
37614,B-220-3-01_masks.tif,3,26814,1369.320851,455.3489589,78.3189013,5.814036603,0.985097379,47.49273275,3807.958007,181.9145223,19161,0.714589394,189.2289581,191.812439,172.7711029
37615,B-220-3-01_masks.tif,4,7122,476.0416306,182.3731997,51.21937724,3.560628995,0.959751893,-9.800807447,4794.497613,116.5827015,3963,0.556444819,201.286911,206.6361389,163.4140778
37616,B-220-3-01_masks.tif,5,24571,969.0121933,385.1495075,83.25705544,4.626028454,0.97635615,2.085564327,3299.054943,295.560783,14693,0.59798136,194.4504852,196.5028992,172.0968475
37617,B-220-3-01_masks.tif,6,10821,690.5685425,243.5966749,62.20237207,3.916195907,0.966848726,56.95196377,5351.608077,243.8282968,9372,0.866093707,176.0913391,184.4573212,146.7518158
37618,B-220-3-01_masks.tif,7,14714,850.4264069,348.5184224,57.10963754,6.102620108,0.986482932,-11.3341232,4448.599769,378.4176974,6331,0.430270491,193.15242,197.7158356,172.6100159
37619,B-220-3-01_masks.tif,8,21457,1130.710678,442.3484946,64.09840371,6.901084411,0.989445607,73.04666219,3684.268304,278.8335275,12794,0.596262292,193.6908722,193.8283539,176.3265533
37620,B-220-3-01_masks.tif,9,24526,1060.894444,368.3063689,86.46252791,4.259722424,0.972054069,54.27169569,958.0597325,335.5925141,16480,0.671939982,187.2325897,191.370575,168.2474518
37621,B-220-3-01_masks.tif,10,20530,1087.338095,391.8033677,70.10981153,5.588424204,0.983859748,63.46077811,3684.814272,350.9876279,12987,0.632586459,186.9650421,191.9150696,171.3722992
37622,B-220-3-01_masks.tif,11,9433,616.0832611,229.5021065,54.53684107,4.208203152,0.971355473,-68.32104779,2813.408778,303.0484469,5200,0.551256228,205.9959564,205.4386597,180.7988434
37623,B-220-3-01_masks.tif,12,19841,1041.823376,370.0514613,71.00458313,5.211655994,0.981418866,30.60451968,3981.020211,437.6347462,14106,0.710952069,193.7194061,196.7463531,180.3559418
37624,B-220-3-01_masks.tif,13,20648,1037.137085,369.3702595,73.22343995,5.044426481,0.980153795,-45.06475065,4214.420573,441.1333785,9740,0.471716389,203.0549316,201.1989746,179.1813202
37625,B-220-3-01_masks.tif,14,1595,201.0710678,73.65737026,30.15969286,2.442245371,0.912328399,-3.805964697,5120.565517,356.1034483,1535,0.962382445,202.8879547,201.6247559,108.0228043
37626,B-220-3-01_masks.tif,15,16680,772.1248917,279.5220591,77.25218747,3.618306073,0.961050616,-37.28952551,527.1892086,469.5870504,0,0,,,
37627,B-220-3-01_masks.tif,16,13605,719.254834,274.7643916,63.79984204,4.306662568,0.972668453,72.93125859,2937.465417,455.6431459,6554,0.481734656,186.0744629,188.9345398,164.1997223
37628,B-220-3-01_masks.tif,17,5875,366.8700577,120.167728,63.06633391,1.905418002,0.85121371,67.68262799,5188.062128,456.576,3031,0.515914894,211.1435242,214.9871368,184.7360535
37629,B-220-3-01_masks.tif,18,20555,1099.296465,429.7334178,66.05383336,6.505805885,0.988116181,14.23423427,3845.332182,653.6190708,10237,0.498029676,192.8460541,192.4492493,174.2526093
37630,B-220-3-01_masks.tif,19,14251,889.1959595,323.2231598,59.42127408,5.439519176,0.982956223,-28.58517683,4482.58445,615.9773349,3586,0.251631464,203.2590637,202.640274,163.4768524
37631,B-220-3-01_masks.tif,20,12212,600.7695526,221.5737036,71.21318321,3.111414118,0.946944452,-16.56330109,4815.244759,654.3725843,8479,0.694317065,199.3364716,198.9879761,173.6031342
37632,B-220-3-01_masks.tif,21,14030,866.9116882,333.1639454,60.4502691,5.511372411,0.983401461,78.50026704,3026.931361,648.864861,10036,0.715324305,200.1557465,202.3920898,190.7115326
37633,B-220-3-01_masks.tif,22,17186,861.9411255,358.706881,63.01897097,5.692045991,0.984446656,-87.22825184,3279.704178,626.6871291,7574,0.440707553,193.004364,193.1684723,162.7187805
37634,B-220-3-01_masks.tif,23,9305,576.6690476,211.3404305,58.20971066,3.630673097,0.961320837,-60.60881022,80.43224073,677.4823213,3106,0.333799033,180.041214,186.2514496,127.5875702
37635,B-220-3-01_masks.tif,24,6081,397.4558441,140.5756277,56.2009066,2.501305338,0.916606215,-7.442074168,4906.107877,699.6623911,5710,0.938990298,193.4479828,194.2556915,155.4287262
37636,B-220-3-01_masks.tif,25,19910,1032.752309,378.4635961,68.71553155,5.507686364,0.983379049,-58.51648648,175.5581617,741.5707685,6040,0.303365143,196.3556366,190.7077789,154.1259918
37637,B-220-3-01_masks.tif,26,10096,593.4558441,247.8239866,53.46218352,4.635500652,0.976453843,-3.502494585,4663.361727,768.5243661,3604,0.356973059,198.2722015,199.5219269,160.1387329
37638,B-220-3-01_masks.tif,27,3278,271.2132034,85.15921774,50.0172311,1.702597602,0.809341869,-24.17900415,5366.442953,700.5637584,3157,0.963087248,202.9094086,200.8504944,112.965477
37639,B-220-3-01_masks.tif,28,11888,645.1126984,233.343617,70.43564279,3.312862746,0.953354248,89.45134032,2683.041639,694.8314266,5451,0.45852961,192.3320465,195.6151123,168.3916779
37640,B-220-3-01_masks.tif,29,23546,1211.722871,431.2297188,71.42090331,6.03786425,0.986189397,28.37835401,3242.099465,885.0580141,15513,0.658838019,188.6366882,192.787796,171.1314392
37641,B-220-3-01_masks.tif,30,13548,735.1126984,283.565449,62.92766734,4.506212625,0.975065821,87.97897115,2847.475642,740.2204015,5390,0.3978447,196.8979645,194.7354431,168.9818115
37642,B-220-3-01_masks.tif,31,29129,1292.693434,455.9606825,83.51443898,5.45966288,0.983082839,-33.28321581,175.0426379,920.7355556,0,0,,,
37643,B-220-3-01_masks.tif,32,14974,952.4091629,323.440026,60.77295455,5.322104683,0.982189008,-47.62950037,123.5326566,861.373848,3466,0.231467878,195.9451752,195.9636536,144.4238281
37644,B-220-3-01_masks.tif,33,12586,869.254834,317.0869645,52.80583394,6.004771458,0.986035674,-77.17235631,2813.593596,803.4069601,2274,0.180676943,196.905014,197.0118713,144.0299072
37645,B-220-3-01_masks.tif,34,21183,793.254834,296.2111479,92.99451153,3.185254087,0.94944061,-6.812793956,537.5617712,905.7179342,11738,0.55412359,190.5838318,191.0916748,170.4330444
37646,B-220-3-01_masks.tif,35,15330,773.0538239,282.4917251,70.83707426,3.987907859,0.968049792,27.56080146,423.941683,924.340574,4887,0.318786693,173.3055115,174.9641876,167.6595001
37647,B-220-3-01_masks.tif,36,26021,1204.409163,450.1637357,77.49258931,5.80911981,0.98507195,64.92860076,2700.072826,927.9916222,15510,0.596057031,183.7205658,187.399353,169.7564087
37648,B-220-3-01_masks.tif,37,23083,1225.823376,452.5862268,68.45648733,6.611297839,0.988494589,25.55828039,2972.674176,1028.378157,13834,0.599315514,189.8434296,192.17659,171.1409607
37649,B-220-3-01_masks.tif,38,11284,661.254834,249.3512976,58.85962366,4.236372612,0.971740667,-15.82342078,4959.233605,936.0282701,5005,0.443548387,197.8453522,199.9592438,160.6611328
37650,B-220-3-01_masks.tif,39,18846,956.4091629,345.5680351,70.42896736,4.906617945,0.979011217,-38.71397723,4495.344901,970.9709753,6569,0.348562029,208.9147491,210.2823944,163.7297974
37651,B-220-3-01_masks.tif,40,17662,885.6812409,309.4232904,74.01288386,4.180667936,0.970971248,50.6371755,4798.879855,1019.35432,13357,0.75625637,190.9145813,192.505722,176.3463287
37652,B-220-3-01_masks.tif,41,15073,874.8528137,296.278064,67.23390942,4.406676133,0.973911442,33.91659626,2046.61912,1081.105885,11180,0.741723612,189.894104,191.9804077,167.9398041
37653,B-220-3-01_masks.tif,42,19346,866.5269119,366.2499966,69.06875674,5.302686973,0.982057133,-4.845130082,4619.541611,1121.162928,12508,0.646541921,197.8239594,199.7492828,179.7017975
37654,B-220-3-01_masks.tif,43,21194,924.0832611,379.7759974,72.20527854,5.259670831,0.981759704,12.82238185,4708.430829,1134.544541,14078,0.664244598,195.9546814,197.2053528,180.4094391
37655,B-220-3-01_masks.tif,44,14631,644.7695526,237.3218939,82.18535275,2.887642213,0.93812261,72.87098515,5342.484246,1012.073269,11665,0.797279748,192.8131104,194.2389984,171.4307709
37656,B-220-3-01_masks.tif,45,14397,754.4680374,283.1207327,65.8767037,4.297736784,0.972553204,-30.04120369,4524.70091,1105.70987,3749,0.260401473,202.3553009,201.0032043,162.0944214
37657,B-220-3-01_masks.tif,46,20273,915.0121933,348.6010713,76.69212377,4.545461178,0.975499944,88.09273848,5178.201549,1049.187688,15638,0.771370789,195.1817322,195.4964142,179.9219208
37658,B-220-3-01_masks.tif,47,15471,736.3259018,269.2391555,74.14811126,3.631099309,0.9613301,72.11238382,261.5249822,1096.000517,8946,0.578243165,190.416275,191.8016968,174.8328857
37659,B-220-3-01_masks.tif,48,26940,1318.468037,510.1039365,70.07841268,7.279045244,0.990518327,78.39538627,509.1669265,1105.637565,11977,0.444580549,179.2108154,182.304245,162.1647339
37660,B-220-3-01_masks.tif,49,11098,672.6690476,249.9256277,59.26936247,4.216776041,0.971473534,-68.76305039,5247.383583,1120.80492,6774,0.610380249,201.39888,196.7931824,178.9994049
37661,B-220-3-01_masks.tif,50,25601,1191.823376,438.3010354,75.84758665,5.778707732,0.984913204,-63.91783122,5249.562947,1188.391703,17466,0.682238975,202.6222382,200.3639069,188.0621185
37662,B-220-3-01_masks.tif,51,18279,1022.426407,427.3809632,56.65795374,7.543176817,0.991173627,83.45629116,877.1569561,1126.579135,10074,0.551124241,193.1169281,197.8974609,181.508728
37663,B-220-3-01_masks.tif,52,22829,1096.409163,405.0335875,74.50123545,5.436602293,0.98293777,30.48640696,2863.107276,1268.525822,9081,0.397783521,187.58078,189.5247192,166.8027802
37664,B-220-3-01_masks.tif,53,22466,959.5979797,380.0366937,77.23020707,4.920829661,0.979133566,2.638387692,1146.385605,1344.666607,10005,0.445339624,187.8333893,188.0536804,171.6849518
37665,B-220-3-01_masks.tif,54,18854,971.6812409,352.5099004,69.90301735,5.042842408,0.980141198,-60.02445565,431.6185425,1272.086772,4180,0.221703617,197.0619659,200.5851746,162.1643524
37666,B-220-3-01_masks.tif,55,18513,920.0243866,342.283851,70.56638637,4.850522587,0.978517589,-29.27426633,3113.876087,1312.243451,3870,0.209042295,209.524292,207.3067169,158.2224731
37667,B-220-3-01_masks.tif,56,17475,876.9116882,348.6037796,66.21398152,5.264806187,0.9817956,-73.77024195,5288.345808,1248.54907,10277,0.588097282,193.8386688,192.4447784,174.2119293
37668,B-220-3-01_masks.tif,57,19637,1082.308658,378.9080753,67.44701965,5.617862394,0.984029827,-35.56672598,3229.430565,1402.306055,10066,0.512603758,207.705246,206.4609528,180.1408691
37669,B-220-3-01_masks.tif,58,16360,761.254834,299.9170454,74.5203904,4.024630625,0.96863959,71.92709546,113.692665,1325.546088,4593,0.280745721,174.0330963,175.0304871,135.4711456
37670,B-220-3-01_masks.tif,59,21823,1141.338095,423.5800445,66.86010132,6.335318615,0.98746386,64.91394958,2743.118132,1364.786555,10432,0.478027769,193.5408325,194.562973,169.6651611
37671,B-220-3-01_masks.tif,60,18334,805.0538239,287.4196325,82.91896154,3.466271492,0.957481575,-64.76284687,819.8164067,1380.198702,9517,0.519090215,196.1355438,198.0788116,169.2359009
37672,B-220-3-01_masks.tif,61,20920,1175.03658,427.1525575,68.34223808,6.250198553,0.987117838,52.77097623,2528.985229,1468.793499,13599,0.650047801,195.4283447,197.7532196,180.3089905
37673,B-220-3-01_masks.tif,62,21194,1297.663997,453.4821573,61.20095332,7.40972375,0.990851347,-39.76814949,555.0270831,1530.408512,7006,0.330565254,204.9479065,204.7049713,174.274765
37674,B-220-3-01_masks.tif,63,29004,1429.220346,504.3042113,76.03937379,6.632145771,0.988567227,44.31404841,4646.269756,1546.699835,20554,0.708660874,198.0415039,199.4645844,188.8964233
37675,B-220-3-01_masks.tif,64,13403,732.4680374,260.9748637,68.01721717,3.836894165,0.965439446,-54.00804874,5344.347086,1537.512497,3429,0.255838245,211.3843689,210.0638733,148.8288116
37676,B-220-3-01_masks.tif,65,23470,1124.208153,402.0768076,76.81225109,5.234540088,0.981582496,51.44810416,192.7546229,1654.267064,12331,0.52539412,182.3035431,184.8243408,168.3681793
37677,B-220-3-01_masks.tif,66,27467,1278.350288,450.4251756,79.66237454,5.654177122,0.984235948,34.69657599,2271.851531,1778.317399,14914,0.542978847,190.2733002,191.6847229,175.8547668
37678,B-220-3-01_masks.tif,67,19833,1069.965512,385.9998686,67.44325982,5.723327574,0.984617534,41.93542143,634.0001513,1849.347199,12836,0.647204155,192.2191467,193.3024292,181.2245178
37679,B-220-3-01_masks.tif,68,24081,1019.154329,403.7950293,78.44060423,5.147780709,0.98095038,-13.588827,1478.896018,1991.709688,9755,0.405091151,196.4244995,195.5584869,172.2558746
37680,B-220-3-01_masks.tif,69,23955,1082.267027,408.7095855,77.41761376,5.279284205,0.981896231,65.41742847,175.7026508,2007.051805,12101,0.5051555,183.7234039,184.6598663,163.162384
37681,B-220-3-01_masks.tif,70,9854,611.9411255,241.2897162,53.27248891,4.529349411,0.975323123,78.86089208,3813.560077,1963.465598,0,0,,,
37682,B-220-3-01_masks.tif,71,23989,1141.254834,476.3462515,69.14604646,6.888987525,0.98940831,82.88565066,1089.277335,1988.776898,11024,0.459543958,190.2128143,191.5413666,172.0121613
37683,B-220-3-01_masks.tif,72,16977,973.0954544,342.2542516,65.16683634,5.251969725,0.981705674,-62.52712421,3734.37327,2082.799022,3033,0.178653472,201.5219269,198.0992432,159.1948547
37684,B-220-3-01_masks.tif,73,19442,986.1837662,400.7175888,65.57591163,6.110743699,0.986519093,-89.22573297,4824.942907,2048.180023,14256,0.733257895,199.34758,198.9217834,187.0165558
37685,B-220-3-01_masks.tif,74,23038,1004.183766,406.932715,73.38244061,5.545369051,0.983606048,86.02494642,2206.738215,2083.383367,8842,0.383800677,180.6628571,181.2848969,164.1233826
37686,B-220-3-01_masks.tif,75,15295,818.2253967,313.5633334,67.03011941,4.677946812,0.976884239,23.41996125,4946.35456,2255.147826,12977,0.848447205,197.5525208,197.5690765,185.3242645
37687,B-220-3-01_masks.tif,76,17849,980.4680374,371.9993052,62.85162027,5.918690777,0.985623546,71.69284987,3997.344669,2184.695725,6484,0.363269651,200.2393646,203.2328796,196.2572479
37688,B-220-3-01_masks.tif,77,19744,1071.982756,410.1932872,64.20508145,6.388797864,0.98767416,75.62915975,4018.780895,2274.696921,12816,0.64910859,194.2947845,195.4273529,178.8369293
37689,B-220-3-01_masks.tif,78,20519,1005.681241,378.4645535,70.46296514,5.371113077,0.982515435,62.9734083,187.6224962,2359.905259,11308,0.551098981,180.0440369,182.3356018,171.1327362
37690,B-220-3-01_masks.tif,79,18059,927.6812409,314.209844,79.41694279,3.956458571,0.967531284,-39.77942643,2906.742068,2400.84462,7357,0.407386898,205.2549896,206.24086,165.4035645
37691,B-220-3-01_masks.tif,80,14793,849.0538239,313.7532713,65.56407583,4.785444885,0.977922695,-26.13743303,3455.62124,2438.685797,8679,0.58669641,203.595108,203.5357819,180.7733612
37692,B-220-3-01_masks.tif,81,22480,977.254834,398.086653,73.46398248,5.418800337,0.982824499,-81.06583584,4131.667082,2367.357785,13746,0.611476868,199.878006,197.8486176,179.2776794
37693,B-220-3-01_masks.tif,82,17736,892.7106781,332.4740613,69.60908994,4.77630237,0.977837138,25.95077833,3311.039411,2496.768888,12512,0.705457826,194.1954956,195.4106445,178.1911011
37694,B-220-3-01_masks.tif,83,19728,950.5269119,381.7589259,66.85695175,5.710085726,0.984545546,88.4463775,869.0833333,2425.179339,10509,0.532694647,184.3662567,184.0535736,167.7919922
37695,B-220-3-01_masks.tif,84,22282,1139.254834,463.1870662,64.56406507,7.174069132,0.990237434,83.11912607,4539.398034,2466.097837,13343,0.598824163,188.4812317,189.6082611,173.1692963
37696,B-220-3-01_masks.tif,85,15300,834.5269119,332.5942606,61.76710419,5.384650372,0.982604016,-3.170169954,5188.362157,2616.08915,10821,0.707254902,188.5202789,192.303299,168.8702545
37697,B-220-3-01_masks.tif,86,19761,1069.379726,383.9601131,69.05522688,5.560189003,0.983694046,-45.04922721,2807.628308,2622.278225,4610,0.233287789,208.8370972,211.3149719,165.1036835
37698,B-220-3-01_masks.tif,87,9120,622.8111832,217.4773233,55.60567381,3.911063538,0.966760165,35.85974435,3073.215899,2582.452083,0,0,,,
37699,B-220-3-01_masks.tif,88,16410,857.4974747,334.8948156,66.03000294,5.071858257,0.980370039,12.72990951,3481.967337,2669.601828,8585,0.523156612,194.4573059,195.8283081,172.7499084
37700,B-220-3-01_masks.tif,89,23611,1228.409163,450.142184,73.79432668,6.099956517,0.986471044,63.79808638,925.4675787,2667.577316,12929,0.547583753,189.2256165,189.7090302,177.124527
37701,B-220-3-01_masks.tif,90,18105,796.4264069,288.4035416,82.18302623,3.509283544,0.95853987,-1.372128499,5014.044131,2770.666832,11279,0.622977078,187.9062805,188.1499176,167.9716339
37702,B-220-3-01_masks.tif,91,16699,815.0121933,329.9034696,67.49646833,4.887714539,0.978846796,86.16484057,3286.413378,2676.340739,9187,0.550152704,194.9973907,196.9233704,182.1938629
37703,B-220-3-01_masks.tif,92,22963,1243.882251,478.5028464,72.28098813,6.620037423,0.988525123,-13.11305071,4242.459478,2886.696076,13318,0.579976484,196.5235748,197.871521,175.1626434
37704,B-220-3-01_masks.tif,93,15954,884.7695526,368.5215386,60.38077529,6.103292594,0.986485931,-5.899928816,348.6484267,2886.594083,3748,0.234925411,200.5106659,198.3994141,165.642746
37705,B-220-3-01_masks.tif,94,27287,1402.977705,500.3967257,71.81896794,6.967473079,0.989646829,44.48305608,918.6075054,2898.706747,15567,0.570491443,181.5086975,181.6686554,171.6210632
37706,B-220-3-01_masks.tif,95,16663,791.254834,309.0630424,69.86825389,4.423511755,0.974112281,76.69381678,3353.922283,2765.574446,10989,0.659485087,191.980896,190.1046448,174.7523956
37707,B-220-3-01_masks.tif,96,13834,741.0121933,270.3603342,67.28323761,4.018242044,0.968538171,-15.40641214,295.5560214,2877.120645,4432,0.320370103,198.8052826,195.817688,156.2328491
37708,B-220-3-01_masks.tif,97,18724,998.4091629,355.9290805,69.6755037,5.108381879,0.980652493,-34.28948846,445.9338816,2917.751068,10646,0.568575091,201.6495361,203.2715607,179.9023132
37709,B-220-3-01_masks.tif,98,29520,1299.39697,496.9514954,78.89258216,6.299090254,0.987318317,80.0598204,1110.039194,2800.816836,11115,0.37652439,192.3130035,191.2485809,172.2420197
37710,B-220-3-01_masks.tif,99,17763,848.1837662,328.3151352,72.96511676,4.49961776,0.97499174,-89.22139053,3186.056803,2801.079547,5640,0.317513933,194.0549622,191.3147125,154.4535522
37711,B-220-3-01_masks.tif,100,15588,890.1248917,333.2070795,63.02771849,5.286675252,0.98194728,27.45776969,2972.819541,2974.200411,9997,0.641326662,186.7190094,188.8972626,174.7696381
37712,B-220-3-01_masks.tif,101,21739,1138.651804,425.3910802,66.49920449,6.396934873,0.987705693,-29.73138708,3588.353236,3002.417131,11929,0.548737292,203.9298401,207.5106049,180.7618408
37713,B-220-3-01_masks.tif,102,4621,375.1126984,116.0460827,53.97874922,2.149847567,0.885232268,-34.70251782,4565.874919,2867.21359,4409,0.954122484,201.3064117,199.8410034,155.2912292
37714,B-220-3-01_masks.tif,103,27536,1143.59798,466.2163032,79.95239485,5.831173714,0.985185502,-85.16868824,1263.095947,2901.901656,8687,0.31547792,197.306778,198.7536621,171.3298035
37715,B-220-3-01_masks.tif,104,22091,882.6690476,339.7721078,84.22552303,4.034075368,0.968788626,11.19550012,3227.235209,3041.649224,16167,0.731836495,194.3215179,193.1279144,178.8461609
37716,B-220-3-01_masks.tif,105,21608,975.7401154,385.3021553,73.20617078,5.263246953,0.981784712,12.30362234,4070.621529,3067.617642,14629,0.677017771,188.149231,190.8039551,177.9392242
37717,B-220-3-01_masks.tif,106,19804,931.1126984,398.2606754,65.21444469,6.106939609,0.986502178,-1.688240047,1915.933246,3090.077863,14033,0.708594223,194.3934326,195.4985352,182.0632782
37718,B-220-3-01_masks.tif,107,17918,789.6984848,323.9607643,71.45007061,4.534085993,0.975375304,-85.71257525,4832.652249,2951.71057,12976,0.724187967,191.2610168,192.4978485,172.987442
37719,B-220-3-01_masks.tif,108,20234,933.5807358,327.7538537,79.97049061,4.09843495,0.969776345,-42.97132212,3425.143817,3083.022437,10660,0.526836019,203.1714783,207.1990662,173.6823578
37720,B-220-3-01_masks.tif,109,17338,864.2253967,310.7692485,74.33643572,4.180577741,0.970969977,-20.80509934,5085.720787,3096.03749,13351,0.770042681,190.6469116,194.1549683,170.3508301
37721,B-220-3-01_masks.tif,110,14678,723.6984848,297.8573823,63.59421089,4.683718504,0.976941846,81.43140454,4377.403665,3042.163101,7524,0.512603897,182.4887085,183.6032715,158.3831787
37722,B-220-3-01_masks.tif,111,23616,1244.308658,451.5930454,70.89208069,6.370147991,0.987601428,27.31859385,574.5279895,3252.4906,12873,0.545096545,184.9592896,187.3874054,175.345993
37723,B-220-3-01_masks.tif,112,14120,926.7523087,334.302192,55.6238995,6.010045952,0.986060347,35.25985447,477.1033994,3225.352266,0,0,,,
37724,B-220-3-01_masks.tif,113,10963,681.1543289,239.8336103,59.71074537,4.016590462,0.968511871,61.48602563,282.4552586,3163.17705,187,0.017057375,230.5401001,225.1604309,223.8823547
37725,B-220-3-01_masks.tif,114,24119,1047.338095,381.5530489,81.20536081,4.698618972,0.977089572,-29.11905317,2422.178075,3261.054936,13984,0.579791865,199.2340546,200.3409576,179.2773895
37726,B-220-3-01_masks.tif,115,16321,913.3380951,325.0931659,67.96104723,4.78352202,0.977904742,41.97498989,3824.475155,3222.15042,13665,0.837264873,197.4996643,196.3003998,188.6223907
37727,B-220-3-01_masks.tif,116,15764,774.7695526,301.7629779,68.88564478,4.380636617,0.97359615,-3.086140162,3204.627823,3266.409921,9345,0.592806394,191.6682739,193.0137024,174.8848572
37728,B-220-3-01_masks.tif,117,20226,1081.722871,380.8577168,69.27476238,5.497784528,0.983318616,52.63625203,3769.28409,3265.506823,13544,0.669633145,191.0942841,191.9944611,182.6134033
37729,B-220-3-01_masks.tif,118,30536,1350.249783,479.2463208,83.26477748,5.755690885,0.984791366,35.92679802,3993.818247,3346.539396,24653,0.807342154,192.2212677,193.3561859,181.793457
37730,B-220-3-01_masks.tif,119,17818,996.6690476,384.5290709,65.889077,5.836006337,0.985210211,6.350155625,4213.797564,3358.811202,8834,0.495790773,188.8563538,193.0294342,172.6469269
37731,B-220-3-01_masks.tif,120,19522,1091.480231,401.2019736,63.31111141,6.336991479,0.98747052,56.85917717,393.7616535,3289.691528,10522,0.538981662,190.2663879,193.2670593,184.3879547
37732,B-220-3-01_masks.tif,121,15775,795.0121933,314.0982689,66.47815719,4.724834173,0.977346037,12.43279297,2534.423835,3358.473154,9929,0.629413629,193.8342285,195.7849731,173.7630157
37733,B-220-3-01_masks.tif,122,25070,1170.124892,440.6206286,76.44171513,5.76413844,0.984836254,74.30091309,3567.719146,3247.155405,14367,0.573075389,189.5596161,189.2249603,172.5934448
37734,B-220-3-01_masks.tif,123,10692,577.254834,197.1717515,71.41309058,2.761002919,0.932105364,48.69475008,3693.19538,3362.282828,7359,0.688271605,188.2940674,189.677536,174.0421295
37735,B-220-3-01_masks.tif,124,25437,1160.651804,421.0233208,80.49994941,5.23010665,0.981550965,59.43212919,3909.304281,3433.131148,16923,0.665290718,192.1705322,193.0723267,179.2800293
37736,B-220-3-01_masks.tif,125,17096,853.7401154,338.2080253,67.45682572,5.013696119,0.979907261,18.20084683,3129.916179,3510.088325,8290,0.484908751,191.1296692,190.9406586,176.6072388
37737,B-220-3-01_masks.tif,126,17977,819.9827561,299.6874162,80.2320275,3.735259167,0.963497024,21.12765458,3820.06169,3528.586472,12190,0.678088669,184.7337189,187.1766968,169.8487244
37738,B-220-3-01_masks.tif,127,8064,583.1543289,212.3712065,49.2332548,4.313572348,0.972757172,42.93579821,3705.501116,3460.449157,61,0.007564484,216.065567,202.1967163,220.3606567
37739,B-220-3-01_masks.tif,128,12734,647.6984848,247.5951687,68.34922013,3.622501738,0.961142611,12.32694405,1467.391079,3541.260248,7656,0.601225067,188.151123,189.7763824,169.791275
37740,B-220-3-01_masks.tif,129,12762,552.627417,216.0425787,76.57104915,2.821465568,0.935084167,-10.53615494,4824.976336,3549.162592,12294,0.963328632,190.2900543,195.636322,175.6699982
37741,B-220-3-01_masks.tif,130,9544,586.4264069,211.5656854,59.89014564,3.532562547,0.959096117,24.08956184,3080.207251,3559.925608,3875,0.40601425,178.9096832,181.9388428,187.7940674
37742,B-220-3-01_masks.tif,131,27905,1179.982756,442.882411,84.51408451,5.240338502,0.981623612,79.80710129,395.2341516,3518.297366,15545,0.557068626,185.7328339,187.6220703,173.8276672
37743,B-220-3-01_masks.tif,132,15168,745.1126984,294.6302377,66.64331607,4.421002061,0.97408249,-88.45811058,2405.11043,3497.600607,7522,0.495912447,184.502655,184.5538483,166.6145935
37744,B-220-3-01_masks.tif,133,9155,561.7401154,191.1384427,61.89280519,3.088217478,0.946121653,42.80398982,3742.55893,3566.070016,4364,0.47667941,188.6881256,189.3652649,186.1354218
37745,B-220-3-01_masks.tif,134,21112,1031.84062,427.3132229,64.54944917,6.619936009,0.98852477,79.9642804,4177.979111,3603.847575,12600,0.596816976,182.878418,184.8922272,172.8929291
37746,B-220-3-02_masks.tif,1,13338,818.2253967,292.3410251,61.51430788,4.752406963,0.977611147,22.26374801,2020.405158,137.691483,0,0,,,
37747,B-220-3-02_masks.tif,2,26711,1388.977705,473.2156109,76.10676332,6.217786571,0.986982296,41.24258661,4119.149452,199.8880237,19355,0.724607839,188.5931244,190.4069824,171.3921509
37748,B-220-3-02_masks.tif,3,15588,1009.195959,363.7324837,63.4672912,5.731022656,0.984659136,24.04691677,1039.989222,201.4417501,10908,0.699769053,186.2512817,187.0667419,173.5100861
37749,B-220-3-02_masks.tif,4,10135,704.2842712,283.705976,48.04526764,5.904972331,0.985556179,-81.59599473,5190.231376,88.55619142,5894,0.581549087,180.8435669,187.6174011,156.745163
37750,B-220-3-02_masks.tif,5,17257,839.0121933,303.3434339,74.80520261,4.055111454,0.969116754,-85.79275779,4915.236368,107.5746074,8333,0.482876514,189.7831573,191.6727448,161.8543091
37751,B-220-3-02_masks.tif,6,18834,941.1543289,372.1497582,68.04241178,5.469379295,0.983143407,-75.88215326,1765.434321,188.5792184,10126,0.537644685,196.6316376,199.1208801,182.1575165
37752,B-220-3-02_masks.tif,7,19821,972.1837662,403.2993101,64.64341275,6.238830732,0.987070542,7.334741346,3465.246254,385.9822915,13100,0.660915191,192.1071014,191.5213776,175.1563416
37753,B-220-3-02_masks.tif,8,18766,832.5269119,336.8971708,72.39313282,4.653717248,0.976640022,-3.625899096,1749.924171,394.6196312,15297,0.81514441,197.054718,195.4823761,179.3798828
37754,B-220-3-02_masks.tif,9,22093,1076.083261,430.9794667,67.10460203,6.422502388,0.987803987,-80.01362074,3744.374779,292.4471099,13066,0.591409044,194.148941,196.2084045,179.9706879
37755,B-220-3-02_masks.tif,10,17823,858.0832611,322.279392,72.86770896,4.422801219,0.974103852,-13.31992631,1669.905908,529.6314313,13064,0.732985468,198.5202789,198.4616547,185.1835632
37756,B-220-3-02_masks.tif,11,14218,845.1959595,310.0581746,59.64029029,5.198803914,0.981326007,-59.2118587,3870.14144,447.6498101,7847,0.551906035,198.7469025,199.0816803,168.8911743
37757,B-220-3-02_masks.tif,12,23613,1031.823376,364.9212451,84.2730094,4.330226815,0.972969231,56.32538365,3341.541481,503.5671452,16702,0.707322238,185.2897797,184.6725006,171.4469452
37758,B-220-3-02_masks.tif,13,11672,843.4386002,287.7274601,53.59250015,5.368800845,0.982500237,-54.85864898,3663.922378,497.3516964,0,0,,,
37759,B-220-3-02_masks.tif,14,21220,952.2670273,341.5892967,79.97895479,4.270989757,0.972203429,-28.86183244,2097.745712,638.6078699,18088,0.852403393,201.0139923,202.0048676,187.1074677
37760,B-220-3-02_masks.tif,15,17371,1041.23759,368.3297697,63.58323401,5.792875676,0.984987473,35.21728768,3657.177537,794.1745438,0,0,,,
37761,B-220-3-02_masks.tif,16,22836,1038.568542,417.8482359,70.8656688,5.896342235,0.985513556,-75.15119094,1722.404756,722.011079,16905,0.740278508,198.1296692,200.1477051,185.2699127
37762,B-220-3-02_masks.tif,17,7247,557.5979797,206.876869,46.60141713,4.439282789,0.974298315,65.98538589,5339.006071,769.1715192,5410,0.7465158,178.5118256,190.0171967,178.2517548
37763,B-220-3-02_masks.tif,18,13736,882.7523087,294.8629607,61.26755468,4.812709797,0.978174914,38.94677228,3632.30249,861.3356144,0,0,,,
37764,B-220-3-02_masks.tif,19,24396,1149.865007,406.100561,79.81608364,5.087953987,0.980495275,44.27535969,419.7598377,876.9476554,19306,0.791359239,185.1651764,186.1934662,169.9614105
37765,B-220-3-02_masks.tif,20,19413,1109.923882,404.2896342,63.63709824,6.353049485,0.987534178,26.56917126,5278.728172,927.817957,14828,0.76381806,180.1824188,184.7676086,171.6205902
37766,B-220-3-02_masks.tif,21,12609,711.3969696,258.9526816,63.36673001,4.086571637,0.969597857,-26.01023268,3836.541359,872.5548418,0,0,,,
37767,B-220-3-02_masks.tif,22,24355,1204.936075,434.3807336,72.26879074,6.010626844,0.98606306,46.29620596,1166.019052,998.3539725,17878,0.734058715,188.1546631,189.223175,173.6538239
37768,B-220-3-02_masks.tif,23,12265,734.2842712,292.6675218,54.84170769,5.336586589,0.982286415,-2.978883155,3457.488382,1033.941052,0,0,,,
37769,B-220-3-02_masks.tif,24,18444,752.1837662,289.0861168,82.41289671,3.507777646,0.958503493,-83.55820173,1818.400076,940.7090111,11765,0.637876816,192.4381714,194.017334,173.4838867
37770,B-220-3-02_masks.tif,25,3590,405.9411255,138.8468099,37.41344236,3.711147683,0.963012024,35.75908562,5397.904178,1018.071588,2235,0.622562674,163.8170013,173.8040314,163.1176758
37771,B-220-3-02_masks.tif,26,24023,994.8111832,375.8066824,85.16119479,4.412886448,0.9739858,-16.73863521,2373.404862,1287.602048,13224,0.550472464,196.0989075,195.4469147,180.2619476
37772,B-220-3-02_masks.tif,27,22058,1094.308658,406.6870836,74.23391973,5.478453585,0.983199679,-47.21789792,2882.9412,1228.980959,14324,0.64937891,205.4828949,206.0577393,190.1165161
37773,B-220-3-02_masks.tif,28,17142,869.254834,342.1543148,69.1808983,4.945791732,0.979345882,-85.69472889,2216.095788,1202.075779,11713,0.683292498,193.3170013,195.5482788,179.967041
37774,B-220-3-02_masks.tif,29,23831,1266.852814,483.5269325,77.45586067,6.24261261,0.987086306,72.04940808,3345.998363,1228.921741,16327,0.685116025,194.7062531,195.3319702,179.3345947
37775,B-220-3-02_masks.tif,30,16388,761.254834,288.0573164,74.06656871,3.889167831,0.966378309,-8.686395336,5224.658165,1323.008604,11739,0.716316817,186.9694214,187.6689606,168.6775665
37776,B-220-3-02_masks.tif,31,20433,805.5979797,306.1173482,86.82788089,3.525565119,0.958930106,-5.665806097,2042.065433,1352.379337,15748,0.770714041,201.0960693,200.6120758,179.2646027
37777,B-220-3-02_masks.tif,32,19310,881.5979797,358.2645316,70.85484582,5.056316579,0.980247962,82.87518457,3071.76639,1283.96318,12061,0.624598654,195.6579895,189.4160461,169.2264252
37778,B-220-3-02_masks.tif,33,25858,1024.811183,380.8109648,89.10034463,4.273956137,0.972242551,13.50770486,2459.989752,1484.849679,19194,0.742284786,192.2653961,192.7036591,175.8699036
37779,B-220-3-02_masks.tif,34,20898,977.2375901,341.2943182,79.74194637,4.279984797,0.972321805,-40.047061,762.3552972,1436.829744,15274,0.730883338,197.9280548,198.9006195,181.9782562
37780,B-220-3-02_masks.tif,35,26818,1143.84062,462.8705612,79.15703625,5.847497368,0.985268715,-89.84398833,3000.959318,1346.656499,13797,0.514467895,196.0753784,196.7228394,180.0935059
37781,B-220-3-02_masks.tif,36,21043,1025.923882,352.436664,78.6583853,4.480598765,0.97477623,-28.26337576,5085.290881,1487.559901,11246,0.534429501,190.7635651,192.071228,167.2844543
37782,B-220-3-02_masks.tif,37,18788,927.3380951,330.8993983,74.20577309,4.459213678,0.974530549,-48.05661587,515.3417607,1454.459602,14501,0.77182244,197.2141876,198.6977386,182.3483276
37783,B-220-3-02_masks.tif,38,18040,919.4386002,344.9599408,69.35538032,4.973802166,0.979580276,-30.38250463,2650.579712,1485.77816,12637,0.700498891,199.3628998,199.7606201,181.2762451
37784,B-220-3-02_masks.tif,39,17963,901.4974747,341.3356902,69.86769957,4.88545769,0.978827036,-73.74969271,1324.91566,1451.741023,11796,0.656683182,195.0707855,197.0684204,180.9313354
37785,B-220-3-02_masks.tif,40,12259,710.2253967,251.233533,63.96575401,3.9276256,0.967044674,-60.34229949,2125.181173,1478.647769,10625,0.866710172,204.2543945,205.004425,186.1989594
37786,B-220-3-02_masks.tif,41,19744,888.7695526,366.754608,70.11642681,5.230651713,0.981554846,-86.49141761,2901.777046,1482.140701,12662,0.641308752,191.8626556,192.6352844,179.686142
37787,B-220-3-02_masks.tif,42,11649,669.4558441,283.338618,55.38699226,5.115616617,0.980707717,1.588241906,2214.40115,1618.534295,25,0.002146107,227.3600006,233.0800018,226.8399963
37788,B-220-3-02_masks.tif,43,16132,731.0538239,259.1846663,80.12006848,3.23495313,0.951021907,57.27195308,3394.28273,1565.177721,7344,0.455244235,191.5048981,190.0328217,162.7193604
37789,B-220-3-02_masks.tif,44,14036,689.3969696,241.8379745,75.65615789,3.196540523,0.949806432,-59.92512028,2790.691793,1578.422271,6665,0.474850385,193.4937744,192.4249115,151.1596375
37790,B-220-3-02_masks.tif,45,21150,1097.580736,400.525164,69.33164722,5.776945739,0.984903929,-27.39417828,5028.284303,1705.147329,10599,0.501134752,193.3288116,195.5354309,164.2845612
37791,B-220-3-02_masks.tif,46,22260,1017.39697,392.9145089,77.19723459,5.0897485,0.980509163,15.7792147,3341.207682,1763.291734,12541,0.563387242,189.0545349,188.1773376,175.5540161
37792,B-220-3-02_masks.tif,47,19726,1139.865007,387.2479066,69.1048841,5.603770437,0.983948749,-46.44141158,790.2550441,1734.94601,10635,0.539136165,199.9391632,201.8444824,182.3925781
37793,B-220-3-02_masks.tif,48,20509,945.254834,357.9684435,76.61892077,4.672063244,0.976825291,-5.926905947,3162.002974,1815.119606,6378,0.310985421,199.7292328,195.6138306,157.6627502
37794,B-220-3-02_masks.tif,49,11830,574.0416306,227.994415,66.87999138,3.40900784,0.956008035,-86.4485475,2351.331192,1670.267794,7841,0.662806424,198.3166656,196.9825287,175.3456116
37795,B-220-3-02_masks.tif,50,9685,645.0538239,226.756692,58.05731126,3.905738778,0.966667907,-47.96832287,2904.16159,1729.25906,6236,0.643882292,204.7758179,202.2546539,169.8272858
37796,B-220-3-02_masks.tif,51,21445,1010.710678,393.4040819,70.85149077,5.552516646,0.983648578,-19.86131453,5094.085661,1863.868641,8860,0.413149918,195.114563,197.8015747,168.4554138
37797,B-220-3-02_masks.tif,52,22939,1207.279221,425.4048277,74.19976269,5.733237039,0.984671076,-50.57340466,581.4024151,1841.058285,17723,0.772614325,202.6313324,204.3942261,191.3061066
37798,B-220-3-02_masks.tif,53,25938,1164.953319,436.8716591,77.89301726,5.608611329,0.983976671,-18.51298629,3213.449996,1922.64446,11387,0.439008405,200.3634796,198.2910309,170.9128876
37799,B-220-3-02_masks.tif,54,15853,735.3969696,269.2614071,75.67619933,3.558072544,0.959692821,-22.45265896,2740.236927,1826.909165,6172,0.389326941,198.1007843,198.1165009,170.395813
37800,B-220-3-02_masks.tif,55,21106,1087.965512,386.7444272,72.24688461,5.353094867,0.982396477,-51.97516561,1388.185113,1886.772861,15713,0.744480243,201.0705719,202.3267365,186.0259705
37801,B-220-3-02_masks.tif,56,12376,618.8700577,247.5757866,65.80060551,3.762515324,0.964033806,-89.74387572,2001.489738,1828.031593,5944,0.480284421,190.3891296,189.9496918,163.2671661
37802,B-220-3-02_masks.tif,57,15707,713.7401154,262.151645,77.34216284,3.389504966,0.955488505,-68.25576699,2952.114599,1868.795123,5143,0.327433628,192.7380981,190.3394928,159.5310059
37803,B-220-3-02_masks.tif,58,8895,539.6984848,215.1630846,54.06407192,3.979779491,0.967916983,12.49429147,2575.313659,1960.123328,5193,0.58381113,189.8967896,189.1278687,161.8621216
37804,B-220-3-02_masks.tif,59,18409,872.7695526,341.9261009,72.51899263,4.714986909,0.97725021,0.907060041,3046.881906,2037.186322,12634,0.686294747,202.2084045,200.9153137,186.0700531
37805,B-220-3-02_masks.tif,60,24404,1101.882251,425.0622722,75.82770736,5.605632651,0.983959499,15.62803945,3394.746066,2092.188084,14721,0.603220783,185.1900635,184.6435699,172.1760712
37806,B-220-3-02_masks.tif,61,17306,768.9533188,265.2707435,83.96336466,3.15936295,0.948586002,50.30954258,2885.745695,1990.332024,12035,0.695423553,194.4048157,191.1361847,180.6250916
37807,B-220-3-02_masks.tif,62,17645,800.7695526,325.1275778,70.24119135,4.62873097,0.976384085,4.202649033,5124.720147,2094.9104,9280,0.525928025,178.8646545,179.3725281,164.1012878
37808,B-220-3-02_masks.tif,63,24181,1017.112698,432.9946207,72.43331585,5.9778379,0.985908655,-1.094222173,1842.403829,2163.847029,17104,0.707332203,197.6362305,198.7909241,184.6952209
37809,B-220-3-02_masks.tif,64,20796,1083.480231,398.4124178,70.03991338,5.688362515,0.984426347,-34.11908164,2676.664839,2110.108771,6805,0.32722639,205.6242523,203.2911072,171.8370361
37810,B-220-3-02_masks.tif,65,5984,441.4558441,169.8466893,45.85823811,3.703733426,0.96286093,5.756217142,2194.419118,2067.590742,0,0,,,
37811,B-220-3-02_masks.tif,66,20176,979.0121933,398.2157116,65.578886,6.072315892,0.986346744,-81.19120279,703.4490979,2033.122918,17087,0.846897304,199.9905243,202.4233704,188.8885651
37812,B-220-3-02_masks.tif,67,26730,1240.994949,441.6398421,80.06174879,5.516240262,0.98343099,23.38555028,2923.577591,2208.146091,18238,0.682304527,184.2602844,183.1988678,172.3993378
37813,B-220-3-02_masks.tif,68,25670,1184.693434,426.0366184,78.86384411,5.402179202,0.982717716,43.3086378,5025.784651,2171.556837,18434,0.718114531,182.9364777,183.5329285,170.8706207
37814,B-220-3-02_masks.tif,69,20051,947.8406204,366.7476634,74.90711762,4.896032247,0.978919381,5.590924925,3028.028428,2274.854521,16452,0.820507705,204.4301605,202.6174927,194.9711914
37815,B-220-3-02_masks.tif,70,13334,631.8406204,233.1238345,73.70092429,3.163105982,0.948710898,-17.40551635,2722.343183,2191.992425,8243,0.61819409,197.4499512,195.3167572,176.561203
37816,B-220-3-02_masks.tif,71,15041,712.5269119,286.1024115,68.94663046,4.149621375,0.970528631,4.980000685,2808.470381,2238.965428,10377,0.689914234,195.1148682,192.5533447,177.8047638
37817,B-220-3-02_masks.tif,72,27118,1329.663997,482.9424806,72.55585436,6.656147665,0.988650003,52.09749017,4111.586142,2266.752969,17705,0.652887381,186.3753815,185.906189,172.3219452
37818,B-220-3-02_masks.tif,73,10455,553.8406204,203.5189458,66.71933798,3.050374178,0.944737205,-29.4573193,5375.659684,2205.620373,6292,0.601817312,181.7062988,183.4146576,155.3477478
37819,B-220-3-02_masks.tif,74,9316,576.4264069,215.8675361,56.01400608,3.853813559,0.965747613,20.87126974,4330.743774,2241.456526,187,0.020072993,233.7754059,216.7754059,238.4812775
37820,B-220-3-02_masks.tif,75,23343,1048.183766,435.7707353,74.50641421,5.848768055,0.985275163,-3.084657893,5241.55764,2378.926145,14744,0.631624041,183.6582336,184.9415283,173.5228577
37821,B-220-3-02_masks.tif,76,17384,850.4680374,318.0249159,72.72669572,4.372877287,0.973501088,25.25575883,3294.667855,2332.823976,11858,0.682121491,193.5269928,192.6564331,181.0593719
37822,B-220-3-02_masks.tif,77,20954,1026.811183,383.6999713,74.26147886,5.166877596,0.981092289,12.48852889,4352.370765,2448.019567,13460,0.642359454,192.5760803,193.3514099,173.2038574
37823,B-220-3-02_masks.tif,78,23993,1249.521861,452.0599891,74.56715576,6.062454501,0.986301982,-40.73960889,2797.808903,2466.901138,17213,0.71741758,203.4975891,205.3817444,192.7284546
37824,B-220-3-02_masks.tif,79,21868,1036.811183,412.2593839,69.87400787,5.900039177,0.985531838,-73.88254601,3679.861761,2373.773916,15281,0.698783611,194.2241974,196.7583923,180.1135406
37825,B-220-3-02_masks.tif,80,17144,880.6690476,350.2959799,63.14140763,5.547801245,0.983620539,77.92481296,2423.799638,2355.361059,8468,0.493933738,197.5484161,197.3383331,184.0747528
37826,B-220-3-02_masks.tif,81,28778,1257.865007,442.8451156,85.09664856,5.204025342,0.981363817,32.88362708,4002.59191,2507.286504,23012,0.799638613,190.2042389,189.5536194,174.7519531
37827,B-220-3-02_masks.tif,82,18835,943.1959595,336.3014412,72.53019597,4.636709397,0.976466266,-26.47616635,4737.305601,2508.038439,9613,0.510379612,185.2106476,185.8151398,165.6004333
37828,B-220-3-02_masks.tif,83,31894,1332.911688,558.0298146,75.9532813,7.347013915,0.990693769,-4.867980723,5331.519439,2640.834232,16167,0.506897849,188.6206512,192.9183502,174.3424835
37829,B-220-3-02_masks.tif,84,22257,1026.267027,390.1358727,73.37812935,5.316786843,0.982153037,-26.3795788,1866.892169,2557.186278,16274,0.731185694,203.3377838,205.6528778,191.4216003
37830,B-220-3-02_masks.tif,85,16155,710.7695526,283.4719172,73.45183021,3.859290046,0.965846473,-10.79486504,4436.844259,2524.301888,13628,0.84357784,193.0641327,191.9821014,181.0832062
37831,B-220-3-02_masks.tif,86,13394,697.0538239,247.0553705,70.46285496,3.506178832,0.95846482,56.11811122,3877.974093,2503.451396,7736,0.577572047,181.194931,178.9763489,163.1075439
37832,B-220-3-02_masks.tif,87,21701,1027.355339,438.0427477,68.41877184,6.402376657,0.987726713,-89.66490847,3246.402055,2495.30994,11502,0.530021658,196.5638123,196.4810486,179.2364807
37833,B-220-3-02_masks.tif,88,14230,799.7401154,303.9528461,60.98850564,4.983772646,0.979662744,-75.68187589,2909.638651,2530.980112,8528,0.599297259,199.7310028,199.6803436,184.9333954
37834,B-220-3-02_masks.tif,89,17409,944.4091629,343.7243131,67.23148953,5.112549425,0.980684334,38.43910667,4229.822793,2679.154231,9861,0.566431156,186.2975311,186.1455231,166.8230438
37835,B-220-3-02_masks.tif,90,20826,1036.225397,393.7823528,73.42726557,5.362890061,0.982461296,-78.58398377,2825.517334,2609.679295,8511,0.408671852,199.1554413,199.1964569,184.4316711
37836,B-220-3-02_masks.tif,91,22571,1219.338095,458.0910261,67.07800872,6.829228161,0.989221119,-68.52212236,3038.559612,2658.828851,16774,0.743166009,202.2679749,204.7234955,189.9439087
37837,B-220-3-02_masks.tif,92,14609,726.0832611,272.9428897,68.91331685,3.960669754,0.967601448,-71.26520645,2828.374769,2679.740297,533,0.036484359,228.7767334,224.4108887,233.0075073
37838,B-220-3-02_masks.tif,93,14571,678.1837662,262.8647645,71.40975133,3.681076599,0.962393387,-78.79276136,3838.299293,2676.084277,7470,0.512662137,196.8042908,196.552475,176.2684021
37839,B-220-3-02_masks.tif,94,26381,1239.823376,457.5639747,75.44869692,6.064570938,0.986311607,-23.68390847,4770.747318,2847.952921,16779,0.636025928,188.3286896,192.0678864,174.4754181
37840,B-220-3-02_masks.tif,95,10863,482.1837662,144.6467394,96.48960525,1.499091421,0.744994395,-44.96445943,4422.896714,2746.961797,7404,0.681579674,186.9557037,186.4773102,163.5364685
37841,B-220-3-02_masks.tif,96,9957,551.6984848,216.1691073,60.15261509,3.59367763,0.960503915,-84.80854125,3993.478357,2723.576981,5779,0.580395702,191.6758881,191.3917694,169.676239
37842,B-220-3-02_masks.tif,97,23703,980.4264069,386.9001886,80.33051234,4.816354051,0.978208297,4.731960693,4641.149981,2891.999662,19505,0.822891617,186.7657013,187.9345245,168.3562164
37843,B-220-3-02_masks.tif,98,20035,848.4264069,340.9076166,76.14385087,4.477152294,0.974736877,8.950120775,5171.837934,2862.593312,12946,0.646169204,186.3140717,188.1761169,171.0272675
37844,B-220-3-02_masks.tif,99,11751,500.627417,189.1662988,80.068,2.36257055,0.906004627,1.719511512,4179.612118,2793.704621,8790,0.748021445,192.2854309,193.1226349,161.6122894
37845,B-220-3-02_masks.tif,100,20289,884.7695526,358.4348894,74.40181131,4.817555959,0.97821929,1.641329281,4564.639854,2907.228005,14592,0.719207452,192.8000946,192.9915771,178.2064819
37846,B-220-3-02_masks.tif,101,19176,843.1543289,312.8337669,79.67743295,3.926253084,0.967021236,-76.84784724,3971.736859,2790.803087,9076,0.473299958,199.1360779,198.1814728,170.0247955
37847,B-220-3-02_masks.tif,102,22893,1148.852814,446.6789532,71.41925413,6.254321172,0.987134926,-68.65749777,1699.484559,2839.364041,18635,0.814004281,200.7193451,204.7865295,190.9069519
37848,B-220-3-02_masks.tif,103,11875,637.4558441,259.5251236,60.99075232,4.25515531,0.971993183,-0.454042825,4443.706947,2915.574989,7017,0.590905263,193.7260895,191.6457214,179.9633789
37849,B-220-3-02_masks.tif,104,27601,1138.568542,447.0078942,81.14018341,5.509081634,0.983387538,-7.477049989,1279.398283,3027.774428,19008,0.6886707,199.0869598,200.5256195,189.6055298
37850,B-220-3-02_masks.tif,105,16755,692.2842712,279.0508351,77.69307882,3.591707773,0.960459688,2.192589459,1357.074784,2941.597195,13285,0.792897642,198.3775635,198.4794159,184.0981598
37851,B-220-3-02_masks.tif,106,17179,852.4264069,327.6125345,70.17221935,4.66869279,0.976791421,8.999314347,4506.211304,2979.919669,12358,0.719366669,193.1939697,192.5216064,171.8321686
37852,B-220-3-02_masks.tif,107,11994,502.7695526,160.2053391,96.02426789,1.668383864,0.800462794,-14.92684251,3814.603302,2902.250709,3985,0.332249458,186.640152,183.9006348,165.3533325
37853,B-220-3-02_masks.tif,108,18595,905.0954544,323.9395637,76.00702103,4.261968952,0.972083945,50.34178479,4088.717827,2933.879,11424,0.614358699,195.3023529,195.1193085,179.9305878
37854,B-220-3-02_masks.tif,109,8856,511.4974747,180.0400527,63.52646232,2.83409537,0.935681305,-41.59461664,3557.730465,2905.813234,0,0,,,
37855,B-220-3-02_masks.tif,110,20392,984.6518036,350.4801518,75.5276074,4.640424394,0.976504385,50.28589193,4017.557572,2962.46533,12855,0.630394272,188.2774048,186.4318237,177.5184784
37856,B-220-3-02_masks.tif,111,18367,906.7695526,369.6795781,66.42144895,5.565665669,0.983726386,-80.42096601,3148.304405,2893.866445,10444,0.568628519,196.3986969,197.1802979,178.6311798
37857,B-220-3-02_masks.tif,112,16786,808.4264069,319.5346501,67.57129355,4.728852051,0.977384962,8.490837967,3979.957941,3120.605147,12973,0.77284642,187.9384918,189.1187897,173.8440552
37858,B-220-3-02_masks.tif,113,24042,977.7401154,390.0638446,80.02054577,4.874546166,0.978731109,-12.60748707,5242.110681,3160.1999,7657,0.318484319,183.1005554,184.6947937,149.8209534
37859,B-220-3-02_masks.tif,114,7483,486.627417,185.3595636,53.32119968,3.476282693,0.957731514,-87.12130095,2982.679273,3017.099292,0,0,,,
37860,B-220-3-02_masks.tif,115,18113,734.5269119,296.8211325,78.90870103,3.761576716,0.964015519,5.297511957,3709.225308,3145.175454,13564,0.748854414,187.1726685,186.9506836,178.7914276
37861,B-220-3-02_masks.tif,116,18664,965.4974747,391.4888177,64.19750738,6.09819343,0.986463166,10.76621101,3784.900772,3213.484891,14914,0.79907844,192.2538605,193.4030457,181.9924164
37862,B-220-3-02_masks.tif,117,14063,910.6101731,329.7077085,55.51027452,5.939579858,0.985725221,27.39960088,5110.120956,3194.80502,9886,0.70297945,184.6287689,187.0256958,173.1699371
37863,B-220-3-02_masks.tif,118,12739,589.0121933,211.1203571,77.87965754,2.710853692,0.929474057,-20.70453351,4159.840647,3170.827459,6700,0.525943952,201.1370087,199.9056702,165.3083649
37864,B-220-3-02_masks.tif,119,30628,1410.977705,490.8151085,81.65921806,6.010529125,0.986062604,47.49289679,3567.76146,3268.237332,22697,0.741053938,187.0083313,187.5335083,174.0463562
37865,B-220-3-02_masks.tif,120,12621,678.8111832,241.7303946,67.39896081,3.586559669,0.96034375,-29.23116937,4066.213929,3218.689882,9305,0.737263291,193.5231628,194.7993622,177.7464752
37866,B-220-3-02_masks.tif,121,12811,619.4974747,221.1840972,75.00318982,2.948995872,0.940750884,25.75894533,4332.702912,3219.869565,0,0,,,
37867,B-220-3-02_masks.tif,122,21609,872.1837662,348.762522,79.64206563,4.379124514,0.973577665,3.127063461,3183.797446,3357.111157,18719,0.866259429,198.1253815,199.2132568,189.1559906
37868,B-220-3-02_masks.tif,123,8073,478.0832611,161.939509,64.43481169,2.513230112,0.917431254,-44.43108337,4233.525207,3269.744085,4644,0.575250836,189.7551727,192.0381165,159.2967224
37869,B-220-3-02_masks.tif,124,28795,1277.178716,465.6126616,79.62184299,5.847800605,0.985270254,37.80345056,3085.930891,3465.279389,21409,0.743497135,187.9219513,188.504837,177.0490875
37870,B-220-3-02_masks.tif,125,24054,1087.497475,441.4930886,70.46620194,6.265316938,0.987180336,81.12216481,1228.132909,3339.766608,18659,0.775712979,194.7872925,196.1379547,187.3856049
37871,B-220-3-02_masks.tif,126,19372,1021.580736,368.1842557,70.19975633,5.244808173,0.981655212,58.15413222,1979.8519,3393.399288,10486,0.541296717,188.8182373,189.6284637,179.9487
37872,B-220-3-02_masks.tif,127,21924,902.0832611,351.0968436,83.98629752,4.180406257,0.970967559,13.07779646,3500.146552,3498.422779,15363,0.700738916,181.053772,181.9647827,167.3154297
37873,B-220-3-02_masks.tif,128,26923,1256.007143,454.96877,76.66875576,5.93421356,0.985699205,-46.0054199,1443.842922,3484.090592,16817,0.624633213,200.4037628,204.2480774,189.6896057
37874,B-220-3-02_masks.tif,129,12691,505.9411255,155.4148645,104.7968531,1.483010796,0.738453937,-12.40549367,4004.856985,3443.519581,4237,0.33385864,207.7915955,203.8135529,162.0736389
37875,B-220-3-02_masks.tif,130,10120,523.0121933,175.8960263,74.12063255,2.373104765,0.906880035,71.0576497,4695.057806,3415.055731,8177,0.808003953,184.9914398,185.526474,165.2074127
37876,B-220-3-02_masks.tif,131,19018,839.0121933,335.0896388,73.68230423,4.547762754,0.975525047,-80.07286308,1278.6171,3431.66069,13756,0.723314754,196.9704132,200.2881622,188.9726715
37877,B-220-3-02_masks.tif,132,22982,1181.23759,450.7191651,67.63457976,6.664034384,0.988677006,63.33878077,4738.186581,3502.23736,12506,0.544164999,182.6029053,183.2422791,169.5842743
37878,B-220-3-02_masks.tif,133,18915,844.3675324,296.6373193,82.84295074,3.580718898,0.960211589,58.24560304,4228.792281,3483.440338,12816,0.677557494,181.9198608,180.345108,168.8408203
37879,B-220-3-02_masks.tif,134,13427,681.4558441,256.3290209,80.16073927,3.197687837,0.949843394,0.62853679,2287.544276,3555.602741,8850,0.659119684,189.8825989,188.927002,180.0070038
37880,B-220-3-02_masks.tif,135,16178,746.5685425,264.0593614,81.53667257,3.23853492,0.951132968,-24.25151396,2213.588206,3544.076647,10863,0.671467425,199.4395599,201.6958466,179.5550995
37881,B-220-3-02_masks.tif,136,16052,685.0121933,248.3960312,87.73604159,2.831174358,0.935543943,21.09434001,2984.822577,3552.88475,10767,0.670757538,178.3345337,177.4454346,157.4152527
37882,B-220-3-02_masks.tif,137,10229,590.8700577,234.7222045,62.13465265,3.777637671,0.9643265,-10.76187396,1584.986704,3557.945156,8871,0.867240199,198.9039612,198.5400696,179.57164
37883,B-220-3-02_masks.tif,138,10417,651.254834,245.9677366,59.85344678,4.109499951,0.969941401,-24.01821095,2579.784007,3560.267543,8325,0.799174426,197.1919556,200.703064,190.4928589
37884,B-220-3-02_masks.tif,139,14383,638.3259018,225.5867196,82.78940811,2.724825854,0.930222547,-28.15699597,3765.917333,3551.183133,10842,0.753806577,196.1154785,198.9723358,166.2897034
37885,B-220-3-02_masks.tif,140,9898,518.2842712,196.1459947,66.26304221,2.960111521,0.941208901,86.66554795,5301.383916,3492.143261,0,0,,,
37886,B-220-3-02_masks.tif,141,10596,585.254834,194.5372952,77.36985365,2.514381067,0.917510226,-36.03307449,1513.744715,3584.987165,6870,0.648357871,196.7147064,200.9042206,207.1413422
37887,B-220-3-02_masks.tif,142,12204,696.4680374,238.7715241,68.11205106,3.505569431,0.958450065,48.92854829,4426.451245,3579.049902,8303,0.680350705,187.4276733,184.0868378,162.9005127
37888,B-220-3-02_masks.tif,143,9486,571.1543289,197.467982,62.57292908,3.155805312,0.948466864,47.61196081,4242.225385,3584.190808,6149,0.648218427,189.1114044,184.9996796,175.8363953
37889,B-220-3-02_masks.tif,144,7651,479.5979797,157.7676013,64.9572972,2.428789498,0.911306903,36.28597765,3246.881453,3591.896746,6993,0.91399817,196.3832397,195.670105,194.3497772
37890,B-220-3-02_masks.tif,145,19819,973.7401154,377.2713927,70.82966948,5.326459879,0.982218386,-75.17957515,5231.494879,3599.173117,13804,0.696503355,179.7221069,181.2381897,163.0948334
37891,B-220-3-02_masks.tif,146,8752,541.254834,184.1038632,63.65660061,2.892140978,0.938321285,60.88369401,4344.762454,3603.192984,5406,0.617687386,181.6601868,174.7660065,164.3725433
37892,B-220-3-02_masks.tif,147,4858,438.8700577,175.8526212,41.1213194,4.276434313,0.972275171,-88.04516303,5366.474063,3625.961301,0,0,,,
37893,B-220-3-03_masks.tif,1,27515,1227.195959,466.3638887,77.15829013,6.044248622,0.986218761,74.02850923,1374.583936,76.64473923,18885,0.686352898,183.3062286,186.0352631,168.6941986
37894,B-220-3-03_masks.tif,2,31632,1443.563492,500.7158227,83.78675649,5.97607359,0.985900273,46.69731739,2838.820941,183.5915845,22051,0.697110521,179.7007904,179.7982788,164.3412933
37895,B-220-3-03_masks.tif,3,24649,1121.63961,442.5403751,73.42123648,6.027416538,0.986141141,74.75278436,478.3275995,114.2482859,17181,0.697026249,189.1558075,192.176712,175.7103729
37896,B-220-3-03_masks.tif,4,20898,949.3969696,359.5129851,95.83550904,3.751354678,0.963815459,5.880208599,3713.786535,204.0350273,14659,0.701454685,192.961731,192.720993,171.1140594
37897,B-220-3-03_masks.tif,5,17885,987.4802307,357.7229769,64.39868555,5.554817987,0.983662236,-47.54649987,1031.990607,177.7882024,14496,0.810511602,194.7730408,198.7041931,180.1911621
37898,B-220-3-03_masks.tif,6,16928,818.4680374,305.2976689,71.91033777,4.2455324,0.971864239,24.54798468,1231.459534,208.4497873,11613,0.686023157,186.3916321,185.6119843,174.2674561
37899,B-220-3-03_masks.tif,7,17601,836.0832611,326.4075374,73.07796717,4.466565643,0.974615417,-12.11527207,3862.450827,248.8516562,4675,0.265609909,186.7214966,186.522995,150.1886597
37900,B-220-3-03_masks.tif,8,22219,965.5807358,334.624378,85.8583082,3.897402419,0.966522691,51.78896123,1354.845718,215.2024844,18396,0.827940051,190.6923828,190.8987274,174.4576569
37901,B-220-3-03_masks.tif,9,12315,684.1248917,236.8941886,67.14928328,3.527873672,0.958984988,-48.54267499,3281.417134,214.2549736,7620,0.618757613,195.9648285,199.1711273,177.8542023
37902,B-220-3-03_masks.tif,10,21386,1146.551299,410.2823059,78.962511,5.195912601,0.981305021,43.74218825,2885.438277,387.4850837,15298,0.715327785,188.6941376,189.194931,174.915802
37903,B-220-3-03_masks.tif,11,22978,894.4264069,347.5347436,87.50814452,3.971455977,0.967780119,-5.543951728,2674.456393,424.5564453,16673,0.725607102,194.1749573,193.1976776,174.459671
37904,B-220-3-03_masks.tif,12,22536,1203.521861,416.3866798,74.06228766,5.622114748,0.984054172,47.08652601,944.7220447,412.5986422,12636,0.560702875,192.095047,191.8888855,178.5616455
37905,B-220-3-03_masks.tif,13,14289,726.0832611,280.8580972,66.38627604,4.230665041,0.971663254,-15.6150635,2284.848275,398.1909161,10522,0.736370635,190.7748566,192.0477142,177.0305023
37906,B-220-3-03_masks.tif,14,23077,1041.480231,352.5688507,84.93174865,4.151202068,0.970551412,49.22135878,2988.905144,395.3273389,19011,0.823807254,198.7930603,197.5598907,190.1023102
37907,B-220-3-03_masks.tif,15,22111,1221.823376,438.3573193,67.48716821,6.495417291,0.988077908,65.50047029,4997.407309,352.1973226,15550,0.703269866,186.4973602,188.0151062,172.1400604
37908,B-220-3-03_masks.tif,16,15607,829.6812409,293.6184475,68.30168345,4.298846422,0.972567572,44.28718791,2435.892292,397.3952714,10733,0.687704235,187.8180389,188.7993164,175.9687805
37909,B-220-3-03_masks.tif,17,25121,1023.84062,407.4835101,80.50399543,5.061655734,0.980290029,87.1344284,4270.170057,345.182437,21254,0.846065045,197.0057831,196.1331024,183.8835449
37910,B-220-3-03_masks.tif,18,28305,1314.066017,492.3820832,79.48563609,6.194604553,0.986884033,-24.71924743,4729.348843,528.321392,15213,0.537466879,197.6148071,199.4266052,176.3694153
37911,B-220-3-03_masks.tif,19,22287,1011.84062,410.0026944,72.04715259,5.690755008,0.984439543,82.95040568,3252.250101,366.157446,14932,0.669986988,192.517746,193.6985016,177.3867493
37912,B-220-3-03_masks.tif,20,29924,1624.63456,597.6132523,66.17223515,9.031178272,0.993850802,32.79143697,454.0257987,602.0384641,15207,0.508187408,188.6323395,189.1063385,183.2296295
37913,B-220-3-03_masks.tif,21,29855,1404.735065,485.3173271,83.16274188,5.835754283,0.985208923,42.68524423,992.0012728,558.5701223,21349,0.7150896,187.8604584,188.0931702,177.0044556
37914,B-220-3-03_masks.tif,22,20002,868.9533188,318.5002523,82.79948674,3.846645248,0.965617559,28.58007466,1461.950205,477.2945205,13278,0.663833617,183.7251129,183.8050232,176.5856323
37915,B-220-3-03_masks.tif,23,14659,699.0121933,264.8707823,72.89488472,3.633599029,0.961384355,-81.74839075,3984.283853,402.7037997,4754,0.324305887,184.1636505,182.0044098,157.2658844
37916,B-220-3-03_masks.tif,24,23054,1032.669048,394.7149361,77.16822367,5.114993158,0.980702967,-82.93473041,4211.274443,420.7172725,14195,0.61572829,200.7038422,200.8051453,181.2368469
37917,B-220-3-03_masks.tif,25,26095,1048.267027,384.2199948,89.28951551,4.303080744,0.972622293,24.82778993,1844.067867,563.1912244,21280,0.815481893,193.8572845,194.3074646,178.0371704
37918,B-220-3-03_masks.tif,26,25086,1148.526912,498.5107069,65.25292499,7.639668367,0.99139614,0.259715722,3174.968429,642.5268676,16438,0.655265885,189.6608429,190.0014038,175.8339844
37919,B-220-3-03_masks.tif,27,23590,1155.965512,415.3583557,76.21087963,5.450118902,0.983023026,51.75575791,4050.86011,558.632217,13990,0.593047902,191.5240173,190.5310211,172.5926361
37920,B-220-3-03_masks.tif,28,20355,929.0954544,328.1946943,80.0849928,4.098079838,0.969771025,36.92532772,3934.624122,584.585016,14921,0.733038565,187.9975128,186.4755707,178.8578491
37921,B-220-3-03_masks.tif,29,18281,972.509668,357.672402,68.18572303,5.245561477,0.98166053,31.04810149,1969.035337,623.7374323,10989,0.601115913,189.1253052,189.8018036,173.4911346
37922,B-220-3-03_masks.tif,30,23261,1240.752309,459.9571963,65.61902316,7.009509958,0.989771274,21.74626865,3004.116504,728.1465113,16150,0.694295172,194.8657532,194.4112701,180.8095398
37923,B-220-3-03_masks.tif,31,27316,1044.752309,372.7535145,94.70617076,3.935894689,0.96718535,58.0137822,1673.767719,621.75842,21315,0.780311905,192.9659882,193.8156281,181.6524506
37924,B-220-3-03_masks.tif,32,27899,1174.409163,411.2915086,90.61095096,4.539092728,0.975430281,63.47938718,1212.684397,630.7428223,19541,0.70041937,186.4693756,186.819809,172.415741
37925,B-220-3-03_masks.tif,33,17569,920.3675324,340.7288151,68.32752982,4.986698861,0.979686853,-64.00167002,716.5866014,605.3453811,12275,0.6986738,193.7583771,197.9577942,181.7065582
37926,B-220-3-03_masks.tif,34,24595,1025.982756,409.3997499,81.10394676,5.047840041,0.980180898,-74.8077257,2429.052897,596.4201667,19836,0.806505387,198.2705688,199.1472015,182.0434113
37927,B-220-3-03_masks.tif,35,24664,1277.137085,441.6741516,75.82121422,5.825205467,0.985154901,28.03860055,983.4957833,757.9364661,16363,0.663436588,188.2207489,187.0974121,173.8878021
37928,B-220-3-03_masks.tif,36,28339,986.9116882,372.3585343,98.2700221,3.789136568,0.964546662,-1.678609605,864.9922721,764.9530682,17518,0.618158721,194.0690765,193.2879944,174.5483551
37929,B-220-3-03_masks.tif,37,27282,1286.793939,466.0704466,77.19410966,6.037642621,0.986188376,28.69551984,505.6536911,797.619566,16242,0.595337585,196.665863,195.2693024,187.3647919
37930,B-220-3-03_masks.tif,38,11460,617.4974747,222.9218037,66.44888472,3.354786233,0.954540396,25.18708731,4072.13918,696.5659686,9672,0.843979058,191.7044067,189.9826355,176.5445557
37931,B-220-3-03_masks.tif,39,20694,892.4680374,338.6926268,80.20844404,4.222655493,0.971554079,-22.80744735,753.4785445,759.6253987,12742,0.615734029,192.5949554,193.3087463,176.7064056
37932,B-220-3-03_masks.tif,40,20052,873.9411255,354.2706161,73.18203544,4.840950569,0.978431613,-89.5772626,2494.969779,673.7225713,15412,0.768601636,194.4932556,196.2705688,181.759079
37933,B-220-3-03_masks.tif,41,22818,1217.279221,434.9390976,73.66317505,5.904430501,0.985553509,-41.03029486,4647.892629,819.3632658,16392,0.718380226,201.4137421,202.0944977,184.8828125
37934,B-220-3-03_masks.tif,42,17321,923.5807358,326.5261223,69.10802321,4.724865611,0.977346342,46.82779678,2775.102534,762.1613648,11394,0.657814214,182.8245544,183.6057587,169.1873779
37935,B-220-3-03_masks.tif,43,21936,1001.296465,382.6996995,74.26208137,5.153366192,0.980992051,-69.83559684,224.3348833,726.2740244,16239,0.740289934,192.0839386,196.9139099,181.325882
37936,B-220-3-03_masks.tif,44,24339,1096.651804,383.5010422,86.48106385,4.434508841,0.974242215,35.13570838,1114.356876,833.2347672,12652,0.519824151,198.3120422,198.3675385,186.9142456
37937,B-220-3-03_masks.tif,45,25008,1037.681241,368.5173827,87.74629502,4.199805617,0.971239111,63.48533626,2415.959253,762.0626599,17258,0.690099168,188.5763092,188.3482513,176.5218506
37938,B-220-3-03_masks.tif,46,22743,1356.208153,354.8336479,105.3865751,3.366972005,0.954876619,49.89316978,1215.723256,822.0800246,7799,0.3429187,178.7330475,176.8617706,175.6607208
37939,B-220-3-03_masks.tif,47,8209,485.6984848,184.0615484,57.87234806,3.180474865,0.949284485,80.0983225,1288.477037,728.052747,115,0.014009014,207.4956512,203.5739136,202.9043427
37940,B-220-3-03_masks.tif,48,10621,490.4264069,154.9243618,88.38802871,1.752775393,0.8212811,-37.1797612,4186.236136,773.6609547,7171,0.675171829,193.7699127,193.1525574,176.8842621
37941,B-220-3-03_masks.tif,49,21143,937.0954544,336.0532061,80.85851772,4.15606439,0.970621319,31.09766201,1443.4217,897.3877406,14724,0.6964007,188.0462494,188.6112518,173.7146149
37942,B-220-3-03_masks.tif,50,11249,596.3259018,212.4450186,68.11288973,3.119013441,0.947209868,-60.75260072,1753.062761,840.4516846,9558,0.849675527,197.6752472,199.6977386,182.5433197
37943,B-220-3-03_masks.tif,51,20552,829.9411255,341.277455,77.59176034,4.398372373,0.973811518,-0.056409082,4015.636386,986.6414947,14774,0.718859478,190.6650238,190.5213928,171.8274689
37944,B-220-3-03_masks.tif,52,12264,612.1837662,233.7535076,67.33305906,3.471600888,0.957614906,-76.63437162,2541.689661,887.6006197,8839,0.720727332,197.6022186,198.5965576,181.1786346
37945,B-220-3-03_masks.tif,53,18901,892.0832611,351.3478631,71.70077359,4.900196267,0.978955578,-76.86020178,1887.042379,907.993704,11894,0.629278874,197.3937225,197.7528992,179.1242676
37946,B-220-3-03_masks.tif,54,27662,1295.622366,465.9221584,77.79673702,5.988967869,0.985961353,28.83958701,4330.606753,1068.642144,20629,0.745752296,189.8352814,190.7432709,178.9095459
37947,B-220-3-03_masks.tif,55,22098,974.3259018,379.5227014,76.77131598,4.943548206,0.979326933,-13.39911518,3107.967644,1082.269527,16829,0.761562132,195.5296173,196.0081482,180.2578888
37948,B-220-3-03_masks.tif,56,20381,933.8406204,385.8801275,68.92727769,5.598365995,0.98391749,7.5907988,2740.564594,1122.705657,12412,0.608998577,181.6178741,179.7716675,164.1152039
37949,B-220-3-03_masks.tif,57,21309,978.7523087,350.0525736,78.58452463,4.454472114,0.974475588,-31.74959552,1256.832277,1088.28495,16504,0.774508424,199.2913208,200.666687,187.3687592
37950,B-220-3-03_masks.tif,58,18881,798.7695526,324.2532897,75.24139637,4.309506539,0.972705021,-82.04936413,4608.824691,983.1771622,15709,0.832000424,193.9714203,195.5736847,178.6451111
37951,B-220-3-03_masks.tif,59,12236,624.8111832,218.1312195,72.11007942,3.024975444,0.943777555,42.94897465,1114.960118,1035.71829,5682,0.46436744,180.6114044,180.4618073,167.6444855
37952,B-220-3-03_masks.tif,60,15684,669.1126984,264.7499299,76.44731342,3.463168527,0.957403653,2.906833706,3026.092451,1080.909653,9274,0.591303239,188.214035,183.9489899,165.4761658
37953,B-220-3-03_masks.tif,61,19644,822.2842712,356.5836791,72.39777436,4.925340347,0.979172174,-87.64495802,1704.79607,1047.043321,15050,0.766137243,197.4301605,200.0983429,187.7437897
37954,B-220-3-03_masks.tif,62,25223,915.0538239,323.4818788,101.5595469,3.18514496,0.949437053,-16.28048314,164.6315268,1194.873211,11841,0.469452484,187.0413818,186.9047394,167.8229828
37955,B-220-3-03_masks.tif,63,20378,1024.166522,378.2478281,69.62100041,5.432955946,0.982914661,30.86977794,2193.78678,1210.324811,10209,0.500981451,192.0644531,192.7051697,177.0502472
37956,B-220-3-03_masks.tif,64,14479,708.4264069,269.6517734,72.29656574,3.729800587,0.96338807,-17.22921481,2841.806064,1213.623524,12228,0.844533462,195.7184296,196.5178223,175.1529236
37957,B-220-3-03_masks.tif,65,25848,1018.526912,436.1549417,76.38127412,5.710233912,0.984546354,-2.221009241,927.0779557,1296.95636,16372,0.633395234,191.3586578,190.6341858,173.9791718
37958,B-220-3-03_masks.tif,66,16204,632.1837662,223.9971312,95.30320066,2.350363153,0.904974332,16.48780573,46.851765,1239.979141,8528,0.526289805,176.4187317,175.2430878,160.3215332
37959,B-220-3-03_masks.tif,67,34787,1417.965512,532.6614863,85.01618547,6.265412678,0.987180731,65.85514673,4369.655331,1303.540317,25117,0.722022595,190.7585297,191.8785248,176.3460999
37960,B-220-3-03_masks.tif,68,5795,367.4558441,127.6629183,58.60520156,2.178354736,0.888404204,-61.10856679,2506.396721,1227.437619,5135,0.886108714,190.3867645,188.9306793,167.5285339
37961,B-220-3-03_masks.tif,69,26935,1045.882251,394.7197414,88.08448219,4.481149591,0.974782511,72.7882538,4021.286319,1308.968777,20418,0.758047151,196.0783691,196.0878143,184.4030762
37962,B-220-3-03_masks.tif,70,18513,829.0121933,332.3427212,71.46223358,4.650606404,0.976608386,-10.39796741,2698.157889,1418.49684,8204,0.443148058,190.9147949,190.5803223,165.3851776
37963,B-220-3-03_masks.tif,71,18333,925.5807358,332.4518479,70.90288586,4.688833802,0.976992721,-46.28901486,1103.656848,1405.440353,15517,0.846397207,199.7288208,203.4142609,187.0796509
37964,B-220-3-03_masks.tif,72,33967,1468.149278,525.4849197,84.57079857,6.213550405,0.986964423,34.37874065,1362.214355,1519.594194,23347,0.687343598,187.2763062,186.7737122,174.6792755
37965,B-220-3-03_masks.tif,73,20889,993.882251,378.8393213,73.56180825,5.149945745,0.980966548,18.07240136,2344.102111,1497.923405,12245,0.58619369,192.4762726,189.7933044,173.9881592
37966,B-220-3-03_masks.tif,74,21448,1071.722871,395.341894,70.30212349,5.623470166,0.984061921,-37.27659054,2091.598657,1500.299049,18108,0.844274524,203.2009583,204.4424591,192.9406891
37967,B-220-3-03_masks.tif,75,20603,1016.267027,371.8937056,72.82889298,5.106403385,0.98063735,25.16515211,2277.383585,1546.362229,9824,0.476823764,189.2374725,187.5418396,179.3926086
37968,B-220-3-03_masks.tif,76,12421,754.5685425,282.7887887,57.75584988,4.896279586,0.978921534,67.6624665,4187.849449,1434.076403,0,0,,,
37969,B-220-3-03_masks.tif,77,17660,930.9116882,372.6177929,63.9961153,5.82250643,0.985141031,76.09565765,4432.3094,1481.980578,0,0,,,
37970,B-220-3-03_masks.tif,78,27932,1297.338095,497.7028243,74.77598593,6.655917915,0.988649215,-20.59218997,5340.897286,1675.739403,17500,0.626521552,193.0321655,196.9459991,179.0196533
37971,B-220-3-03_masks.tif,79,20790,841.3553391,338.0584281,79.91707905,4.230114916,0.971655776,-89.69576851,3886.775709,1541.372294,16780,0.807118807,194.3421936,196.2794952,182.7313995
37972,B-220-3-03_masks.tif,80,22054,1151.279221,420.0612861,68.59366626,6.123907776,0.986577382,40.2049622,2620.40351,1661.045615,12398,0.562165594,195.0617065,194.9570923,183.1242065
37973,B-220-3-03_masks.tif,81,21905,896.5269119,378.5746469,74.89955251,5.054431358,0.980233076,-7.21911749,4314.595983,1702.240082,15927,0.727094271,200.6155548,201.7973938,186.8406525
37974,B-220-3-03_masks.tif,82,15959,1081.722871,380.0756282,54.92907978,6.919388232,0.989501668,-34.65259346,5184.367066,1747.069303,0,0,,,
37975,B-220-3-03_masks.tif,83,19849,1130.752309,405.6112516,66.08149222,6.13804619,0.986639564,64.73467106,2918.160512,1765.308681,7670,0.386417452,190.3735352,190.1063843,172.2039185
37976,B-220-3-03_masks.tif,84,30435,1155.296465,442.626296,88.88993765,4.979487079,0.979627359,14.60375862,1578.084771,1908.829933,22315,0.733201906,190.6489868,190.8000488,175.3523712
37977,B-220-3-03_masks.tif,85,27500,1400.149278,513.9369367,70.84049323,7.254846956,0.990454664,-49.83841545,3916.012873,1895.750582,22119,0.804327273,200.0985565,202.8436584,189.0526276
37978,B-220-3-03_masks.tif,86,5572,442.8700577,158.7467169,52.51184176,3.023065114,0.943704356,-65.77695704,58.95692749,1790.361809,5390,0.967336683,177.8183746,187.678299,184.5742188
37979,B-220-3-03_masks.tif,87,29645,1427.03658,535.7836863,72.69106585,7.370695147,0.990753752,26.76231467,3505.040209,2033.672828,20863,0.703761174,191.3081055,191.8760071,180.1590881
37980,B-220-3-03_masks.tif,88,3997,363.6984848,117.5444279,45.46916743,2.585145815,0.922152986,-44.98789544,42.94996247,1886.368526,3373,0.843882912,185.800766,191.4696045,165.083313
37981,B-220-3-03_masks.tif,89,26207,1210.183766,505.4496751,72.24926365,6.995914554,0.989731274,-87.88001172,2200.820849,2100.606746,17712,0.675849964,198.0045776,200.6082916,188.7992859
37982,B-220-3-03_masks.tif,90,14863,829.3553391,335.6292126,60.3284207,5.563368122,0.983712831,86.09289685,4055.213281,2139.412635,9528,0.641054969,189.5133362,191.2852631,181.0858459
37983,B-220-3-03_masks.tif,91,16829,781.882251,280.6593586,77.96690342,3.599724323,0.960639208,59.6888429,3319.584289,2197.328718,14450,0.858636877,197.1669159,196.1287842,180.8331451
37984,B-220-3-03_masks.tif,92,18306,879.8406204,354.9776811,70.3022561,5.049307103,0.98019253,81.5830476,3880.170163,2176.117065,15453,0.844149459,199.6163788,200.6636963,193.1690979
37985,B-220-3-03_masks.tif,93,24259,1013.012193,407.4820869,79.70011106,5.112691582,0.980685418,-81.31302979,4740.871099,2222.317903,14468,0.596397213,189.3445587,189.9666138,172.0810089
37986,B-220-3-03_masks.tif,94,13242,876.2670273,319.0768286,57.78876757,5.521433352,0.983462405,-54.63428264,4325.98535,2355.574536,0,0,,,
37987,B-220-3-03_masks.tif,95,28816,1144.225397,436.8576928,87.2704511,5.005791621,0.979843102,77.13159353,3397.256385,2315.110251,20985,0.728241255,194.4540863,195.5545349,184.6281128
37988,B-220-3-03_masks.tif,96,25217,1175.865007,392.697674,85.26643644,4.605536368,0.976142701,48.97979551,3783.747432,2393.835508,15632,0.619899274,193.7301636,192.4214478,182.1133575
37989,B-220-3-03_masks.tif,97,9046,761.7817459,260.9331275,47.22622936,5.52517385,0.983484977,36.88028978,3869.05461,2388.155096,6432,0.711032501,197.0520782,198.7837372,187.7038269
37990,B-220-3-03_masks.tif,98,23460,1166.208153,415.9734144,76.48724767,5.43846755,0.982949574,37.10359307,5326.480179,2445.329369,16514,0.703921569,185.3564911,187.5661926,171.3252411
37991,B-220-3-03_masks.tif,99,28332,1290.308658,477.6546382,77.48306926,6.164632387,0.986755327,63.86032174,4663.960822,2396.967034,21290,0.751447127,192.4256897,192.9918671,182.4060059
37992,B-220-3-03_masks.tif,100,23396,969.0121933,382.9923767,79.86731487,4.795358118,0.978014905,88.04987182,3000.488032,2339.788425,16336,0.698239015,195.1055298,195.955307,180.4533539
37993,B-220-3-03_masks.tif,101,21672,898.0832611,353.6656781,79.11780679,4.470114787,0.974656234,-77.70509755,2740.898348,2422.266611,15231,0.702796235,199.7222748,201.7569427,188.0371552
37994,B-220-3-03_masks.tif,102,8353,550.3259018,194.8910783,57.45757138,3.391912913,0.95555315,-50.69410955,102.50425,2461.952951,6794,0.813360469,187.2692108,190.7038574,165.5409241
37995,B-220-3-03_masks.tif,103,33083,1347.279221,468.4210475,93.65556749,5.001529115,0.979808376,57.33678209,5251.832421,2545.58849,25768,0.77888946,189.0587158,189.9106293,178.115921
37996,B-220-3-03_masks.tif,104,23051,1087.580736,385.8559415,80.67242584,4.782996636,0.977899833,28.49943894,3063.709817,2660.041907,17295,0.750292829,190.266037,190.0352173,179.0820465
37997,B-220-3-03_masks.tif,105,19711,989.8233765,344.8588178,74.04212608,4.657602855,0.976679447,43.21678247,5275.891533,2676.266602,9792,0.496778449,180.2036285,180.0424805,165.2871704
37998,B-220-3-03_masks.tif,106,5477,426.1837662,141.4231579,50.63874737,2.792785471,0.933696487,40.55459039,3305.398211,2621.545372,0,0,,,
37999,B-220-3-03_masks.tif,107,17711,796.1837662,327.2504335,69.81145422,4.687632383,0.976980788,-11.44828038,4806.572356,2724.786065,12978,0.732764948,190.6177368,194.6831512,179.8936615
38000,B-220-3-03_masks.tif,108,9642,655.5979797,248.8629461,51.18709299,4.861830035,0.978618489,-16.66796518,1145.420141,2699.312902,9156,0.94959552,197.7028198,201.3006744,181.2850647
38001,B-220-3-03_masks.tif,109,26077,1143.296465,429.3618736,81.13422686,5.291994392,0.981983886,14.43675545,4258.690148,2851.109407,19332,0.741342946,193.3469849,194.1532745,181.8120728
38002,B-220-3-03_masks.tif,110,14724,719.9411255,292.0930049,64.99751805,4.493910132,0.974927358,79.07549129,4432.934121,2724.3243,9783,0.664425428,184.0409851,184.0748291,172.7628479
38003,B-220-3-03_masks.tif,111,23277,1090.509668,401.3597056,77.19151256,5.199531558,0.981331283,64.59127539,175.0857499,2844.628732,18871,0.810714439,188.1761932,189.6884613,177.8482361
38004,B-220-3-03_masks.tif,112,25338,1134.509668,413.8440953,81.67781527,5.066787034,0.980330331,65.12931561,2928.167574,2861.175152,14392,0.568000631,187.5859528,186.1353455,169.9229431
38005,B-220-3-03_masks.tif,113,28381,1205.823376,452.9936299,80.99717876,5.592708744,0.983884671,-64.30048363,4539.682605,2877.847891,24761,0.872449878,192.7588501,193.7056732,186.7733154
38006,B-220-3-03_masks.tif,114,18420,776.2253967,273.0955261,87.14461574,3.133819843,0.947721256,-65.12483288,2630.108903,2855.283876,5772,0.313355049,199.1728973,199.7233124,165.6517639
38007,B-220-3-03_masks.tif,115,21585,1062.325902,430.7089154,70.17240401,6.137867463,0.986638781,79.99689622,4882.769655,2956.595645,13441,0.62270095,185.820694,186.6815643,173.5861969
38008,B-220-3-03_masks.tif,116,27132,1057.59798,439.0548091,85.79618855,5.117416245,0.980721417,89.42202035,2826.70603,3034.541169,20380,0.751142562,191.8080444,193.6785583,184.0950928
38009,B-220-3-03_masks.tif,117,18143,781.5391052,271.3639112,85.9683093,3.156557497,0.948492088,-45.77413734,2821.098165,3161.398721,14481,0.79815907,197.4382324,200.7230835,186.0466156
38010,B-220-3-03_masks.tif,118,17670,800.8700577,336.6262288,67.82456325,4.963190512,0.97949195,0.67097914,4447.280928,3250.188172,12563,0.710979061,188.4621582,189.7736206,176.2673798
38011,B-220-3-03_masks.tif,119,19227,946.9949494,331.4508481,75.57367686,4.385797566,0.973659095,46.74826711,366.7481146,3298.167681,12394,0.644614344,198.5611572,200.4139099,196.4282684
38012,B-220-3-03_masks.tif,120,11918,819.6812409,293.7648159,55.56904812,5.286482779,0.981945954,43.21570206,466.060245,3318.479023,8293,0.695838228,185.7657013,186.8180389,189.7641449
38013,B-220-3-03_masks.tif,121,27912,1236.651804,459.2709618,79.05340583,5.809629034,0.985074587,-64.32832282,3788.662403,3329.195651,20797,0.745091717,191.8283844,194.7063446,179.4642487
38014,B-220-3-03_masks.tif,122,28424,1273.965512,462.9556777,83.10998448,5.570397837,0.983754252,-27.86243441,3322.827892,3434.116627,19238,0.676822404,193.7881317,196.9838409,178.5563507
38015,B-220-3-03_masks.tif,123,22644,1016.325902,407.7830909,74.05997465,5.506119773,0.983369509,11.2227512,902.4038597,3468.092828,11746,0.518724607,192.1303406,191.9290009,176.0645294
38016,B-220-3-03_masks.tif,124,28410,1128.669048,469.5495379,78.67554697,5.968176339,0.985862667,82.64609583,4200.805209,3369.471665,19446,0.684477297,184.071579,186.037796,178.478302
38017,B-220-3-03_masks.tif,125,10683,582.8700577,229.1752981,61.66913907,3.716207191,0.963114599,5.309516304,3084.84817,3460.284377,2373,0.222128616,177.914032,176.8765259,132.9755554
38018,B-220-3-03_masks.tif,126,23325,835.254834,316.0600493,100.003743,3.160482196,0.948623396,10.94676214,3998.484416,3516.742937,18730,0.803001072,188.6141968,189.7482605,173.5592651
38019,B-220-3-03_masks.tif,127,19061,913.6396103,352.5539146,78.42964942,4.495161169,0.974941491,-23.50630607,3387.42747,3524.961072,13389,0.702429044,191.4756927,193.1770782,170.625061
38020,B-220-3-03_masks.tif,128,21186,789.7401154,283.5445527,96.16566191,2.948501025,0.940730368,14.32118903,4517.572406,3489.660483,16754,0.790805249,190.8435059,190.6615753,176.3423004
38021,B-220-3-03_masks.tif,129,19648,857.4974747,329.8007029,82.73259278,3.986345548,0.96802433,18.22964392,723.5226995,3519.865584,13402,0.682105049,186.8218994,185.5067139,168.2196655
38022,B-220-3-03_masks.tif,130,15440,804.4680374,301.3192093,66.11209914,4.557701438,0.975633005,-61.80516222,2548.798575,3455.973705,10838,0.701943005,191.5497284,195.3128815,180.1995697
38023,B-220-3-03_masks.tif,131,10097,727.5391052,266.676354,49.72878217,5.362615821,0.982459486,49.49534389,2780.887689,3465.550461,7914,0.783797167,183.7618103,184.9667664,175.0059357
38024,B-220-3-03_masks.tif,132,19066,797.6396103,281.1670758,91.49835807,3.072919358,0.945568391,31.29003873,5187.477761,3548.092835,13347,0.70004196,180.8055725,179.7246552,157.1736755
38025,B-220-3-03_masks.tif,133,15181,675.0121933,249.2499034,81.04900714,3.075298665,0.945655003,-19.94111839,4116.971214,3549.807259,11235,0.740069824,186.4204712,188.8177185,169.8704987
38026,B-220-3-03_masks.tif,134,8017,515.9411255,183.9177175,59.4219395,3.095114685,0.94636831,-22.68246075,2626.70126,3573.526007,6391,0.79718099,188.0973206,191.1018677,186.0419312
38027,B-220-3-03_masks.tif,135,9351,554.0832611,188.5676792,66.12592535,2.851645224,0.936497311,48.57201116,2998.728157,3587.378034,0,0,,,
38028,B-220-3-03_masks.tif,136,8861,493.3553391,173.0009389,66.60279778,2.597502577,0.922922754,-63.30231151,2450.593387,3592.955197,5616,0.633788511,187.3324432,188.3887177,159.2316589
38029,B-220-3-04_masks.tif,1,14674,684.8700577,272.9811029,72.6071998,3.759697436,0.963978865,2.866488563,1907.705874,115.3345373,10343,0.704852119,195.9610291,193.9710846,182.0122833
38030,B-220-3-04_masks.tif,2,8383,502.3847763,196.6797622,62.48582998,3.147589819,0.948190143,-9.263391154,1796.8423,78.14756054,3916,0.46713587,197.6131287,201.6741638,194.7482147
38031,B-220-3-04_masks.tif,3,17746,906.2253967,338.0303745,68.56276813,4.930232307,0.979213925,18.98031198,1996.82289,186.8102108,12742,0.718020962,190.2492523,191.7195129,175.492157
38032,B-220-3-04_masks.tif,4,19569,1061.722871,365.1808183,70.49731753,5.18006686,0.981189373,39.99199854,4472.81808,160.8812407,12813,0.65476008,184.8842621,189.4575806,169.3054657
38033,B-220-3-04_masks.tif,5,18067,951.3553391,389.9362494,61.1566678,6.376021838,0.987624405,84.19340062,811.0876737,131.3116732,12539,0.694027785,188.2765045,193.3233185,175.9280701
38034,B-220-3-04_masks.tif,6,15654,832.6101731,286.9552617,72.38167565,3.964473869,0.967664632,50.36704448,4182.019037,244.4619267,10978,0.701290405,186.2197113,188.7179871,171.5580292
38035,B-220-3-04_masks.tif,7,24617,1171.823376,430.5970135,75.07363892,5.73566194,0.984684136,-61.48551567,1393.777552,263.9574684,16513,0.670796604,200.158783,199.4537659,176.8557434
38036,B-220-3-04_masks.tif,8,21411,942.9116882,374.7344527,75.5560368,4.959689107,0.97946268,77.6005581,1793.779973,250.8375134,16793,0.784316473,194.0840302,194.1844177,182.0927124
38037,B-220-3-04_masks.tif,9,16473,855.5979797,344.6342307,61.79024099,5.57748643,0.98379586,-86.64669168,931.4930492,266.3671462,5507,0.33430462,198.7947998,202.6275635,171.0194244
38038,B-220-3-04_masks.tif,10,10866,609.0121933,221.5345934,63.59901517,3.483302263,0.957905441,-17.67565032,3051.180931,377.8026873,5541,0.50993926,200.338562,198.2864075,164.6960907
38039,B-220-3-04_masks.tif,11,17565,941.7401154,363.8693349,63.36797799,5.742164204,0.984719072,75.29935194,4470.173868,318.8371193,9744,0.554739539,194.7399445,198.3026428,175.5383759
38040,B-220-3-04_masks.tif,12,20964,1287.421356,452.2440005,64.44945752,7.01703347,0.98979331,50.63077733,2759.928401,424.195478,18074,0.862144629,199.7616425,200.5723724,189.5089111
38041,B-220-3-04_masks.tif,13,16794,1060.568542,404.7140908,54.28088533,7.455922805,0.990964887,-75.99701224,1015.156306,345.206026,9260,0.5513874,190.6602631,193.3573456,174.0608063
38042,B-220-3-04_masks.tif,14,16563,977.0121933,403.844346,59.39962777,6.798768969,0.989123789,-84.48616818,1791.577552,329.7251102,9897,0.597536678,195.0191956,196.7046509,183.9156342
38043,B-220-3-04_masks.tif,15,22733,1064.325902,407.8442192,74.54460583,5.47114328,0.983154368,82.10315187,1230.357586,418.6272379,13219,0.581489465,194.1668091,195.3287659,175.7213898
38044,B-220-3-04_masks.tif,16,17912,814.9533188,272.9520022,86.0188565,3.173164737,0.949044266,-53.40617629,3095.907101,510.9944172,10093,0.563476999,197.5426483,196.8607025,167.2738495
38045,B-220-3-04_masks.tif,17,9902,478.4264069,153.4365805,82.94410602,1.849879249,0.841295298,-34.4004386,3772.492729,501.6295698,7486,0.756008887,195.9008789,193.7544708,154.885788
38046,B-220-3-04_masks.tif,18,13033,770.0416306,323.436247,53.62177081,6.031808389,0.986161457,1.899367664,4586.989565,633.5268933,0,0,,,
38047,B-220-3-04_masks.tif,19,29266,1492.8772,537.1640204,71.09667196,7.555403165,0.991202296,51.78883026,910.5379621,667.7430124,18473,0.631210278,187.9623718,190.5110626,176.1159058
38048,B-220-3-04_masks.tif,20,27238,1375.137085,506.7381667,70.78416274,7.158920119,0.990195868,25.04466773,3369.072142,742.2544974,20276,0.744401204,194.7716064,196.3681183,178.8854828
38049,B-220-3-04_masks.tif,21,10322,720.8700577,297.4151234,45.34562467,6.558849404,0.988308752,7.642943104,4780.633695,685.588355,0,0,,,
38050,B-220-3-04_masks.tif,22,16221,745.1126984,306.8917394,67.80320059,4.526213169,0.97528848,82.03044902,2338.478084,631.3812342,12665,0.780778004,194.8734283,197.4980621,177.550415
38051,B-220-3-04_masks.tif,23,9097,539.1126984,205.1069698,57.62088929,3.559593965,0.959727992,-14.24609614,4235.460262,722.6150379,4197,0.461360888,200.6020966,199.9268494,163.4488983
38052,B-220-3-04_masks.tif,24,8108,449.0121933,133.1820528,78.30454483,1.700821492,0.808896416,-40.01789677,4052.840528,707.1695856,5913,0.729279724,204.3020477,204.4770813,141.6555023
38053,B-220-3-04_masks.tif,25,25256,1021.497475,394.9846586,84.46655888,4.676225288,0.976867014,11.05866091,602.8449081,860.7620367,17022,0.673978461,190.5551605,190.5721436,175.2668304
38054,B-220-3-04_masks.tif,26,10369,565.0121933,203.2186439,66.0482927,3.076819031,0.945710239,-22.89106459,4159.432443,785.2154499,5517,0.532066737,206.3523712,203.3148499,161.7346344
38055,B-220-3-04_masks.tif,27,16654,710.2253967,247.2122945,86.24586266,2.866366998,0.937169758,24.78921634,4436.269905,841.0273808,11277,0.677134622,187.6823578,189.2308197,161.6601105
38056,B-220-3-04_masks.tif,28,18188,829.9827561,293.589117,81.92197039,3.583765327,0.960280604,-19.58595533,4657.476468,859.1544425,9940,0.546514185,204.8869171,204.2979889,170.2369232
38057,B-220-3-04_masks.tif,29,17368,1016.468037,391.2033981,59.17141232,6.611358133,0.9884948,19.42460027,4327.541859,926.4308498,4983,0.286906955,195.6132813,196.1545258,161.3831024
38058,B-220-3-04_masks.tif,30,23579,970.6690476,390.4837551,78.66140179,4.964108778,0.979499616,-9.509238629,2380.08656,961.5948089,16347,0.693286399,198.8975372,198.2695313,181.5703735
38059,B-220-3-04_masks.tif,31,19146,897.9827561,339.9472545,72.5259914,4.687247261,0.97697696,18.8246983,2491.870835,948.7181657,14888,0.777603677,198.9386139,198.560791,182.3041382
38060,B-220-3-04_masks.tif,32,9808,656.4680374,220.8207492,57.56500824,3.836023931,0.965423483,-48.25742044,4878.210135,869.5402732,5899,0.601447798,199.9764404,201.8621826,171.1659546
38061,B-220-3-04_masks.tif,33,19116,872.8111832,336.55243,74.24630409,4.532918293,0.975362455,70.09453063,397.1887947,889.9500418,16531,0.864772965,196.7703094,197.5796967,186.0001221
38062,B-220-3-04_masks.tif,34,27131,1302.651804,482.9871899,73.95959727,6.530419414,0.988206127,66.84872352,374.2559802,964.3706461,18887,0.696140946,191.5700226,193.394455,182.2486877
38063,B-220-3-04_masks.tif,35,16553,925.882251,338.1243261,65.81469147,5.137520492,0.980873472,21.83800472,4288.589078,1022.030931,7557,0.456533559,198.2755127,198.1145935,171.7850952
38064,B-220-3-04_masks.tif,36,20484,881.5979797,346.9648064,77.68932435,4.46605514,0.974609538,-2.792578118,4535.114675,1078.056483,12177,0.594463972,189.8454437,187.8735352,165.1174316
38065,B-220-3-04_masks.tif,37,21520,1180.894444,423.5926264,66.5607458,6.364000602,0.987577313,-30.06225016,4648.814777,1101.936106,9052,0.42063197,203.4893951,204.6440582,169.5496063
38066,B-220-3-04_masks.tif,38,7252,481.3553391,178.2257167,53.91863978,3.30545647,0.953139839,-65.64272169,4877.309294,956.7813017,3426,0.472421401,190.0601349,192.0796814,140.3406372
38067,B-220-3-04_masks.tif,39,9807,635.6984848,254.4425231,51.50945258,4.939724855,0.97929458,-7.354978796,3865.93056,1058.591414,4334,0.441929234,199.7651062,202.8892517,174.6739807
38068,B-220-3-04_masks.tif,40,20375,840.7695526,340.6844641,77.64503348,4.387717396,0.973682452,-8.419030934,3937.718037,1228.428466,11576,0.568147239,194.1455536,194.0785217,165.2639923
38069,B-220-3-04_masks.tif,41,14205,767.1126984,308.0084689,61.08455794,5.042329506,0.980137117,-8.643723547,4452.600986,1219.08321,8757,0.616473073,194.3093567,193.5952911,175.1629486
38070,B-220-3-04_masks.tif,42,10414,778.0243866,244.9425859,59.50504777,4.1163329,0.97004265,-50.27571989,2377.0773,1206.942385,8615,0.827251776,206.9439392,208.7606506,181.1699371
38071,B-220-3-04_masks.tif,43,23189,966.7106781,371.5349684,80.31494771,4.62597535,0.976355601,-67.86818289,1666.760231,1218.196429,15781,0.680538186,200.8987427,201.5193634,180.5249939
38072,B-220-3-04_masks.tif,44,20066,978.3675324,373.6483776,72.60588736,5.146254542,0.980938969,66.46706998,146.3662414,1239.441643,15331,0.764028705,189.9165802,193.4049377,178.7781677
38073,B-220-3-04_masks.tif,45,7281,474.627417,177.7389037,54.72442044,3.247890106,0.951421252,-9.106115311,4482.848098,1317.804972,0,0,,,
38074,B-220-3-04_masks.tif,46,7538,540.8700577,205.9470133,50.22716672,4.10031118,0.969804428,5.187166445,4603.875829,1318.714911,0,0,,,
38075,B-220-3-04_masks.tif,47,22460,1103.480231,389.5032932,77.04835196,5.055309858,0.980240015,57.4162802,1043.079029,1369.424087,12356,0.550133571,186.1523132,186.2367249,171.3868561
38076,B-220-3-04_masks.tif,48,33279,1455.220346,492.6266022,89.33226449,5.51454287,0.983420703,39.18767884,740.0671895,1485.800775,19078,0.573274437,187.6929932,187.5050812,171.602951
38077,B-220-3-04_masks.tif,49,17304,807.0538239,302.6488266,75.49180113,4.009029088,0.96839104,66.825869,188.0863962,1351.741909,13455,0.777565881,194.8827972,193.865036,182.7158661
38078,B-220-3-04_masks.tif,50,18316,958.1665222,334.7882091,71.12009694,4.707364352,0.977175613,55.13304334,1223.465713,1422.249782,13452,0.734439834,194.2025757,194.4246979,183.9052887
38079,B-220-3-04_masks.tif,51,20876,974.5685425,374.0088852,75.5136642,4.952863686,0.979405441,-15.72040168,3796.582295,1497.711343,11490,0.550392796,200.9155731,202.4477844,176.7113953
38080,B-220-3-04_masks.tif,52,13716,741.0538239,267.6976298,66.22290441,4.042372231,0.968918668,27.81990389,4020.35681,1443.347623,9556,0.696704579,191.4901581,193.0442657,175.888443
38081,B-220-3-04_masks.tif,53,21625,1030.409163,375.4814478,75.41247228,4.979036444,0.979623633,56.63899473,4146.167954,1424.207121,13420,0.620578035,189.147995,191.1961975,173.1035767
38082,B-220-3-04_masks.tif,54,22070,1060.308658,387.1617228,74.69203381,5.183440631,0.981214086,48.38649125,1591.029905,1457.923969,15328,0.694517444,190.4696045,191.8402863,176.6420288
38083,B-220-3-04_masks.tif,55,25266,1227.865007,434.2774964,76.28682149,5.692693546,0.984450222,56.8994885,268.7080266,1474.413322,14869,0.588498377,183.6646118,185.0463409,172.4221497
38084,B-220-3-04_masks.tif,56,23675,1232.894444,441.7334791,71.97013426,6.137733154,0.986638192,62.80105663,1463.178543,1475.081098,11696,0.494023231,197.3674774,197.2349548,177.9605865
38085,B-220-3-04_masks.tif,57,23905,1151.865007,409.1616737,75.81250758,5.397020713,0.982684372,48.50962422,2129.745367,1526.117674,13330,0.557623928,188.401947,188.0799713,173.0254364
38086,B-220-3-04_masks.tif,58,23333,1214.936075,419.2753559,75.18710666,5.576426258,0.983789648,46.46907314,3507.010714,1547.954142,16879,0.723396049,196.037384,196.714798,180.9052124
38087,B-220-3-04_masks.tif,59,9277,594.9116882,214.2319915,58.29086119,3.675224334,0.962271176,58.47081716,5361.099709,1475.881966,3654,0.393877331,168.5306549,175.4113312,162.3363495
38088,B-220-3-04_masks.tif,60,29131,1234.852814,470.3568999,84.0121891,5.598674489,0.983919277,71.57777759,1094.953726,1588.451306,17934,0.615632831,187.8336182,187.1536255,169.9658203
38089,B-220-3-04_masks.tif,61,19744,985.9827561,394.4628652,66.6544946,5.918023497,0.98562028,77.02074827,627.349372,1599.895563,11593,0.587165721,191.71138,192.7203522,179.9968872
38090,B-220-3-04_masks.tif,62,16789,914.7523087,334.6122444,65.0269801,5.145744795,0.980935156,-39.64157616,4016.906248,1661.271368,10786,0.642444458,207.6520538,206.9951782,187.2325287
38091,B-220-3-04_masks.tif,63,23331,1036.225397,379.6837864,81.63236959,4.651142534,0.976613843,72.03705388,1581.623505,1601.54044,16335,0.700141443,195.1413574,195.70224,179.687973
38092,B-220-3-04_masks.tif,64,17170,820.8111832,294.5026463,76.29889575,3.859854633,0.96585664,67.01978409,1418.365812,1607.479208,10293,0.59947583,193.9058533,191.6787109,181.884964
38093,B-220-3-04_masks.tif,65,14190,749.2964646,268.8104599,68.19334162,3.941887192,0.96728673,58.33422137,1340.678647,1643.495631,9113,0.642212826,195.0729675,193.1495667,177.9151764
38094,B-220-3-04_masks.tif,66,27300,1208.124892,463.0826496,76.94275016,6.018535192,0.98609992,14.54471907,74.51600733,1822.510586,15286,0.55992674,190.765213,191.1496735,178.5122375
38095,B-220-3-04_masks.tif,67,13085,687.6396103,242.3679406,69.64074726,3.480260482,0.957830206,-32.63131641,5360.181964,1756.047459,11013,0.841650745,195.3244324,199.9405212,178.1343842
38096,B-220-3-04_masks.tif,68,31202,1127.154329,410.4900346,102.772254,3.99417176,0.968151573,8.106436551,1271.550445,1888.931863,25897,0.829978848,200.8253784,199.1148071,189.131012
38097,B-220-3-04_masks.tif,69,26838,1084.083261,433.5893517,80.99005627,5.35361218,0.982399909,84.03890682,637.5646471,1730.899024,15119,0.563343021,185.9229431,185.1940613,169.5579071
38098,B-220-3-04_masks.tif,70,24383,1003.59798,399.9913793,78.98289192,5.064278727,0.980310646,2.157796975,1365.600869,1901.509289,14206,0.582619038,191.0894623,188.5635681,176.2306824
38099,B-220-3-04_masks.tif,71,17824,872.1837662,351.6901387,72.40554319,4.857226715,0.978577498,-88.97008366,4095.770366,1795.9545,5652,0.317100539,200.509201,199.3419952,175.5005341
38100,B-220-3-04_masks.tif,72,25247,1021.84062,406.7465483,81.70730999,4.978092516,0.979615824,-87.85632245,3735.996237,1806.465679,12904,0.511110231,204.7960358,203.6417389,177.7523956
38101,B-220-3-04_masks.tif,73,23751,905.5979797,349.6024497,88.88140711,3.93335863,0.967142302,-0.229463766,477.127742,1940.767715,12546,0.52823039,193.2329102,189.0809784,174.9093781
38102,B-220-3-04_masks.tif,74,15613,960.2253967,372.1900711,63.43998501,5.866805786,0.985366239,17.26193808,2808.872414,1963.45302,13867,0.888170115,203.5872192,203.8213806,190.2374725
38103,B-220-3-04_masks.tif,75,22707,981.5979797,395.8821797,74.9771626,5.280036828,0.981901439,-89.68595893,3453.842119,1850.740168,13386,0.589509843,197.1531525,196.574707,179.3287811
38104,B-220-3-04_masks.tif,76,26900,1033.84062,398.0149301,90.57682137,4.39422497,0.973761393,-1.045590885,1857.111896,2028.344647,19818,0.736728625,199.1540985,198.4286499,184.8930206
38105,B-220-3-04_masks.tif,77,15063,618.0832611,214.1305192,90.24605209,2.372741125,0.906850024,25.34077698,4890.189006,1934.196043,10420,0.691761269,181.9828186,182.4754333,162.3189087
38106,B-220-3-04_masks.tif,78,27737,1201.59798,483.2358871,77.12741336,6.265423227,0.987180774,1.458659166,540.5986588,2120.564913,20372,0.734470202,195.9227295,194.9694672,180.8191071
38107,B-220-3-04_masks.tif,79,8602,439.6984848,137.4505173,81.82445378,1.679821997,0.803502655,-62.97636489,3813.696815,1901.847477,4118,0.478725878,200.6420593,201.165863,169.3734894
38108,B-220-3-04_masks.tif,80,26008,1077.497475,408.7516765,85.851994,4.76112036,0.977693954,-7.149508648,1434.519186,2070.620078,16396,0.630421409,198.5476379,197.6918182,184.5962372
38109,B-220-3-04_masks.tif,81,17624,870.0832611,352.9946724,65.55036974,5.385090485,0.982606885,12.52539232,942.6294258,2040.984964,5891,0.3342601,189.9490814,188.0386963,166.0891266
38110,B-220-3-04_masks.tif,82,19888,988.4264069,411.2774366,63.0337504,6.524717854,0.988185383,-82.13772417,4039.220082,1911.636565,11112,0.558728882,196.8636627,198.6328278,179.5078278
38111,B-220-3-04_masks.tif,83,16087,903.3380951,323.094627,65.05298455,4.96663803,0.979520708,52.34732529,2664.277926,2017.030832,0,0,,,
38112,B-220-3-04_masks.tif,84,10208,637.7401154,226.9912383,66.01188045,3.438642207,0.956780076,45.27922994,63.06103056,2009.47982,5503,0.539086991,176.4599304,178.480835,179.9754639
38113,B-220-3-04_masks.tif,85,28342,1119.84062,457.3157037,81.64959736,5.600954793,0.983932475,-1.750651422,3716.833498,2144.891222,16347,0.576776515,195.9987183,196.5797424,171.832077
38114,B-220-3-04_masks.tif,86,26564,1262.124892,504.4608826,74.13678723,6.80446107,0.989142078,12.51936693,1261.891319,2162.216383,13848,0.521307032,198.0233307,196.1687622,186.0833282
38115,B-220-3-04_masks.tif,87,26782,1203.497475,492.4674872,70.74881222,6.960788058,0.989626829,-7.94158119,1495.720857,2189.394631,18754,0.700246434,203.1587372,202.9808502,191.9911957
38116,B-220-3-04_masks.tif,88,26829,1142.710678,431.4943368,82.13276183,5.253620202,0.981717274,74.7260688,3231.391405,2009.023519,19779,0.737224645,195.5670624,195.5028076,179.6296082
38117,B-220-3-04_masks.tif,89,18906,860.1837662,350.2920875,69.45149629,5.043693891,0.98014797,-4.632435384,4119.925844,2126.199408,11295,0.597429387,190.7559967,192.3041229,166.880127
38118,B-220-3-04_masks.tif,90,9409,613.6984848,233.4657458,54.07524073,4.317424067,0.972806437,-8.757440777,3658.801148,2058.418323,2530,0.268891487,207.3624573,209.845459,175.2988129
38119,B-220-3-04_masks.tif,91,14436,780.9116882,296.3295139,63.32859632,4.679237045,0.976897135,71.46637903,5295.421862,2032.451233,8387,0.58097811,170.3036804,172.3958435,142.4371033
38120,B-220-3-04_masks.tif,92,17810,837.8406204,341.293681,68.97917758,4.947778344,0.979362639,11.15782766,396.5690623,2239.205222,9571,0.537394722,184.5284729,186.1735382,177.1222382
38121,B-220-3-04_masks.tif,93,19743,1081.112698,455.0192522,57.06880802,7.97316902,0.992103655,-0.322467768,2053.929545,2327.815682,0,0,,,
38122,B-220-3-04_masks.tif,94,30734,1252.509668,475.7906805,83.94549209,5.667852659,0.984312533,20.49276517,1116.966161,2324.662881,21421,0.696980543,196.258667,195.6240997,186.1814117
38123,B-220-3-04_masks.tif,95,27493,1053.84062,420.9521296,85.65824606,4.914321142,0.979077668,82.15279239,3415.951806,2172.198705,16955,0.616702433,199.2996216,198.9850159,181.9603729
38124,B-220-3-04_masks.tif,96,33184,1560.048773,554.3558042,79.33068509,6.987911469,0.989707617,55.41111891,1767.838989,2315.789718,23134,0.697143202,194.7294006,196.2600555,183.5364838
38125,B-220-3-04_masks.tif,97,21425,881.8406204,332.118252,84.36844807,3.936522001,0.967195985,1.978870167,1212.704271,2333.227865,9645,0.450175029,191.8557739,189.5564575,175.0169983
38126,B-220-3-04_masks.tif,98,20418,883.0121933,352.884731,75.99765804,4.643363231,0.976534474,13.43260592,1056.276178,2391.826624,13550,0.66363013,198.8717346,198.3414764,187.7859039
38127,B-220-3-04_masks.tif,99,20666,828.1837662,332.6707084,79.95607325,4.160668413,0.970687283,-78.21283791,3526.842059,2315.256073,13365,0.64671441,198.6777344,196.7834625,181.1075897
38128,B-220-3-04_masks.tif,100,20854,893.5979797,355.975069,76.44417868,4.656666801,0.976669959,5.218777162,5336.028676,2480.216265,11560,0.554330105,183.6148834,186.4273376,159.2482758
38129,B-220-3-04_masks.tif,101,13631,739.254834,280.0777376,63.56618226,4.406080837,0.973904298,-17.99876726,4630.205781,2484.430636,7486,0.549189348,189.4015503,190.1578979,158.734436
38130,B-220-3-04_masks.tif,102,23123,1066.083261,434.9048964,69.50102696,6.257531944,0.987148211,-81.31178177,3623.779311,2440.626433,12251,0.529818795,194.7075348,194.575058,176.74263
38131,B-220-3-04_masks.tif,103,22850,1092.852814,396.0507637,77.4011872,5.116856446,0.980717157,24.70664138,1399.150284,2642.321182,15759,0.689671772,198.1216431,197.6560059,191.9367371
38132,B-220-3-04_masks.tif,104,21818,1053.84062,419.5237897,71.66133904,5.854255521,0.985302961,82.35726674,4888.634843,2521.339582,15330,0.702630855,202.5680389,202.4553833,187.924469
38133,B-220-3-04_masks.tif,105,16479,844.0243866,301.9084752,71.17108376,4.242010368,0.971816821,32.60462945,4435.457127,2618.824807,11228,0.681352024,191.8141327,192.0812225,179.448349
38134,B-220-3-04_masks.tif,106,25915,1165.923882,445.5392814,78.35930915,5.685850045,0.984412472,22.6999958,1496.847309,2705.686398,17207,0.663978391,199.2125854,198.5510559,190.1198425
38135,B-220-3-04_masks.tif,107,23281,1087.23759,374.734774,81.31982613,4.60816005,0.976170192,31.05997688,1608.96989,2684.117134,17582,0.75520811,197.0341797,195.9736633,182.7632294
38136,B-220-3-04_masks.tif,108,15520,777.6984848,320.2326791,64.87116269,4.936441183,0.979266733,0.229559761,3474.998776,2686.941817,11376,0.732989691,192.8839722,193.1255341,174.2645111
38137,B-220-3-04_masks.tif,109,21928,1147.740115,465.8604551,71.5050739,6.515068508,0.98815015,82.94139888,4892.327207,2575.05363,11841,0.539994528,190.7891235,190.2693176,179.7557678
38138,B-220-3-04_masks.tif,110,22905,1140.468037,452.4488221,71.77369508,6.303825121,0.987337482,-75.69084787,4030.147872,2634.021786,13813,0.603056101,201.2012634,199.5435486,184.4184418
38139,B-220-3-04_masks.tif,111,15756,944.9949494,342.3986151,59.48869673,5.755691988,0.984791372,-39.95561433,1861.43558,2692.418126,14390,0.913302869,208.8530273,209.6269684,196.541214
38140,B-220-3-04_masks.tif,112,28296,1239.882251,488.8827794,80.6952617,6.058382724,0.986283435,-76.49757885,1000.427658,2622.620794,19381,0.6849378,202.3971405,203.5687561,187.5458984
38141,B-220-3-04_masks.tif,113,21329,1014.267027,364.5183042,77.39638536,4.709758763,0.977199085,27.09425938,1394.020489,2773.793005,11352,0.53223311,192.3087616,190.0162048,186.8492737
38142,B-220-3-04_masks.tif,114,12941,715.254834,273.8199203,63.00304138,4.346138128,0.973169513,72.60560337,4939.590604,2658.337764,8894,0.687273008,190.9092712,189.274231,175.5704956
38143,B-220-3-04_masks.tif,115,16596,873.2964646,316.4494532,68.03234188,4.651456123,0.976617033,-66.94805175,616.2484936,2705.070198,12326,0.742709087,203.0713196,202.6621704,188.0443726
38144,B-220-3-04_masks.tif,116,20005,1063.480231,362.4083497,73.86625898,4.906277301,0.979008271,-36.68299239,4544.648288,2783.071182,12231,0.611397151,201.0018768,203.0298462,176.9847107
38145,B-220-3-04_masks.tif,117,24229,1134.551299,410.7825221,78.29708199,5.246460171,0.981666871,33.61411121,1264.604524,2824.775558,16193,0.668331338,187.7308044,189.7355652,176.7477264
38146,B-220-3-04_masks.tif,118,10451,656.1837662,254.5441272,55.85583891,4.557162369,0.975627167,77.81207838,4972.131566,2716.688068,151,0.014448378,181.3841095,173.5761566,173.3178864
38147,B-220-3-04_masks.tif,119,25538,1184.124892,444.3725696,76.36167318,5.819314206,0.985124601,74.25776144,4170.991464,2745.492129,16664,0.652517817,192.5050964,192.277359,173.9345856
38148,B-220-3-04_masks.tif,120,22241,1026.769553,427.9760894,69.42186054,6.16486055,0.986756314,-0.730066705,3418.036509,2914.65114,15658,0.704015107,193.3271179,194.7510529,181.5623322
38149,B-220-3-04_masks.tif,121,27314,1112.769553,452.4052085,80.56861519,5.615154331,0.984014294,-86.4282691,684.0547704,2778.344988,15232,0.557662737,193.1989899,192.9650726,176.2174988
38150,B-220-3-04_masks.tif,122,15036,863.0954544,316.2957424,61.85181227,5.113766773,0.980693619,42.51317621,4192.82655,2881.302408,11104,0.73849428,190.4226379,192.0865479,178.9781189
38151,B-220-3-04_masks.tif,123,7754,590.8111832,213.7035579,48.29591184,4.42487883,0.974128487,45.120471,4836.274568,2849.659917,0,0,,,
38152,B-220-3-04_masks.tif,124,12140,594.8700577,224.0169331,75.15480168,2.980740127,0.942044784,-87.28893452,5345.450659,3063.370675,9174,0.75568369,189.7976837,190.7475433,161.9195557
38153,B-220-3-04_masks.tif,125,18680,1057.923882,392.8352063,62.67230031,6.268083417,0.987191723,28.2192908,4232.85166,3221.376713,10399,0.556691649,188.0170135,189.3059845,173.4312897
38154,B-220-3-04_masks.tif,126,9527,668.2842712,251.536476,50.65470582,4.965707961,0.979512956,-86.52272145,1720.840139,3117.986355,6875,0.721633253,200.5837097,203.9152069,186.3424072
38155,B-220-3-04_masks.tif,127,16254,824.1248917,306.2126493,69.53095021,4.403976191,0.973879015,61.36426299,831.1162175,3170.85136,11392,0.700873631,188.6852112,189.8771057,180.7320862
38156,B-220-3-04_masks.tif,128,10722,708.1248917,254.5468938,54.96781611,4.630835129,0.976405801,44.70318348,764.5975564,3255.469315,0,0,,,
38157,B-220-3-04_masks.tif,129,25820,1033.254834,396.3719868,86.34306293,4.590663956,0.975985965,-87.09925404,654.3487607,3419.12072,19517,0.755886909,201.0998077,202.6979523,189.5423431
38158,B-220-3-04_masks.tif,130,13540,676.4264069,247.5023153,72.08994045,3.433243443,0.95664096,-18.22476043,1822.644313,3538.722378,10544,0.77872969,204.2737122,205.8691254,191.8402863
38159,B-220-3-04_masks.tif,131,19200,981.5979797,416.2373139,62.77847547,6.630255208,0.988560668,84.25036103,573.8953125,3493.596667,1017,0.05296875,221.1524048,201.0580139,208.3559418
38160,B-220-3-04_masks.tif,132,4627,459.3553391,135.081606,53.83998634,2.508945769,0.917136272,29.59601442,382.6596067,3587.515453,0,0,,,
38161,B-220-3-05_masks.tif,1,12758,670.5685425,233.4617795,77.03653592,3.030533197,0.943989693,-34.58194208,2326.431729,80.2332654,4382,0.343470763,190.1056671,190.9600677,130.83638
38162,B-220-3-05_masks.tif,2,9138,478.4264069,152.0797599,78.42967846,1.939058822,0.856760733,-52.87735141,1339.586671,55.50558109,6792,0.743269862,194.723053,198.0360718,170.819931
38163,B-220-3-05_masks.tif,3,20142,1111.622366,399.3886386,67.87158372,5.884475015,0.985454636,45.55394634,1911.401698,151.4746798,15230,0.756131467,190.1408386,192.1678314,176.6089935
38164,B-220-3-05_masks.tif,4,15754,691.1543289,243.315435,85.15132133,2.857447555,0.936763643,27.28072251,4492.661991,102.0872159,0,0,,,
38165,B-220-3-05_masks.tif,5,19058,885.6396103,323.2005229,76.24364363,4.239048758,0.971776855,17.79127461,1442.352713,200.0119635,14448,0.758106832,189.9012299,190.7774811,174.4963379
38166,B-220-3-05_masks.tif,6,18666,881.3380951,316.5027299,75.50812453,4.191638077,0.971125251,-39.25083341,2752.451355,224.3349941,9368,0.501875067,195.7492523,199.2188263,175.5262604
38167,B-220-3-05_masks.tif,7,19376,857.254834,339.3917017,74.17124239,4.575785585,0.975827609,82.68819214,940.3925475,175.7745665,14019,0.723523947,190.5932617,190.6501923,174.8536987
38168,B-220-3-05_masks.tif,8,25034,1034.468037,385.9475829,86.84490615,4.44410156,0.974354755,-17.49288144,2116.139091,326.3160901,19025,0.759966446,196.8318481,197.3032837,180.4358978
38169,B-220-3-05_masks.tif,9,9639,591.3553391,229.6920291,55.09056606,4.169353222,0.970811107,11.90943488,2878.056126,240.0144206,0,0,,,
38170,B-220-3-05_masks.tif,10,20340,982.8111832,382.2400916,68.78811783,5.556774973,0.983673838,73.38070825,880.5845624,238.0734022,16737,0.822861357,188.6250153,191.9247131,183.4698029
38171,B-220-3-05_masks.tif,11,23335,903.0121933,356.1791187,84.86884413,4.196818307,0.971197544,3.474734652,382.0327834,388.7671738,16907,0.724533962,187.9992828,188.9477692,172.659668
38172,B-220-3-05_masks.tif,12,24269,1187.622366,438.1064188,71.87725491,6.09520243,0.986449786,-34.27120088,1603.414356,420.687997,18060,0.744159215,198.4605713,200.2614136,186.2155609
38173,B-220-3-05_masks.tif,13,24315,1149.39697,458.2750784,73.43125748,6.240871995,0.987079054,10.58943423,1035.087765,557.7390088,20984,0.863006375,197.3452148,197.9069366,188.6672211
38174,B-220-3-05_masks.tif,14,8717,697.6396103,235.533453,53.83688751,4.374945579,0.973526477,50.60662825,5362.9431,416.7517495,0,0,,,
38175,B-220-3-05_masks.tif,15,21586,940.7695526,391.7096814,72.85003053,5.376932289,0.982553596,-2.038008138,2813.208098,566.1794218,14226,0.659038266,194.3685455,193.4408112,181.6296234
38176,B-220-3-05_masks.tif,16,14150,751.254834,291.3585657,62.77250587,4.641499676,0.976515401,-13.81108077,2962.489258,522.8544876,7715,0.545229682,190.4756927,190.0076447,160.4626007
38177,B-220-3-05_masks.tif,17,27120,1157.053824,452.9387285,78.01360618,5.805894005,0.985055231,12.80945399,978.6199853,609.0952434,18929,0.697971976,191.1423798,188.9868927,184.3179321
38178,B-220-3-05_masks.tif,18,15858,884.1837662,340.5125861,63.04674033,5.400954662,0.982709809,5.34941804,3394.472317,615.2171144,12294,0.775255392,198.7365417,199.2155457,180.1538086
38179,B-220-3-05_masks.tif,19,29482,1209.095454,444.3565758,88.46986423,5.022688569,0.979979878,21.35265032,3310.406553,642.6391697,21599,0.732616512,193.0527802,191.160614,177.1702423
38180,B-220-3-05_masks.tif,20,9287,551.4974747,184.898322,67.2260919,2.750395222,0.931561375,42.54518165,5380.975127,511.1534403,6873,0.74006676,191.5325165,195.6839752,174.2851715
38181,B-220-3-05_masks.tif,21,24610,1065.296465,414.0508418,77.04673963,5.374021585,0.982534524,18.83267331,1955.141121,642.7677773,14169,0.575741568,190.9335938,187.8790283,176.9961243
38182,B-220-3-05_masks.tif,22,21041,1043.823376,375.0692665,73.14024435,5.128083312,0.980802321,31.52931368,2028.387862,618.2846823,15984,0.759659712,196.3113098,195.4416351,182.5302734
38183,B-220-3-05_masks.tif,23,22093,1057.941125,470.8404752,66.20751857,7.111586198,0.990064266,-86.35094511,622.2283076,505.3104151,6455,0.292173992,184.6738892,191.9936523,167.8782349
38184,B-220-3-05_masks.tif,24,19791,1008.651804,371.536706,71.79600252,5.174894046,0.981151386,-49.36081046,1197.416401,614.06124,14768,0.746197767,199.8258362,202.453476,187.9584961
38185,B-220-3-05_masks.tif,25,19834,937.9238816,323.0977152,80.43267064,4.016995987,0.968518332,41.55131285,4182.79399,635.7759403,16378,0.825753756,193.2552795,193.6549683,180.3977356
38186,B-220-3-05_masks.tif,26,23940,1124.852814,414.9084622,79.80824103,5.198817276,0.981326104,-23.32249843,5071.733542,750.741061,16559,0.691687552,198.4640961,200.1163177,184.1701202
38187,B-220-3-05_masks.tif,27,25432,997.8233765,344.0861114,96.81271678,3.554141676,0.959601735,-46.96732849,1270.00291,701.7547578,18390,0.72310475,199.6001129,202.0745544,183.4685211
38188,B-220-3-05_masks.tif,28,11538,572.2842712,223.0777571,67.88993348,3.28587385,0.952565692,0.111957201,2187.227942,671.9095164,5985,0.518720749,181.3568878,179.0862122,155.0903931
38189,B-220-3-05_masks.tif,29,22656,947.882251,352.9907424,83.45449743,4.229738998,0.971650664,-70.3921717,2401.607168,800.1367408,18871,0.832936088,196.6425171,198.7868195,183.2967987
38190,B-220-3-05_masks.tif,30,22795,961.6396103,367.2057673,80.95927644,4.535684896,0.975392881,19.47242648,2179.138715,950.4813775,12756,0.559596403,189.0030518,186.7466278,170.3657074
38191,B-220-3-05_masks.tif,31,23038,1118.710678,415.9478329,73.25130202,5.678367776,0.98437104,-71.52399111,763.0834708,873.5830801,18019,0.782142547,198.5078583,200.923584,187.4806519
38192,B-220-3-05_masks.tif,32,20520,851.0121933,342.230161,77.54261678,4.413446118,0.973992486,9.353133292,328.6597953,1052.333577,11333,0.552290448,186.4836273,185.4160461,170.4058075
38193,B-220-3-05_masks.tif,33,20181,861.3553391,351.6563994,74.72514565,4.70599818,0.977162204,81.1484958,5272.594767,924.7594767,14465,0.716763292,185.4018707,187.5589294,173.6624908
38194,B-220-3-05_masks.tif,34,25050,1239.279221,446.5847613,76.36908306,5.847716686,0.985269828,34.8300341,2375.303952,1101.404711,15853,0.632854291,198.7766418,197.7687531,187.0435944
38195,B-220-3-05_masks.tif,35,12921,593.6984848,232.8759794,71.01985603,3.279026351,0.952362414,89.92287106,5130.196115,994.3252844,10111,0.782524572,189.3786011,191.4949036,174.5583954
38196,B-220-3-05_masks.tif,36,21057,1001.59798,430.0525053,64.54941335,6.662376667,0.988671338,7.747773189,5295.499929,1201.050577,12822,0.608918649,184.8476868,187.9322205,170.8183594
38197,B-220-3-05_masks.tif,37,26162,1101.379726,392.785775,86.35614662,4.548440271,0.97553243,45.47017928,1993.49763,1271.815572,23918,0.914226741,198.3256989,197.2194977,186.5504608
38198,B-220-3-05_masks.tif,38,22185,1125.923882,411.1082683,82.18439395,5.002266836,0.979814393,-26.64070967,4204.650349,1344.266892,15528,0.699932387,202.4904022,203.4620667,190.1756897
38199,B-220-3-05_masks.tif,39,15251,821.7401154,309.3468194,63.6009868,4.863868235,0.978636601,-18.66973915,592.6741197,1334.545079,7893,0.517539833,189.8579712,194.1660919,182.9494476
38200,B-220-3-05_masks.tif,40,20445,1030.066017,387.55349,72.9512387,5.312500472,0.982123964,49.91805305,1974.266618,1344.274052,11879,0.581022255,190.714447,187.549118,186.7479553
38201,B-220-3-05_masks.tif,41,18570,819.9411255,338.5616509,71.49879946,4.735207492,0.977446328,3.99812616,391.0801292,1381.384599,12588,0.677867528,193.4525757,193.6645203,189.3299103
38202,B-220-3-05_masks.tif,42,21303,1002.710678,381.0117189,72.19694295,5.277394074,0.981883141,21.39171465,2908.594846,1427.802422,14881,0.698540112,192.6423645,193.0623016,176.7257538
38203,B-220-3-05_masks.tif,43,25466,1171.740115,449.5268195,76.75378959,5.856737783,0.985315509,85.2262868,3438.914553,1310.043941,18391,0.722178591,198.8655396,199.4831696,183.7424316
38204,B-220-3-05_masks.tif,44,26050,1025.296465,384.4202546,88.79037542,4.329526176,0.97296036,71.48709413,3239.10952,1341.50119,8221,0.315585413,189.9480591,187.8569489,191.5196381
38205,B-220-3-05_masks.tif,45,15502,839.5979797,344.6913874,58.32904277,5.909429865,0.985578121,-79.06192171,3811.459618,1357.905109,0,0,,,
38206,B-220-3-05_masks.tif,46,21678,931.9827561,362.3186267,76.99470851,4.705760093,0.977159866,15.64497452,488.9648953,1528.713765,16260,0.750069195,190.3297119,189.5093536,180.1343842
38207,B-220-3-05_masks.tif,47,17832,967.2375901,349.1321744,65.86620564,5.300626793,0.982043055,-51.76953164,4196.710689,1478.392441,11416,0.640197398,199.8131561,202.3018646,185.0197144
38208,B-220-3-05_masks.tif,48,14166,718.1248917,259.7693757,71.02802104,3.65728021,0.961892691,43.46884541,4444.02033,1463.205351,10489,0.740434844,188.1212769,188.1561584,177.6910095
38209,B-220-3-05_masks.tif,49,21488,1027.195959,383.6089485,75.41235718,5.086818166,0.980486477,-21.08127655,4964.44946,1551.136774,5408,0.251675354,196.4691162,195.2842102,152.5881958
38210,B-220-3-05_masks.tif,50,13579,843.4386002,303.46893,60.02386784,5.055804314,0.980243919,37.03034615,4422.697695,1537.635246,0,0,,,
38211,B-220-3-05_masks.tif,51,32784,1384.267027,542.9920341,79.86260725,6.799077226,0.989124781,17.98149366,2530.406021,1685.45022,22526,0.687103465,193.1266479,193.7153473,180.1664276
38212,B-220-3-05_masks.tif,52,23536,1209.379726,419.9495842,80.4683741,5.218815328,0.981470292,55.48186029,3816.981603,1563.029784,14554,0.618371856,191.6290436,191.1203156,175.4771881
38213,B-220-3-05_masks.tif,53,18615,965.8233765,348.0462273,69.44993185,5.011469674,0.979889221,51.48654552,4762.874671,1540.790062,13326,0.715874295,184.157959,186.2913818,168.8560028
38214,B-220-3-05_masks.tif,54,27712,1157.681241,435.2726228,82.40858871,5.281884201,0.981914214,-23.00171226,1942.179958,1659.106272,19874,0.71716224,199.6047668,200.51474,184.8614197
38215,B-220-3-05_masks.tif,55,14720,727.6984848,300.9575549,63.92171483,4.708220919,0.977184014,-5.799227041,1858.413859,1603.735462,0,0,,,
38216,B-220-3-05_masks.tif,56,32759,1245.4386,451.7779984,97.43831651,4.636553818,0.976464668,20.09628423,107.8721573,1687.892945,24690,0.75368601,189.1735535,188.9667511,174.2174988
38217,B-220-3-05_masks.tif,57,27049,1023.59798,424.7786741,82.11897231,5.172722724,0.981135407,87.65505586,3216.052054,1513.638582,19593,0.724352102,198.6797333,197.9973907,187.1491852
38218,B-220-3-05_masks.tif,58,25408,1146.551299,396.6702813,83.81361046,4.7327669,0.977422792,54.65557664,710.3204896,1610.166837,19872,0.782115869,191.8607635,192.3045502,182.4002075
38219,B-220-3-05_masks.tif,59,31103,1154.426407,469.7848696,86.46805297,5.433045541,0.982915229,2.739099689,1194.368871,1798.226152,22422,0.720895091,192.5891113,193.0279236,175.8369446
38220,B-220-3-05_masks.tif,60,25356,1056.426407,439.4482993,74.72647492,5.880757786,0.985436106,-84.18793675,3294.705947,1632.500749,12926,0.509780723,197.2592468,196.6049042,181.5011597
38221,B-220-3-05_masks.tif,61,30673,1094.325902,433.8469531,92.04103521,4.71362531,0.977236912,5.103595283,3811.69064,1803.80328,21726,0.70831024,189.9971924,190.208786,170.9106598
38222,B-220-3-05_masks.tif,62,16589,843.1126984,349.5481303,61.45571115,5.687805474,0.984423273,-89.73401273,4419.075954,1693.105371,11568,0.697329556,191.4269562,191.6540527,179.3449097
38223,B-220-3-05_masks.tif,63,28694,1069.39697,418.317515,89.68962854,4.664056723,0.97674471,-77.88389602,3567.063742,1734.84258,22049,0.768418485,201.2170563,201.0858612,184.0330658
38224,B-220-3-05_masks.tif,64,24529,973.9411255,407.510972,77.87352887,5.232984531,0.981571442,-89.35786588,2274.381589,1726.474826,17255,0.703453056,197.4016876,198.9910736,186.6762695
38225,B-220-3-05_masks.tif,65,14139,777.9827561,298.2385956,61.5587612,4.844779034,0.978466063,67.72532342,4297.06422,1753.186081,0,0,,,
38226,B-220-3-05_masks.tif,66,24180,1151.882251,455.6640458,71.44299436,6.378008787,0.987632163,-76.2338814,587.480397,1750.616667,13757,0.568941274,201.6300812,202.0553131,191.1993103
38227,B-220-3-05_masks.tif,67,29864,1317.539105,523.2903745,74.26334769,7.046415099,0.989878685,-75.075932,629.1590879,1805.531141,23523,0.787670774,199.2901459,201.6291656,191.8415985
38228,B-220-3-05_masks.tif,68,23947,1050.651804,362.0892624,86.24100558,4.198574216,0.971221988,-36.28422823,755.806197,1901.353071,17667,0.737754207,198.0740356,199.6565857,181.2326965
38229,B-220-3-05_masks.tif,69,30869,1080.225397,421.9974082,94.5128559,4.464973619,0.974597076,-14.42519871,4945.939,1953.381515,20735,0.671709482,187.3179169,189.2162018,167.3449707
38230,B-220-3-05_masks.tif,70,21513,1176.793939,433.6651704,66.71175698,6.500580858,0.988096954,-54.14746703,2730.866406,1898.459861,16127,0.749639753,205.5490723,207.1545868,194.339798
38231,B-220-3-05_masks.tif,71,13147,790.0832611,303.9721993,56.68845946,5.362153111,0.982456432,-77.76738651,3522.528181,1816.680764,30,0.002281889,200,182.1333313,187.6999969
38232,B-220-3-05_masks.tif,72,9289,499.8406204,167.5321949,71.39627922,2.346511564,0.904645672,31.41705326,123.0058133,1866.220583,6911,0.743998278,199.6035309,198.749527,193.0098419
38233,B-220-3-05_masks.tif,73,12574,774.9533188,263.4387763,63.63209449,4.14002994,0.970389832,-48.66447842,665.1881661,1893.938524,7706,0.612851917,198.4573059,201.0349121,182.9435577
38234,B-220-3-05_masks.tif,74,19331,967.5807358,348.132354,72.76389912,4.784410377,0.977913039,34.91048966,368.2229579,1946.118876,13689,0.708137189,189.5534363,187.9273834,175.0111084
38235,B-220-3-05_masks.tif,75,21741,905.8406204,353.3225095,80.3512626,4.397224115,0.973797654,-8.430514467,1880.993975,2003.723012,17353,0.798169357,202.8245239,203.2229614,193.3314667
38236,B-220-3-05_masks.tif,76,30081,1352.249783,491.1064926,79.39921785,6.18528124,0.986844199,-53.17400031,836.5496825,2108.973039,25840,0.859013996,200.796051,204.4985352,187.1001587
38237,B-220-3-05_masks.tif,77,16956,781.8406204,283.6893945,77.78467105,3.647111837,0.961675664,-83.84409403,2096.12037,2021.790163,16114,0.950342062,201.4687195,201.8714142,189.2450104
38238,B-220-3-05_masks.tif,78,19192,1045.338095,392.1688176,65.00088085,6.033284664,0.986168276,62.68859107,345.6357857,2102.988172,16353,0.852073781,190.7954559,192.0373688,185.0845032
38239,B-220-3-05_masks.tif,79,19834,1027.39697,400.9235702,69.56575434,5.763231838,0.984831446,-13.90757026,1010.890844,2201.42054,13542,0.682766966,203.5615845,204.692215,192.526886
38240,B-220-3-05_masks.tif,80,13942,665.6396103,235.8715233,76.41244465,3.086820798,0.946071496,46.23189476,1369.686989,2094.638144,12860,0.92239277,200.9599609,201.0063019,188.3937836
38241,B-220-3-05_masks.tif,81,20085,945.5979797,377.9589277,71.9410214,5.253733132,0.981718067,87.60984667,2322.93647,2056.900523,15941,0.793676873,197.0380096,198.830307,188.5096893
38242,B-220-3-05_masks.tif,82,14594,822.6101731,300.5787141,64.01162569,4.695689428,0.977060641,53.29033652,115.4192819,2122.351172,7700,0.527614088,199.4079285,198.3380585,179.6780548
38243,B-220-3-05_masks.tif,83,20445,894.8111832,340.9172835,77.90735749,4.375931805,0.973538571,71.81571947,2070.320714,2110.40181,13972,0.683394473,194.0828094,193.0566101,182.7300262
38244,B-220-3-05_masks.tif,84,24263,1161.279221,417.7446505,75.6103246,5.524968352,0.983483738,40.45182548,3566.687796,2217.829782,14485,0.596999547,185.2285156,184.5724487,171.1156311
38245,B-220-3-05_masks.tif,85,13524,913.5807358,315.3242055,60.97262553,5.171570073,0.981126916,43.56696777,147.2824608,2219.097308,11868,0.87755102,201.2778931,199.1568146,195.574234
38246,B-220-3-05_masks.tif,86,12027,760.3675324,258.1090304,67.20501542,3.840621548,0.965507695,44.55361923,71.78623098,2207.455725,9923,0.825060281,205.6693573,204.6577606,195.1234436
38247,B-220-3-05_masks.tif,87,24240,1134.208153,408.6385819,76.55464078,5.337868191,0.982294996,-44.54910827,2119.281229,2314.521163,17173,0.708457096,202.1997375,204.8904114,186.3829803
38248,B-220-3-05_masks.tif,88,20222,841.3553391,346.5024697,75.43392519,4.593456709,0.976015515,7.557412815,1369.09549,2352.408911,17600,0.870339234,198.5910797,198.8383484,189.7003937
38249,B-220-3-05_masks.tif,89,14539,846.9533188,284.9305849,71.02478903,4.011706178,0.9684339,-32.02934899,1243.687874,2348.76312,9592,0.659742761,204.8074493,205.675766,190.0723572
38250,B-220-3-05_masks.tif,90,23972,949.5979797,390.9632662,79.25695431,4.93285756,0.979236278,8.600001284,1084.34386,2433.329676,17420,0.726681128,191.9067688,193.0076904,177.6862183
38251,B-220-3-05_masks.tif,91,27039,1320.551299,487.552741,71.55774223,6.81341705,0.98917076,26.05614537,795.3953549,2474.415659,13728,0.507711084,192.1263123,189.7789154,176.3295441
38252,B-220-3-05_masks.tif,92,21121,1180.267027,439.8866631,64.55424309,6.814217658,0.989173318,-21.33954154,1250.145732,2487.419109,14247,0.674541925,203,205.5773163,195.5486755
38253,B-220-3-05_masks.tif,93,23183,1163.865007,409.2159788,74.37027289,5.502413302,0.983346907,50.35796965,637.8375965,2413.422767,19708,0.850105681,199.8987732,199.506897,192.4455566
38254,B-220-3-05_masks.tif,94,22716,1047.63961,397.9896407,76.09555358,5.23013004,0.981551131,-15.79405398,4243.845792,2505.874406,15208,0.669484064,195.1751709,197.27005,181.8009644
38255,B-220-3-05_masks.tif,95,17863,788.5269119,324.3009894,75.87119419,4.274362527,0.972247904,-82.1680842,131.627946,2432.197335,14972,0.838157084,195.3413086,197.0341339,183.942627
38256,B-220-3-05_masks.tif,96,13255,702.5269119,278.1660885,63.1929223,4.401855118,0.973853498,1.754321925,1329.314825,2523.073859,637,0.048057337,237.5149078,231.6954498,230.4897919
38257,B-220-3-05_masks.tif,97,14663,896.2670273,325.4696765,60.75748261,5.356865731,0.982421473,54.06289686,4537.390439,2505.098616,0,0,,,
38258,B-220-3-05_masks.tif,98,20934,1012.468037,400.3885194,68.77813506,5.821450654,0.9851356,-16.92710435,4154.025891,2601.17216,12845,0.613595108,191.3871613,193.6774597,181.8528595
38259,B-220-3-05_masks.tif,99,15753,688.7695526,254.4906339,81.6520673,3.116769022,0.947131689,-82.59391875,217.3220974,2480.659938,8542,0.542245921,199.9421692,198.3886719,183.5460052
38260,B-220-3-05_masks.tif,100,19502,967.254834,389.5161277,65.08770599,5.984480814,0.985940144,83.01166049,556.7961748,2515.121218,7674,0.393498103,191.9924469,191.423111,174.4771881
38261,B-220-3-05_masks.tif,101,9544,518.8700577,185.7815492,71.14686709,2.611240056,0.923765004,-87.15978662,74.99444677,2533.918378,7384,0.773679799,205.374588,205.1576385,192.1091614
38262,B-220-3-05_masks.tif,102,26977,1138.066017,425.6772454,81.2612744,5.238377672,0.981609723,59.98103185,1541.182452,2630.154984,18017,0.667865219,190.0099335,189.6113129,176.3704224
38263,B-220-3-05_masks.tif,103,27427,1378.007143,479.1196195,75.47676748,6.347908575,0.987513851,-35.20398728,248.2428264,2745.424582,10745,0.391767237,199.3531799,201.4111633,171.6986542
38264,B-220-3-05_masks.tif,104,20153,799.1126984,315.3832432,83.21776997,3.789854539,0.96456034,-88.61563105,154.3300749,2596.432094,15884,0.788170496,197.8079224,200.1797333,189.3076019
38265,B-220-3-05_masks.tif,105,13293,688.7695526,268.1277975,65.82001277,4.073651557,0.969401654,-74.76822659,4393.966524,2622.819755,5105,0.384036711,188.4536743,185.6381989,161.8736572
38266,B-220-3-05_masks.tif,106,15980,984.8944443,336.8303362,63.81012654,5.278634511,0.981891733,-42.98573814,346.0250313,2733.531039,8185,0.512202753,199.0502167,203.3071442,183.2897949
38267,B-220-3-05_masks.tif,107,15031,723.3553391,286.859731,68.16532874,4.20829381,0.971356725,81.33100944,3423.455259,2653.71612,8096,0.538620185,189.0510101,189.0079041,173.6989899
38268,B-220-3-05_masks.tif,108,21065,927.3380951,323.6059584,83.56507108,3.87250264,0.966083217,-40.33063291,114.3134583,2758.413292,7081,0.336150012,195.0699005,195.4438629,164.8394318
38269,B-220-3-05_masks.tif,109,31913,1501.823376,576.6430031,73.50522773,7.84492506,0.991842305,-18.73224951,2508.453577,2912.043525,23696,0.742518723,201.3946686,203.7997131,190.547226
38270,B-220-3-05_masks.tif,110,19944,981.6396103,381.9243075,67.78477459,5.634367154,0.984124007,-18.98322081,4675.573456,2820.722724,15204,0.762334537,189.1489716,192.1548309,175.3566132
38271,B-220-3-05_masks.tif,111,14581,799.4386002,280.8360551,67.26820619,4.174870582,0.970889362,-47.76150888,2161.848982,2740.975585,13983,0.958987724,197.7250977,203.881424,199.0339661
38272,B-220-3-05_masks.tif,112,9063,655.3553391,265.367717,47.08687768,5.635704257,0.9841316,13.16876515,5375.086506,2805.405826,0,0,,,
38273,B-220-3-05_masks.tif,113,20518,954.3259018,376.8563536,69.95359654,5.387233426,0.982620841,-12.88481747,4567.431475,2873.633151,2200,0.107222926,184.6100006,181.2640839,127.9481812
38274,B-220-3-05_masks.tif,114,19738,1060.066017,382.9153619,75.23146867,5.089829677,0.980509791,-39.63214647,3411.572702,2816.354646,13619,0.689988854,199.3474579,203.3027344,186.0667419
38275,B-220-3-05_masks.tif,115,20033,814.6690476,311.4381525,82.89507369,3.757016414,0.963926474,-75.52099099,1407.492737,2744.517546,15807,0.789048071,198.2019958,201.2338257,187.489151
38276,B-220-3-05_masks.tif,116,4571,325.2132034,111.8386707,53.58297514,2.087205318,0.877755114,88.8084505,4347.016189,2720.807701,2214,0.484357909,176.8383026,182.9119263,179.2330627
38277,B-220-3-05_masks.tif,117,18955,806.4264069,312.7424248,77.94724295,4.01223203,0.968442308,13.3619353,1245.429596,2869.586178,14186,0.748404115,199.2025909,199.6375275,187.5748596
38278,B-220-3-05_masks.tif,118,19418,829.5979797,330.8402021,77.29351057,4.280310205,0.972326073,-80.48924158,3013.062159,2764.209393,13856,0.713564734,198.1295471,199.7183228,184.0383911
38279,B-220-3-05_masks.tif,119,18953,992.7523087,356.3634274,68.4790082,5.20398056,0.981363493,-57.08931345,340.8627658,2824.639688,9356,0.493642167,199.7533112,201.0509796,186.3363647
38280,B-220-3-05_masks.tif,120,21156,1093.480231,396.8169265,71.55860769,5.545341634,0.983605884,-57.68128207,1477.55762,2826.81107,13234,0.625543581,201.2749023,205.4393921,190.0649872
38281,B-220-3-05_masks.tif,121,9220,726.3675324,257.1002757,47.3768477,5.426707098,0.982874948,38.90018785,4385.691649,2864.604881,0,0,,,
38282,B-220-3-05_masks.tif,122,24869,1126.894444,386.3561486,83.99064347,4.59999034,0.976084434,-32.43244935,4705.816237,2944.938598,19928,0.801318911,191.8001862,192.9651184,176.5891724
38283,B-220-3-05_masks.tif,123,25390,1308.592929,482.7602805,68.62941182,7.034305959,0.989843629,52.83547639,1120.365223,2937.790902,15544,0.612209531,190.6929932,191.8342743,184.0475464
38284,B-220-3-05_masks.tif,124,21586,1027.095454,377.4397849,73.60522607,5.127893834,0.980800889,62.42106774,4988.885111,2883.71551,16998,0.787454832,188.4224548,189.6589661,177.5030518
38285,B-220-3-05_masks.tif,125,21760,976.4091629,337.9521415,84.07643474,4.019582211,0.968559487,-38.50637155,2624.33989,3009.050506,18702,0.859466912,202.416214,204.9239044,190.3486786
38286,B-220-3-05_masks.tif,126,34187,1236.568542,496.0562879,90.16426895,5.501694781,0.98334252,9.843078058,2307.212917,3165.6728,27261,0.797408372,196.8103485,198.7004547,182.996582
38287,B-220-3-05_masks.tif,127,6232,367.7989899,131.8475885,60.79695474,2.168654483,0.887340171,-84.2503323,4360.945443,2964.456996,5279,0.847079589,188.3676758,189.3318787,174.8817902
38288,B-220-3-05_masks.tif,128,15381,774.1837662,314.4515031,66.16227793,4.752730906,0.977614234,-85.19596727,4339.503283,3024.516546,10540,0.685261036,189.03862,189.1887054,178.3214417
38289,B-220-3-05_masks.tif,129,10654,668.8111832,229.3315005,70.42429287,3.25642603,0.95168205,48.26934477,67.6539328,3150.620049,7421,0.696545898,189.7944946,192.0928497,194.027359
38290,B-220-3-05_masks.tif,130,16057,884.2670273,307.5175792,68.27223249,4.504284802,0.9750442,-37.04699656,4964.101327,3171.62247,9866,0.614436071,184.5731812,187.6928864,170.1667328
38291,B-220-3-05_masks.tif,131,23709,1156.769553,467.5690222,69.10553301,6.766014266,0.989017643,88.17310663,2907.512464,3106.78814,17540,0.73980345,196.7595825,197.9164124,183.9332886
38292,B-220-3-05_masks.tif,132,12782,881.2964646,329.5944349,50.6633103,6.505584277,0.988115366,23.56363687,4315.497496,3250.497575,0,0,,,
38293,B-220-3-05_masks.tif,133,20042,806.1837662,316.3140518,82.04645341,3.855304387,0.965774568,-2.492550847,931.733809,3254.32846,15515,0.774124339,195.8173981,197.1834412,187.3017731
38294,B-220-3-05_masks.tif,134,24579,1167.154329,476.7197326,79.52626583,5.994494116,0.985987409,-89.91066504,3103.044672,3173.802962,10843,0.441148948,201.3991547,203.0836487,195.8456116
38295,B-220-3-05_masks.tif,135,25444,1043.923882,382.7195491,85.42788442,4.480030749,0.974769751,-61.84679825,1470.38347,3242.26859,22606,0.888460934,205.3370361,208.4988098,198.5183563
38296,B-220-3-05_masks.tif,136,26839,1331.178716,481.4657643,74.55075169,6.458228165,0.987939367,-55.56389324,3134.794255,3427.860203,21252,0.791832781,199.0125122,202.9463654,191.3039246
38297,B-220-3-05_masks.tif,137,22355,910.0832611,362.0296952,79.27048073,4.567017783,0.975733552,-78.27577811,1463.053635,3384.373921,16843,0.753433236,198.0601501,202.204483,191.5482941
38298,B-220-3-05_masks.tif,138,20497,967.5391052,366.6470144,72.17794651,5.079765111,0.98043171,69.12948646,522.819437,3522.439235,15544,0.758354881,189.7960052,193.1794891,185.454071
38299,B-220-3-05_masks.tif,139,10387,593.7401154,207.2847455,68.86222894,3.010137033,0.943205169,40.56736989,1588.454318,3578.096948,8192,0.788678155,189.0631104,189.8682861,188.1583252
38300,B-220-3-05_masks.tif,140,21851,926.7695526,387.5606171,74.54685526,5.1988862,0.981326604,-83.30707895,4459.819642,3539.621802,14442,0.66093085,185.8457336,187.6017914,175.3993835
38301,B-220-3-05_masks.tif,141,24593,1038.183766,425.6707362,75.31868589,5.651595366,0.984221426,86.44272613,3721.741146,3545.889928,18252,0.742162404,189.3086243,191.5033417,180.8219299
38302,B-220-3-05_masks.tif,142,21030,980.1837662,420.603396,64.5044832,6.520529662,0.98817011,88.63356993,4983.201236,3568.026343,16816,0.799619591,182.3836212,185.2956696,173.9977417
38303,B-220-3-05_masks.tif,143,14014,778.627417,339.4654589,55.5009445,6.116390665,0.986544144,87.99785557,4892.061581,3623.240831,10284,0.733837591,182.8456879,180.003891,171.4315491
38304,B-220-3-06_masks.tif,1,2654,260.1421356,91.34261991,39.60086452,2.30658146,0.901133348,-83.93597585,43.15410701,23.10324039,2544,0.958553127,176.6312866,184.1238251,120.9850616
38305,B-220-3-06_masks.tif,2,16795,951.0954544,341.4902893,64.79856704,5.270028411,0.981831995,35.01405813,316.9158083,133.034415,13382,0.796784757,184.3083191,185.8967285,166.7860565
38306,B-220-3-06_masks.tif,3,17864,907.0954544,324.4641307,74.67383439,4.345084638,0.973156322,38.07490555,526.3850761,114.0150022,15463,0.865595611,190.5874023,189.8144531,174.3946228
38307,B-220-3-06_masks.tif,4,3468,398.0416306,151.8786623,35.78519743,4.244175616,0.971845986,66.09854823,571.8915802,31.86908881,1727,0.497981546,175.7544861,187.1696625,182.4174805
38308,B-220-3-06_masks.tif,5,18621,936.1665222,327.2940531,74.87900593,4.370972198,0.973477669,47.03841281,947.5098545,108.7602707,12245,0.657590892,183.7113953,183.5703583,166.2594604
38309,B-220-3-06_masks.tif,6,17271,1101.379726,402.9547306,56.89730999,7.082140274,0.989981055,36.1472594,535.4672573,213.7618551,11051,0.639858723,195.1502075,194.2554474,188.4747009
38310,B-220-3-06_masks.tif,7,16654,928.509668,339.9044571,65.33390217,5.202573944,0.981353319,35.44037702,448.1644049,187.8225051,10481,0.629338297,188.8127136,189.611969,179.5135956
38311,B-220-3-06_masks.tif,8,9272,479.0121933,157.1307274,75.49441516,2.081355648,0.877018782,40.27028861,224.300151,125.0534944,5034,0.542924935,175.5840302,173.1807709,169.7391663
38312,B-220-3-06_masks.tif,9,23370,1226.936075,428.1338578,73.68442939,5.810370812,0.985078426,41.71577179,4353.933847,273.0191271,13890,0.594351733,190.047226,189.5105133,173.4745789
38313,B-220-3-06_masks.tif,10,20789,906.8528137,318.5347709,86.76820937,3.671099972,0.962184687,55.2832735,4846.124778,190.7441435,17117,0.823368127,192.847229,193.4723358,182.4722137
38314,B-220-3-06_masks.tif,11,9935,469.5979797,144.0821824,88.35296405,1.630756636,0.789918158,49.37782911,181.2962255,220.9848012,7925,0.797684952,190.6584167,192.87117,181.2805023
38315,B-220-3-06_masks.tif,12,20298,1003.4386,376.4729827,72.66793105,5.18073072,0.981194239,-63.61446696,5291.71411,289.0096069,14143,0.696768154,194.2763214,199.1607819,181.4412842
38316,B-220-3-06_masks.tif,13,6446,385.1126984,123.0315198,67.64025936,1.81890964,0.835309546,69.38209966,171.2469749,299.9191747,0,0,,,
38317,B-220-3-06_masks.tif,14,11173,476.0416306,169.5792302,84.4848441,2.007214809,0.867060545,-89.46788242,338.0733017,320.4675557,10317,0.923386736,192.5774994,193.5136108,183.2748871
38318,B-220-3-06_masks.tif,15,9626,525.5979797,184.3970138,68.78361293,2.680827685,0.927823653,-20.4787852,582.8790775,449.0998338,7500,0.77913983,195.0599976,196.1422729,175.6094666
38319,B-220-3-06_masks.tif,16,8819,492.5269119,174.5151798,65.01259789,2.68432866,0.928019097,-72.32648686,286.6818233,421.1535321,5884,0.667195827,188.3990479,191.1148834,163.2902832
38320,B-220-3-06_masks.tif,17,15608,805.0121933,324.9714443,62.43056756,5.205325805,0.981373216,12.21271844,489.1371732,564.1086622,6510,0.417093798,184.4788055,182.1999969,165.3291931
38321,B-220-3-06_masks.tif,18,16134,861.3380951,310.5628946,66.90613909,4.641769781,0.976518167,-43.81226488,4461.160469,526.2301351,12797,0.793169704,199.8662262,201.9826508,180.4997253
38322,B-220-3-06_masks.tif,19,15857,771.5979797,308.7561877,66.22491417,4.662236133,0.976726327,-9.504087619,673.4782746,626.7389166,14919,0.940846314,195.6408539,196.3907166,178.8987885
38323,B-220-3-06_masks.tif,20,7030,488.0832611,164.418175,57.18133032,2.875382124,0.937576219,-50.39703728,166.0523471,548.8812233,3105,0.441678521,197.2518463,198.0682831,150.6425171
38324,B-220-3-06_masks.tif,21,3199,242.7279221,72.96184912,56.89934645,1.282296787,0.625965608,-33.27522284,261.8796499,605.6323851,3109,0.971866208,194.516571,190.8871002,146.8848572
38325,B-220-3-06_masks.tif,22,25723,1027.4386,380.4808947,88.30889806,4.308522732,0.97269238,-63.75766784,4482.457412,722.130739,14614,0.568129689,195.2319031,194.4793396,170.5048523
38326,B-220-3-06_masks.tif,23,19905,999.2375901,345.8420722,75.60871722,4.574103158,0.975809603,-51.82189604,2851.927908,757.8607385,16825,0.845265009,203.1396179,205.1393127,184.2828522
38327,B-220-3-06_masks.tif,24,13973,783.254834,304.0527571,61.08871929,4.977232469,0.979608706,-13.55332948,3164.724325,807.5254419,5767,0.41272454,196.205307,193.4277802,168.2356567
38328,B-220-3-06_masks.tif,25,4768,354.8700577,117.1816651,53.53756973,2.188774457,0.889530046,-65.40596325,314.517198,707.4794463,2326,0.48783557,189.5894165,187.1199493,124.9208908
38329,B-220-3-06_masks.tif,26,19146,942.8111832,367.5959195,68.53788623,5.363397381,0.982464644,71.05327416,2079.193565,770.6216964,12313,0.643110833,195.6132507,196.1772156,183.0631104
38330,B-220-3-06_masks.tif,27,8677,625.3969696,227.8235113,50.1393057,4.543810651,0.975481918,-34.6874211,3074.197879,813.6443471,7070,0.814797741,198.9031067,200.0783539,177.4059448
38331,B-220-3-06_masks.tif,28,26653,1211.296465,454.617778,79.06362684,5.750024331,0.984761143,-75.96464743,4344.945672,865.1659851,13639,0.511724759,200.0190582,201.0208282,180.1717834
38332,B-220-3-06_masks.tif,29,18468,940.7695526,390.1911527,64.77739782,6.023569422,0.986123308,86.42866901,2095.84622,846.1175005,10472,0.567034871,191.4531097,192.091095,182.8576202
38333,B-220-3-06_masks.tif,30,22506,1050.911688,421.947705,71.02658525,5.940700985,0.985730647,-79.51929031,4536.641962,882.8601706,7379,0.327868124,206.4045258,208.4653778,182.8717957
38334,B-220-3-06_masks.tif,31,26732,1053.497475,427.2841105,81.21111721,5.261399241,0.981771798,10.76423006,3861.362075,1069.089406,17671,0.661042945,189.5657806,189.5241852,174.1622925
38335,B-220-3-06_masks.tif,32,20372,960.7695526,405.0876177,66.97589841,6.048259558,0.98623716,-6.63418337,3752.472315,1090.305517,13812,0.677989397,200.5697937,199.980011,183.6907043
38336,B-220-3-06_masks.tif,33,21770,981.9411255,402.8695788,70.1973442,5.739100011,0.984702623,-5.620251518,2951.427056,1127.435186,6531,0.3,197.9356842,197.26474,167.6239471
38337,B-220-3-06_masks.tif,34,11879,625.4558441,248.8146623,62.60922093,3.974089735,0.967823521,87.86404493,4035.119034,959.9743244,0,0,,,
38338,B-220-3-06_masks.tif,35,23747,1023.923882,368.4960385,83.06781166,4.436086989,0.97426078,-27.6608276,4244.623826,1090.482882,14504,0.610771887,197.3942413,198.1895294,174.7237244
38339,B-220-3-06_masks.tif,36,23099,885.9827561,332.9562117,89.27329655,3.729628283,0.963384623,-18.24894309,4490.668644,1101.918395,16223,0.702324776,197.503479,198.576767,176.4399872
38340,B-220-3-06_masks.tif,37,22530,1099.379726,400.4055072,73.04145687,5.481893768,0.983220938,-48.86983818,1709.927474,1108.603862,20379,0.904527297,203.0457306,204.7650452,188.2162476
38341,B-220-3-06_masks.tif,38,16722,819.0538239,302.8595114,71.71222295,4.223262074,0.971562369,-24.2370837,3447.686102,1193.126779,8750,0.523262768,203.0814819,201.1212616,166.1494904
38342,B-220-3-06_masks.tif,39,18906,930.8528137,336.1849198,72.336502,4.647514194,0.976576875,-59.07337824,2440.502274,1229.220248,15127,0.800116365,202.5312347,205.5664063,187.2675934
38343,B-220-3-06_masks.tif,40,22467,936.4264069,378.1015945,76.73720819,4.927226354,0.979188285,80.84425043,4705.841278,1188.428451,12914,0.574798593,196.9538422,196.4841309,178.4105682
38344,B-220-3-06_masks.tif,41,26939,1068.183766,439.7270507,81.69588702,5.382487011,0.982589905,89.81742203,1993.518282,1190.793571,17720,0.657782397,195.461731,193.2832336,173.7314911
38345,B-220-3-06_masks.tif,42,6238,409.1126984,144.4660142,55.89042466,2.584807955,0.922131774,25.95372834,1162.138185,1259.160308,0,0,,,
38346,B-220-3-06_masks.tif,43,14615,845.3553391,348.6875227,55.84740016,6.243576634,0.987090319,84.84043859,5190.770647,1224.235511,0,0,,,
38347,B-220-3-06_masks.tif,44,14103,673.8406204,256.8930068,70.5044457,3.64364267,0.961601194,12.10404707,4232.84755,1342.726796,3647,0.258597462,188.1911163,187.4228058,153.499588
38348,B-220-3-06_masks.tif,45,12073,737.8406204,278.6148178,56.46335065,4.93443649,0.979249705,76.89790231,1748.086474,1265.521577,2835,0.234821503,175.2074127,176.9844818,167.9185181
38349,B-220-3-06_masks.tif,46,20884,969.0121933,391.4322872,69.28629288,5.649490988,0.984209575,79.85443617,4719.077284,1264.494829,10859,0.519967439,189.1642914,188.2012177,175.620224
38350,B-220-3-06_masks.tif,47,16936,871.9238816,321.2690106,68.22930844,4.708665791,0.977188375,-48.51595065,1506.256731,1353.62872,9949,0.587446859,199.6029816,199.372406,173.9207916
38351,B-220-3-06_masks.tif,48,10326,648.3259018,221.4529937,64.95605035,3.409274309,0.956015069,69.75800523,2079.876041,1322.212473,392,0.037962425,229.7831573,216.9464264,221.288269
38352,B-220-3-06_masks.tif,49,8662,596.3259018,218.6757776,51.39896764,4.25447801,0.971984136,30.64354636,1275.689679,1381.336066,0,0,,,
38353,B-220-3-06_masks.tif,50,20089,822.3675324,288.0950811,90.16268748,3.195280545,0.949765792,-55.93293854,1820.295784,1387.592862,15565,0.774802131,199.895401,201.1876068,186.9607391
38354,B-220-3-06_masks.tif,51,22026,1112.166522,398.2618731,75.10487803,5.302743091,0.982057516,62.6433726,2140.775039,1411.307092,13254,0.601743394,195.1679535,192.9670258,177.9241028
38355,B-220-3-06_masks.tif,52,17229,852.2670273,286.5157796,78.80297564,3.635849754,0.961433108,-53.76035587,4571.378142,1417.592605,7143,0.414591677,197.6320801,196.4346924,169.4899902
38356,B-220-3-06_masks.tif,53,7393,541.254834,199.741486,48.64105337,4.106438331,0.969895867,26.60307094,2034.744353,1443.170161,0,0,,,
38357,B-220-3-06_masks.tif,54,27864,1221.923882,459.8528731,82.97789098,5.541872271,0.98358518,67.15376579,3685.955606,1494.489162,20166,0.723729543,196.8389893,197.3834229,185.1641388
38358,B-220-3-06_masks.tif,55,14208,829.0954544,281.0312934,68.8597141,4.081214931,0.969516741,43.20337042,1661.753941,1524.111768,9689,0.681939752,196.1555328,195.3852844,179.7492065
38359,B-220-3-06_masks.tif,56,23077,1062.610173,387.1804103,78.67179927,4.921463777,0.979139,21.7243592,4734.624388,1615.228496,0,0,,,
38360,B-220-3-06_masks.tif,57,31952,1494.007143,553.7555561,76.06042876,7.280468506,0.990522051,60.56579958,1670.09555,1623.505727,22061,0.690441913,188.9456482,188.8865814,178.4290314
38361,B-220-3-06_masks.tif,58,25056,1055.580736,383.4224832,84.09999904,4.559125893,0.975648419,-60.11766933,3240.438418,1582.960568,19249,0.768239144,205.1535645,206.0411987,190.3820953
38362,B-220-3-06_masks.tif,59,12005,738.7106781,270.3483541,57.85121809,4.67316615,0.976836358,35.27771009,3670.351104,1637.203499,0,0,,,
38363,B-220-3-06_masks.tif,60,18543,988.9949494,358.8588219,70.26163094,5.107465015,0.980645478,37.90869373,4487.154452,1681.83185,12284,0.662460228,182.6147766,185.6826019,174.305191
38364,B-220-3-06_masks.tif,61,19635,841.6396103,318.6523634,78.93486771,4.036902483,0.968833029,-67.918675,4010.094983,1650.029743,16625,0.846702317,201.7103119,201.7276459,188.7823181
38365,B-220-3-06_masks.tif,62,10698,651.254834,244.4154319,58.39802862,4.185337034,0.971036945,17.60031519,983.1238549,1729.517854,6153,0.575154234,186.3760834,186.16008,168.2944946
38366,B-220-3-06_masks.tif,63,19603,905.0121933,360.8620214,74.14196965,4.867176082,0.978665945,-86.20665129,4209.872009,1663.429118,8959,0.457021884,190.8491974,189.2565002,168.681778
38367,B-220-3-06_masks.tif,64,11791,665.5979797,253.4673969,68.21039013,3.715964627,0.963109691,71.73966636,5344.990925,1690.720041,0,0,,,
38368,B-220-3-06_masks.tif,65,25261,974.8111832,357.519753,92.37243632,3.870415973,0.966045993,-15.50211312,4646.157199,1830.253988,15513,0.614108705,195.6101379,195.8758392,178.3500366
38369,B-220-3-06_masks.tif,66,30868,1381.882251,548.0626069,74.13381727,7.392882588,0.990809425,-12.22319107,4853.024783,1931.303032,16825,0.545062848,189.9002075,191.1889496,174.2137299
38370,B-220-3-06_masks.tif,67,17557,922.9116882,372.2370803,62.83209057,5.924314741,0.985651027,13.80829954,3692.39574,1848.121775,10221,0.582160961,196.4334259,196.0441284,176.7524719
38371,B-220-3-06_masks.tif,68,20836,875.3969696,329.4296407,81.66402266,4.033962937,0.968786858,-69.71509028,3483.230898,1776.819591,13089,0.628191591,197.1072693,198.1594543,179.0536346
38372,B-220-3-06_masks.tif,69,29138,1204.308658,421.0037566,93.52920645,4.501307908,0.975010757,55.48457548,4336.30534,1822.165282,18105,0.621353559,184.0242462,182.1690674,169.5373077
38373,B-220-3-06_masks.tif,70,27513,1143.882251,438.7281416,81.42328208,5.388239462,0.982627388,-15.5840605,3890.073674,1971.292335,20008,0.72721986,198.5076904,199.3344116,181.0014496
38374,B-220-3-06_masks.tif,71,18595,916.8111832,359.5602617,67.14670847,5.354845679,0.982408089,-71.34311856,1428.836246,1813.074644,9533,0.512664695,202.6460724,205.2394867,189.0478363
38375,B-220-3-06_masks.tif,72,18602,844.9116882,317.6532143,76.19957256,4.168700737,0.970801832,76.16358268,4181.859477,1837.827062,12877,0.692237394,191.0402985,191.9599304,176.5370026
38376,B-220-3-06_masks.tif,73,25071,1144.124892,444.1169219,81.42146799,5.45454329,0.983050793,-15.81920838,4655.702445,2040.196761,9275,0.369949344,195.4894867,196.2836609,174.8601685
38377,B-220-3-06_masks.tif,74,16105,766.2253967,263.2257898,87.39049395,3.012064332,0.943280012,-57.29165901,5353.505619,1978.7466,12298,0.763613785,197.9591064,203.2809448,177.3229828
38378,B-220-3-06_masks.tif,75,19531,1118.083261,462.4104319,55.98384535,8.25971187,0.992644021,82.50477587,4280.042599,1955.563514,0,0,,,
38379,B-220-3-06_masks.tif,76,27153,1369.279221,495.6291229,79.23050456,6.255534099,0.987139947,29.90416912,1898.99315,2185.729496,12162,0.447906309,193.1564636,191.8693542,173.3401642
38380,B-220-3-06_masks.tif,77,27112,1341.421356,486.5415549,77.23014722,6.29989159,0.987321563,-39.06773767,2193.539724,2185.881897,21885,0.807207141,203.196167,205.9942474,189.0693665
38381,B-220-3-06_masks.tif,78,19007,926.1665222,325.904912,78.25050868,4.164891929,0.970747599,44.25791586,4105.108644,2125.265323,10683,0.562056085,193.7078552,192.9189301,178.0783539
38382,B-220-3-06_masks.tif,79,23623,1135.095454,411.6573439,74.82191648,5.501828384,0.983343336,-68.02041934,5225.239639,2106.038395,10865,0.459933116,194.3916321,194.4121552,168.0093842
38383,B-220-3-06_masks.tif,80,21376,1073.497475,462.6225097,60.45138742,7.652802183,0.991425774,-81.34589886,1092.613211,2114.011649,18528,0.866766467,202.8224792,204.1906281,192.4913635
38384,B-220-3-06_masks.tif,81,24424,1143.622366,416.5647461,75.959263,5.484054606,0.983234271,-52.63484846,2350.950622,2189.93748,20921,0.8565755,205.6856232,208.0351868,195.5884552
38385,B-220-3-06_masks.tif,82,23995,1236.936075,426.249842,73.6796066,5.785180753,0.984947204,-41.14199142,631.1334028,2250.181204,19468,0.811335695,201.5600433,204.5879364,192.132019
38386,B-220-3-06_masks.tif,83,19153,914.4264069,372.6611806,68.81899509,5.415091866,0.98280076,-82.86124469,506.1026471,2131.266486,12264,0.640317444,194.4132385,196.6205139,180.6422882
38387,B-220-3-06_masks.tif,84,17517,933.8406204,376.1383636,68.83997737,5.463952459,0.983109619,-81.92551961,1088.350802,2167.562996,1792,0.102300622,207.6707611,196.0798035,200.8990021
38388,B-220-3-06_masks.tif,85,7762,486.8700577,186.604443,54.40615667,3.429840562,0.956552926,81.15537623,209.2876836,2175.349781,0,0,,,
38389,B-220-3-06_masks.tif,86,23452,1219.622366,444.0624569,68.90790982,6.444288588,0.987886814,-58.06504434,4959.538803,2306.587413,12097,0.515819546,196.6675262,199.3410797,183.5260773
38390,B-220-3-06_masks.tif,87,13570,731.5979797,294.7895472,62.22960521,4.737127067,0.977464813,-77.6275088,122.4887988,2252.662122,7583,0.55880619,190.6207275,194.5793152,170.8464966
38391,B-220-3-06_masks.tif,88,10550,744.2253967,266.6169532,51.67147695,5.159847733,0.981040236,65.21935433,1036.953839,2283.821043,1801,0.1707109,194.6535187,190.3858948,192.4852905
38392,B-220-3-06_masks.tif,89,17893,920.6101731,333.1098968,70.05607365,4.754903886,0.977634923,62.27618469,1177.598614,2297.177276,12974,0.725088023,198.3022919,198.3752899,187.3241882
38393,B-220-3-06_masks.tif,90,14361,787.3969696,295.3495061,63.65729573,4.639680381,0.976496758,65.68642191,4614.4421,2319.361813,0,0,,,
38394,B-220-3-06_masks.tif,91,22225,938.7695526,381.0692206,77.90466031,4.891481705,0.978879717,89.24184375,4269.87604,2324.613543,7804,0.351136108,186.9990997,185.5675354,160.2480774
38395,B-220-3-06_masks.tif,92,15206,762.4680374,282.6391674,69.73799041,4.052872268,0.969082074,-30.46513883,2452.737604,2437.920755,8714,0.573063265,198.9762421,200.6959991,176.5304108
38396,B-220-3-06_masks.tif,93,20627,873.0121933,335.585523,79.0649581,4.244428013,0.971849383,-81.72312207,2280.401464,2364.603093,14593,0.707470791,202.0547485,202.4818726,187.3191986
38397,B-220-3-06_masks.tif,94,20234,1131.865007,395.4849757,68.16749251,5.801665297,0.985033272,-42.20177064,2512.985075,2492.58886,6969,0.344420283,202.6109924,203.9499207,178.1287079
38398,B-220-3-06_masks.tif,95,13081,731.9827561,272.0198604,62.82563685,4.329758902,0.972963307,67.44534378,4254.6222,2409.596208,0,0,,,
38399,B-220-3-06_masks.tif,96,12348,792.9533188,290.5643819,58.82599597,4.939387377,0.979291721,31.02890904,4156.100907,2482.912536,0,0,,,
38400,B-220-3-06_masks.tif,97,10969,687.882251,242.5447716,58.65476695,4.135124632,0.970318464,45.57251136,4231.840095,2477.820038,0,0,,,
38401,B-220-3-06_masks.tif,98,26993,1471.663997,538.7184747,72.72857976,7.407245906,0.990845197,31.12164408,5217.2584,2632.359204,20168,0.74715667,187.3009644,189.6893616,177.0332184
38402,B-220-3-06_masks.tif,99,26607,1363.421356,502.6983806,69.22161221,7.262159382,0.99047397,-55.70967748,3713.547901,2557.554516,15076,0.566617807,199.06427,200.9920349,183.4440155
38403,B-220-3-06_masks.tif,100,23914,1094.911688,463.9495178,67.55919727,6.867303588,0.989340955,78.87685079,3443.645731,2464.381492,18326,0.766329347,196.3349915,195.2967377,177.8134918
38404,B-220-3-06_masks.tif,101,19287,947.254834,383.0846461,66.06508022,5.798595034,0.985017298,81.91691328,3386.781252,2513.151812,11023,0.571524861,193.6706848,191.6419373,183.9873047
38405,B-220-3-06_masks.tif,102,7918,548.1837662,199.5559631,51.79598419,3.852730405,0.965728009,19.32836608,4450.758272,2601.013008,0,0,,,
38406,B-220-3-06_masks.tif,103,23389,954.3675324,332.0043771,92.6268127,3.584322589,0.960293209,-67.05922714,3510.21493,2600.58985,7332,0.313480696,199.3308716,197.1587524,167.2785034
38407,B-220-3-06_masks.tif,104,15637,1090.551299,395.9469937,52.36630195,7.561102827,0.991215614,54.86300906,5095.071433,2688.819275,0,0,,,
38408,B-220-3-06_masks.tif,105,33023,1496.048773,511.0821699,86.91897461,5.879983884,0.985432244,46.61357289,2057.079369,2787.813039,23062,0.698361748,186.9350433,186.5401917,175.4874268
38409,B-220-3-06_masks.tif,106,28216,1226.367532,471.1131679,78.59697612,5.994036809,0.985985256,74.80918968,596.1322654,2692.80667,21317,0.755493337,192.2393341,194.1401672,182.697464
38410,B-220-3-06_masks.tif,107,11863,726.8700577,292.2970661,52.92076099,5.52329673,0.983473655,2.391995116,4312.939391,2786.43623,0,0,,,
38411,B-220-3-06_masks.tif,108,19209,908.5685425,343.6392904,92.91559165,3.698402866,0.962751722,8.447355596,2941.155916,2811.42074,13608,0.708417929,195.57724,195.6971588,174.3620605
38412,B-220-3-06_masks.tif,109,15819,863.3380951,316.7862569,64.06979199,4.944393403,0.979334074,-48.25160483,267.2433782,2786.006448,13301,0.840824325,198.4191437,203.7739258,185.4103394
38413,B-220-3-06_masks.tif,110,16692,797.6396103,292.9868642,73.67695133,3.976642069,0.967865497,24.36700455,452.8138629,2821.637132,11865,0.710819554,193.3421783,193.4229279,185.4014282
38414,B-220-3-06_masks.tif,111,16795,826.0832611,314.1772487,71.44390789,4.397537284,0.973801437,-11.21221578,3085.579339,2868.811968,4106,0.244477523,188.6989746,188.0275269,151.7917633
38415,B-220-3-06_masks.tif,112,22042,968.1665222,332.1962825,86.25445734,3.851352067,0.965703038,51.76813575,578.8747845,2832.105753,18213,0.826286181,194.1013489,194.3672638,181.8368225
38416,B-220-3-06_masks.tif,113,12647,665.2964646,230.6917476,70.87737823,3.254800804,0.951632558,-48.08201378,2512.416858,2824.393374,7131,0.563849134,200.9193726,204.8493958,184.272049
38417,B-220-3-06_masks.tif,114,22301,1157.722871,409.2334788,81.75721953,5.005472069,0.979840502,43.45539829,2112.948971,2999.180754,14030,0.62911977,190.0144653,188.9697723,179.8694153
38418,B-220-3-06_masks.tif,115,23401,903.254834,346.3584233,88.81999262,3.899554741,0.966560275,-6.113251486,1900.380368,3041.847827,13034,0.556984744,194.8783112,194.3075104,174.1407928
38419,B-220-3-06_masks.tif,116,20450,1147.279221,396.9053822,69.46567304,5.713690876,0.984565195,47.10139819,163.963912,3031.42401,12082,0.590806846,194.7750397,196.8912506,185.4279022
38420,B-220-3-06_masks.tif,117,14516,729.254834,285.8834429,65.9647529,4.333881813,0.973015437,-15.99746406,1509.310278,3016.973615,10869,0.748759989,197.4888153,199.652771,186.123291
38421,B-220-3-06_masks.tif,118,23408,1019.23759,355.3654268,85.80699066,4.141450762,0.970410455,48.40075982,2220.726846,3009.928742,18718,0.799641148,202.133667,202.1787567,196.1893921
38422,B-220-3-06_masks.tif,119,19887,1035.681241,386.0743897,67.68721847,5.703800487,0.984511199,65.03751877,4205.161211,2963.192236,13138,0.660632574,185.9677277,184.02565,167.5779419
38423,B-220-3-06_masks.tif,120,14776,775.4386002,278.6924826,68.11734167,4.091358761,0.969670071,43.43524505,1667.497834,3014.317813,10736,0.726583649,191.6277924,192.4051819,183.4775543
38424,B-220-3-06_masks.tif,121,24318,1022.426407,410.7710302,77.79700481,5.280036567,0.981901437,87.05262623,3492.140678,2958.684226,18588,0.76437207,196.403595,196.0513763,184.2505341
38425,B-220-3-06_masks.tif,122,22280,1011.012193,411.9122119,71.4815997,5.762492916,0.984827525,82.98225104,2477.064677,2978.130476,14327,0.643043088,194.4112549,195.5273895,182.0524139
38426,B-220-3-06_masks.tif,123,28921,1323.480231,497.4750534,80.69262212,6.165062435,0.986757187,-24.65123567,3953.422046,3147.399122,15472,0.534974586,198.1460724,200.4749908,180.4956665
38427,B-220-3-06_masks.tif,124,18890,809.3969696,298.4193573,86.84201802,3.436347567,0.95672103,-63.05654835,5326.756008,3017.991265,14947,0.79126522,190.1006927,193.8088531,173.2791138
38428,B-220-3-06_masks.tif,125,19766,859.5391052,315.3491706,82.72966267,3.811802931,0.964974676,28.500715,684.5252454,3095.926338,12766,0.645856521,186.7229309,187.3610382,183.3542938
38429,B-220-3-06_masks.tif,126,11298,543.7989899,219.1128263,68.07904192,3.218506314,0.950507003,-82.99755467,3222.100814,3012.987431,4208,0.372455302,185.1551819,183.3688202,158.6490021
38430,B-220-3-06_masks.tif,127,30596,1367.663997,471.0226557,86.54141725,5.442742569,0.982976579,42.41195428,210.0680808,3176.551412,22118,0.722904955,192.1875916,193.0594482,186.108017
38431,B-220-3-06_masks.tif,128,24316,988.0832611,386.1824491,82.78088017,4.66511649,0.9767554,-83.26975792,3443.776279,3033.77813,12353,0.508019411,200.930542,200.5833435,182.7166748
38432,B-220-3-06_masks.tif,129,25640,1048.267027,384.5992662,86.97080115,4.422165384,0.974096306,24.3320008,1068.528276,3179.304212,19880,0.775351014,192.8395844,193.7373199,180.4148865
38433,B-220-3-06_masks.tif,130,25641,1168.526912,508.4962424,65.65102668,7.74544235,0.991630514,0.70261741,2401.637417,3258.551071,15598,0.608322608,190.3561401,192.48526,180.6591797
38434,B-220-3-06_masks.tif,131,24362,1133.379726,409.1950931,78.14416621,5.236412556,0.981595788,51.54753225,3276.912733,3171.572654,11274,0.462769888,192.0412445,189.4184875,170.6377563
38435,B-220-3-06_masks.tif,132,22339,979.5807358,338.1476697,85.47276073,3.956203905,0.967527034,36.56230373,3160.901249,3197.221854,7958,0.356237969,200.7368622,198.7537079,185.356369
38436,B-220-3-06_masks.tif,133,17451,981.0954544,339.2233422,69.20942133,4.90140411,0.97896606,31.69250344,1205.827345,3256.711478,10708,0.613603805,192.434906,192.820694,180.5146637
38437,B-220-3-06_masks.tif,134,27421,1054.752309,374.4718191,94.90613956,3.945706999,0.967351107,58.08987984,898.3223807,3239.532585,21456,0.782465993,195.3682861,195.946167,188.5414734
38438,B-220-3-06_masks.tif,135,23033,1174.509668,435.4052917,68.22057321,6.382316524,0.987648957,21.45769828,2232.309947,3340.406373,15879,0.689402162,197.818573,198.2326355,187.8014374
38439,B-220-3-06_masks.tif,136,27392,1187.823376,405.2295778,91.42363017,4.432438059,0.974217823,63.78661189,428.6559945,3248.113427,19385,0.707688376,190.0445251,191.9284058,182.9244843
38440,B-220-3-06_masks.tif,137,24451,1009.740115,402.9458003,81.3391385,4.953898059,0.979414131,-75.03347511,1658.387469,3207.888962,19550,0.7995583,201.0304871,203.3933563,188.7307892
38441,B-220-3-06_masks.tif,138,4650,435.5979797,150.5388825,40.93516193,3.677495714,0.96231868,47.28279417,5360.095054,3208.614624,2820,0.606451613,170.6875916,175.8538971,167.2368774
38442,B-220-3-06_masks.tif,139,24916,1267.137085,436.2262002,78.01206097,5.591778948,0.983879267,28.00756083,202.0491652,3382.127749,16543,0.663950875,190.5962677,191.80336,183.0673981
38443,B-220-3-06_masks.tif,140,28220,966.0832611,366.148044,99.23754758,3.689611976,0.96257056,-3.073088696,80.75421687,3389.620234,18229,0.645960312,195.2296906,196.4823608,182.6544495
38444,B-220-3-06_masks.tif,141,12202,640.0832611,232.3219389,67.9457563,3.419226623,0.956276596,24.88350749,3298.800033,3307.951975,9591,0.786018685,192.3214417,190.7375641,180.050354
38445,B-220-3-06_masks.tif,142,19814,862.5269119,352.1231635,72.84717333,4.833724459,0.978366365,89.88769636,1720.811245,3285.707732,10829,0.546532755,196.2927399,197.277771,181.0097961
38446,B-220-3-06_masks.tif,143,15668,812.0243866,283.4493788,72.02321769,3.935527846,0.967179128,46.68799123,1993.665305,3367.909369,9761,0.622989533,184.7748108,184.7143707,172.0494843
38447,B-220-3-06_masks.tif,144,21728,1156.793939,406.2732969,74.68181261,5.440056725,0.98295962,-40.58614224,3878.578378,3433.697671,12931,0.595130707,194.2839661,198.0587006,178.7131653
38448,B-220-3-06_masks.tif,145,25536,986.0243866,357.4440013,92.22780393,3.875664236,0.966139499,62.83531431,1636.719886,3372.901629,17301,0.677514098,191.8819733,192.2939758,183.7024994
38449,B-220-3-06_masks.tif,146,23656,1075.823376,376.1575703,84.7932669,4.436172635,0.974261787,34.29980484,328.6095282,3452.10082,11680,0.493743659,199.1488037,201.9440918,191.9209747
38450,B-220-3-06_masks.tif,147,19720,1011.923882,372.3277794,69.35948093,5.368087743,0.982495546,-60.09356905,5137.963895,3380.598834,15129,0.767190669,190.6161041,193.7580109,179.9543915
38451,B-220-3-06_masks.tif,148,8124,465.2132034,179.4776439,58.46137715,3.070020801,0.945462594,82.05377209,506.9806745,3344.378385,0,0,,,
38452,B-220-3-06_masks.tif,149,12044,523.8406204,161.0643162,96.11254522,1.67578869,0.802439154,-37.05609924,3414.415643,3389.323398,7052,0.585519761,198.7443237,198.5639496,182.8197632
38453,B-220-3-06_masks.tif,150,15770,936.7523087,364.4107858,57.65960977,6.320035588,0.98740277,50.69275093,438.6325301,3432.485098,6837,0.433544705,182.0311584,182.5771484,188.0393372
38454,B-220-3-06_masks.tif,151,13287,725.4558441,313.0279003,54.56975425,5.736289353,0.984687512,7.356824091,5390.606608,3486.262211,10636,0.800481674,176.0567017,180.3565216,166.9397278
38455,B-220-3-06_masks.tif,152,6178,396.5269119,131.0185503,60.93975525,2.149968436,0.885246008,-32.67407389,3487.130463,3409.759145,0,0,,,
38456,B-220-3-06_masks.tif,153,19740,877.1959595,319.6682325,79.17650156,4.037412947,0.968841036,30.99056248,660.0059271,3511.450152,13443,0.68100304,187.011673,187.4180603,177.3071442
38457,B-220-3-06_masks.tif,154,11019,594.3259018,215.2337459,65.97190766,3.26250602,0.951866522,-60.18941598,971.844632,3458.08921,8802,0.798802069,197.9185486,201.5979309,184.5086365
38458,B-220-3-06_masks.tif,155,13630,583.2132034,229.8454586,79.35012349,2.896598625,0.938517191,-1.055480606,3243.515774,3553.256053,8565,0.62839325,184.4747162,182.8896637,157.8668976
38459,B-220-3-06_masks.tif,156,11408,569.3553391,214.3103786,68.7001173,3.119505279,0.947226977,-75.66359816,1759.03182,3503.704681,9919,0.86947756,201.970871,204.5040894,190.9274139
38460,B-220-3-06_masks.tif,157,10528,642.8111832,228.1441915,64.02497113,3.56336266,0.959814915,35.8976114,3499.733283,3573.653305,7108,0.675151976,183.4275513,182.3934937,177.7938995
38461,B-220-3-06_masks.tif,158,18783,893.254834,357.0127961,70.13834219,5.090123104,0.98051206,-77.16806943,1113.499547,3523.751744,10635,0.566203482,196.5934143,199.0263214,180.9167786
38462,B-220-3-06_masks.tif,159,5933,442.0416306,164.6412856,53.68662675,3.06670945,0.945341348,-13.25980462,2360.472948,3586.28923,2412,0.406539693,181.8233795,188.0584564,181.1202393
38463,B-220-3-06_masks.tif,160,22963,1043.254834,420.1990542,71.61016064,5.867869174,0.985371582,-79.93318723,4856.019335,3581.184906,18426,0.802421286,184.8613892,188.3450623,178.4408417
38464,B-220-3-06_masks.tif,161,19490,820.1837662,331.4776595,76.1440929,4.353294483,0.973258864,-82.91839994,3832.825911,3599.687737,14239,0.730579785,187.3923798,189.407196,174.2672882
38465,B-220-3-07_masks.tif,1,20181,899.7817459,315.6366448,84.51276706,3.734780622,0.963487492,60.27158256,2615.997374,74.6248947,17135,0.849065953,197.897171,199.4489594,181.5642242
38466,B-220-3-07_masks.tif,2,18158,988.9533188,354.870644,68.19487092,5.203773235,0.981361994,-65.20860031,3665.760271,79.15943386,15207,0.837482102,199.6454926,202.9054413,181.1189575
38467,B-220-3-07_masks.tif,3,10278,658.8700577,268.4609151,50.08449189,5.360160499,0.982443269,82.08482427,1240.798502,305.115684,0,0,,,
38468,B-220-3-07_masks.tif,4,14961,894.509668,312.841727,61.96905697,5.048353844,0.980184973,-33.39201385,3859.721275,470.0683109,14614,0.976806363,204.1620331,206.6761322,185.6590881
38469,B-220-3-07_masks.tif,5,19065,915.254834,367.4947923,67.78942619,5.421122628,0.982839339,-11.10278519,2678.978757,577.1394178,15820,0.829792814,206.0623932,205.2214966,193.53862
38470,B-220-3-07_masks.tif,6,22485,1263.137085,441.5127485,68.86977973,6.410834334,0.987759276,-58.32189837,3010.981454,545.3542362,17966,0.79902157,206.3363647,209.3654175,192.8760376
38471,B-220-3-07_masks.tif,7,18762,994.8944443,348.8967123,72.99452971,4.779765193,0.977869602,44.29234975,109.8864194,558.3156913,14219,0.757861635,193.4628296,194.6855621,174.4244995
38472,B-220-3-07_masks.tif,8,22410,991.5979797,401.6064178,73.98952219,5.427882299,0.982882427,-83.80853637,5082.309951,473.4029005,21993,0.981392236,201.3708496,203.9415741,188.6221008
38473,B-220-3-07_masks.tif,9,23177,1195.254834,498.5008786,66.37162277,7.510753207,0.991096913,85.28843428,1007.577944,583.6163869,16111,0.695128791,190.8602142,195.4730377,178.8921204
38474,B-220-3-07_masks.tif,10,25178,1001.59798,408.7139549,80.39936245,5.083547212,0.980461107,1.353424474,1617.062793,747.6848042,23491,0.932997061,204.9016571,204.0410004,194.0918579
38475,B-220-3-07_masks.tif,11,26357,1055.254834,430.785164,84.07098261,5.124064816,0.980771903,-0.741967394,3596.025041,800.7247411,23405,0.887999393,205.9742737,204.473526,192.4944305
38476,B-220-3-07_masks.tif,12,13095,677.5979797,255.6880521,67.21716514,3.803910081,0.964826523,-12.52373272,41.53890798,751.5239404,8997,0.687056128,193.1374969,194.1853943,180.2743073
38477,B-220-3-07_masks.tif,13,14728,842.8111832,308.4500266,62.2917676,4.95169809,0.979395643,69.44270866,1184.027499,712.0290603,13218,0.897474199,202.2454987,206.8377991,202.2299194
38478,B-220-3-07_masks.tif,14,22370,918.5685425,353.7218333,83.56656532,4.232815265,0.971692456,-75.44034834,2825.973402,708.0664283,20058,0.896647295,207.9641571,206.8346863,196.2394562
38479,B-220-3-07_masks.tif,15,32716,1496.63456,495.0878313,91.58299229,5.405892721,0.98274166,48.06985011,1101.025278,949.7947487,15306,0.46784448,179.6562195,179.8375092,160.8090973
38480,B-220-3-07_masks.tif,16,18699,882.6690476,350.1773058,69.54914204,5.034962267,0.980078356,-78.1615752,1946.378523,802.1089898,13340,0.713407134,202.8800659,204.7907104,191.7492523
38481,B-220-3-07_masks.tif,17,24138,1244.551299,451.9092171,70.00104597,6.455749494,0.987930047,28.98758212,3745.739374,971.0000414,19977,0.827616207,200.2824249,199.993042,185.2118378
38482,B-220-3-07_masks.tif,18,23330,1073.195959,397.6973621,79.66135644,4.992349866,0.979733288,68.63283378,3831.871153,861.3624518,20690,0.886840977,202.9861755,201.5235443,187.4751129
38483,B-220-3-07_masks.tif,19,31404,1330.793939,494.0581322,84.28968184,5.86143074,0.985339189,61.94786348,2579.840434,932.3479493,26545,0.845274487,201.4445343,201.5126801,189.2080231
38484,B-220-3-07_masks.tif,20,13814,548.7695526,174.2449585,102.1271726,1.706156687,0.810229581,73.00283355,3854.717171,962.7505429,987,0.071449254,211.939209,210.0395203,197.1003113
38485,B-220-3-07_masks.tif,21,23627,1213.480231,445.4693339,73.19165351,6.086340621,0.986410027,63.5789535,5047.581157,1007.859864,19877,0.841283278,203.4376984,203.4953003,194.7925262
38486,B-220-3-07_masks.tif,22,27773,1220.793939,452.1541233,80.31987134,5.629417923,0.984095854,-33.43784969,919.2787239,1169.484607,0,0,,,
38487,B-220-3-07_masks.tif,23,21683,1147.722871,387.5571094,76.65175276,5.056076286,0.980246066,-33.53393009,924.5060647,1281.68104,0,0,,,
38488,B-220-3-07_masks.tif,24,18100,979.2964646,377.5813151,62.84476999,6.00815812,0.986051523,-21.22279783,5343.828398,1263.852265,15102,0.834364641,199.0335083,202.538208,190.093689
38489,B-220-3-07_masks.tif,25,16672,803.8406204,320.0184041,69.50710098,4.60411094,0.976127746,-75.41275525,4852.133217,1150.755038,14255,0.855026392,201.5557404,202.3912964,188.3048096
38490,B-220-3-07_masks.tif,26,25139,1083.195959,380.8814826,88.62411034,4.297718546,0.972552968,-20.10937102,1075.098333,1401.33092,19424,0.772663988,201.2538605,201.70784,185.5512238
38491,B-220-3-07_masks.tif,27,24200,1056.669048,426.5542114,74.38025526,5.734777461,0.984679374,-81.66754787,1995.513926,1343.302562,11532,0.476528926,203.5704956,205.19841,185.8119965
38492,B-220-3-07_masks.tif,28,24594,1017.497475,407.3338798,81.35717896,5.006735545,0.97985078,-6.422845255,1405.798487,1524.504432,18818,0.765145971,204.1604309,204.7113342,189.0207214
38493,B-220-3-07_masks.tif,29,20398,892.0832611,333.1216403,85.04859487,3.916838848,0.966859795,-8.149092879,977.6319247,1481.202471,1884,0.092361996,205.6019135,203.8646545,208.516983
38494,B-220-3-07_masks.tif,30,12975,702.2842712,286.7105576,59.42077951,4.825089136,0.978288001,-87.78025707,2481.0679,1412.433449,0,0,,,
38495,B-220-3-07_masks.tif,31,21118,813.4974747,301.0244188,90.98550554,3.308487621,0.953227769,81.32994825,2726.319348,1446.000331,11265,0.533431196,202.2307129,201.8196259,184.4672852
38496,B-220-3-07_masks.tif,32,29096,1302.066017,470.4840867,83.30166891,5.647955112,0.984200917,-64.55711622,1893.335716,1562.291037,11133,0.382629915,204.052002,204.0011749,182.8878937
38497,B-220-3-07_masks.tif,33,31187,1318.509668,474.2547155,88.5315565,5.356900231,0.982421701,-67.45645729,2076.939975,1557.644082,20407,0.654343156,206.8954773,207.7040253,193.6373291
38498,B-220-3-07_masks.tif,34,17965,1052.409163,395.4635531,59.20346205,6.679736951,0.988730482,-58.40066278,2606.597161,1599.121792,7803,0.434344559,199.1186676,202.9817963,180.7998199
38499,B-220-3-07_masks.tif,35,16387,945.882251,350.8427595,63.12051124,5.558300347,0.983682871,-72.06176888,4331.954293,1564.559468,10778,0.657716483,205.9163971,205.5538177,191.1460419
38500,B-220-3-07_masks.tif,36,25210,1158.911688,464.795427,70.68160665,6.575903535,0.988369671,-80.50498381,5148.622689,1571.002618,18947,0.751566839,200.996933,202.8678894,190.0494995
38501,B-220-3-07_masks.tif,37,16245,1043.580736,387.9036415,56.93739441,6.81280985,0.989168819,-58.10731166,4119.562204,1622.205971,4029,0.248014774,194.0675049,198.587738,194.1707611
38502,B-220-3-07_masks.tif,38,28264,1223.63961,471.2362794,79.08480415,5.958619794,0.985816956,-12.73383317,4628.89874,1782.039131,24797,0.877335126,201.8829346,202.6400299,188.5843048
38503,B-220-3-07_masks.tif,39,21243,956.1665222,329.8936224,83.20708706,3.964729857,0.967668878,-47.23842311,2353.798051,1708.696135,12655,0.595725651,203.5724945,204.1781158,183.0956116
38504,B-220-3-07_masks.tif,40,31432,1167.982756,462.3521139,89.33311133,5.175596227,0.98115655,79.17989704,2846.740965,1663.916009,22624,0.719776024,202.0865021,202.8388062,192.4779053
38505,B-220-3-07_masks.tif,41,19884,1068.852814,393.2979205,67.95006604,5.788043241,0.984962203,-67.72482532,4244.285104,1709.760561,8947,0.449959767,201.2669067,202.6639099,178.0003357
38506,B-220-3-07_masks.tif,42,30047,1195.497475,475.1779639,85.0896346,5.584440057,0.983836521,-86.52966342,1867.916464,1694.453856,24031,0.799780344,208.6239471,208.2212067,197.9952545
38507,B-220-3-07_masks.tif,43,24095,927.3969696,352.4459097,89.91431741,3.919797423,0.966910659,-72.63425281,2150.69226,1717.446109,19508,0.809628554,206.6776733,205.9000397,194.0375214
38508,B-220-3-07_masks.tif,44,18610,1178.894444,427.7084189,58.1755509,7.352030402,0.990706524,59.24420148,1349.485707,1773.162278,716,0.038473939,208.4916229,205.1410675,203.8268127
38509,B-220-3-07_masks.tif,45,19639,917.6812409,336.6421152,75.47526591,4.460297173,0.974543084,-56.28389666,5298.406131,1795.122257,9891,0.503640715,195.6023712,197.9794769,174.5745697
38510,B-220-3-07_masks.tif,46,13088,739.0538239,244.183129,69.76910009,3.499874998,0.958311805,-56.52155578,2173.513982,1793.290419,2283,0.174434597,206.9233398,209.4384613,213.7761688
38511,B-220-3-07_masks.tif,47,14718,899.5391052,323.4322069,61.65705349,5.245664342,0.981661256,66.40806155,1507.356434,1789.663813,8204,0.557412692,213.8860321,216.3015594,217.6251831
38512,B-220-3-07_masks.tif,48,19481,813.4558441,342.3030575,77.35909899,4.42485838,0.974128245,-89.16715164,1860.303219,1770.46784,2532,0.129972794,200.8491364,191.5541077,192.1354675
38513,B-220-3-07_masks.tif,49,18464,883.0121933,344.5550119,69.84876577,4.932871871,0.9792364,-9.363247432,4533.496155,1957.48451,14374,0.778487868,200.2252045,201.0842438,189.4020386
38514,B-220-3-07_masks.tif,50,26217,1127.480231,409.877185,82.80634498,4.949828242,0.979379909,57.57379617,839.0217798,1909.495137,23094,0.880878819,200.2282867,200.0467682,190.5674591
38515,B-220-3-07_masks.tif,51,26579,1143.580736,415.636395,84.00202249,4.947933189,0.979363944,62.73964412,703.2069303,1914.627337,18784,0.706723353,202.4200897,202.9445801,193.1645508
38516,B-220-3-07_masks.tif,52,10061,761.5979797,293.1272556,47.45585241,6.176841015,0.986807981,-12.18369211,4423.265381,1974.034688,0,0,,,
38517,B-220-3-07_masks.tif,53,29417,1056.124892,392.6227374,98.04532324,4.004502453,0.968318369,71.40844245,2864.433865,1938.139647,25060,0.851888364,203.4585724,201.9875031,188.0969238
38518,B-220-3-07_masks.tif,54,32374,1190.024387,431.510143,99.5477787,4.334703884,0.973025813,69.25650617,2735.665689,1984.835485,27193,0.839964169,206.0037537,204.9027252,198.1071167
38519,B-220-3-07_masks.tif,55,28760,1152.166522,409.7595844,94.32332231,4.344202201,0.973145265,64.13910033,2692.391864,2085.552156,17221,0.598783032,201.4660645,198.8501282,187.226181
38520,B-220-3-07_masks.tif,56,25135,1023.882251,374.9233733,87.48888217,4.285383056,0.972392482,70.54799872,2943.408594,2127.2703,23584,0.938293217,203.7060699,203.4481049,192.4163361
38521,B-220-3-07_masks.tif,57,16128,918.7695526,386.5083134,54.46242102,7.096789055,0.990022581,-87.60561591,313.4392981,2116.735739,0,0,,,
38522,B-220-3-07_masks.tif,58,22689,1193.823376,440.6536076,69.85817545,6.307831614,0.987353666,-61.78096323,4778.641368,2203.405395,14833,0.65375292,198.6534729,201.1686096,183.423172
38523,B-220-3-07_masks.tif,59,17504,865.9827561,335.5681889,68.87116209,4.872404918,0.978712208,70.93178923,2919.122943,2331.774394,13006,0.743030165,200.8677521,201.5279846,188.1908417
38524,B-220-3-07_masks.tif,60,23393,956.9116882,370.7500927,81.65754198,4.540304346,0.975443558,81.43655161,2945.808361,2449.83572,19537,0.835164365,203.5541229,203.6524506,194.9727173
38525,B-220-3-07_masks.tif,61,23578,1061.823376,376.546282,83.05586552,4.53365069,0.975370516,34.34941498,2837.192171,2555.332853,16197,0.68695394,203.6011658,202.8596039,192.4172363
38526,B-220-3-07_masks.tif,62,23532,1033.296465,396.4767481,77.21627733,5.134626555,0.980851696,-70.86281553,3681.439742,2520.629483,17792,0.756076832,204.2671967,205.4230042,192.1631622
38527,B-220-3-07_masks.tif,63,32542,1292.793939,408.6605785,107.4294537,3.803990103,0.96482803,56.97536004,3031.145074,2630.714185,29037,0.892293037,204.1356506,203.7310028,193.7760162
38528,B-220-3-07_masks.tif,64,6085,334.627417,98.94813261,78.75223896,1.256448501,0.605435808,44.26633136,799.6971241,2530.557436,2189,0.359737058,199.4371796,194.7039795,119.5093613
38529,B-220-3-07_masks.tif,65,19462,998.0832611,422.1368435,62.6020195,6.743182519,0.988942731,78.07576475,4725.920049,2548.11859,10384,0.533552564,195.3448639,196.5334167,183.7856293
38530,B-220-3-07_masks.tif,66,23752,1295.580736,467.0800679,73.38007528,6.365216526,0.987582088,-21.76015158,4098.310963,2750.304269,20952,0.88211519,201.8515167,204.8943329,188.1965485
38531,B-220-3-07_masks.tif,67,14055,1165.195959,447.8345897,46.4816297,9.634657663,0.994599029,70.40266807,5050.316471,2584.811313,0,0,,,
38532,B-220-3-07_masks.tif,68,9900,797.6812409,277.2784626,46.63359982,5.945894456,0.985755744,45.0445581,1863.130303,2660.147576,0,0,,,
38533,B-220-3-07_masks.tif,69,24651,1133.84062,428.1111507,78.2398831,5.471776461,0.9831583,-2.866504467,4296.715508,2831.580869,23656,0.959636526,203.7125092,204.1102448,191.6954651
38534,B-220-3-07_masks.tif,70,19824,926.7106781,345.2612154,75.05303024,4.600230188,0.976086958,-65.93110955,4526.796711,2672.404863,14543,0.73360573,200.3335571,202.2622528,183.7453766
38535,B-220-3-07_masks.tif,71,30860,1206.669048,483.6935714,84.20033209,5.744556576,0.984731895,-82.11001485,4934.568082,2783.45512,25980,0.841866494,201.4936829,201.8446808,190.5627441
38536,B-220-3-07_masks.tif,72,16879,715.4974747,260.2836452,85.7575186,3.035111666,0.944163543,19.44263435,627.5058949,2886.798981,15159,0.898098229,198.9170837,199.6651459,186.1768646
38537,B-220-3-07_masks.tif,73,25493,1065.254834,425.0495415,78.22718052,5.433527563,0.982918287,-83.0546409,2515.202252,2820.608951,19787,0.776173852,204.9071045,206.7190552,197.1955872
38538,B-220-3-07_masks.tif,74,21857,1134.852814,412.9725016,76.88034738,5.371626374,0.982518806,18.1343069,4002.442604,2996.621906,16641,0.761357917,199.1299133,199.0950623,188.2472839
38539,B-220-3-07_masks.tif,75,16703,1041.823376,356.9226917,61.89912933,5.766198904,0.984847172,55.92874552,844.1460217,2909.786026,10303,0.616835299,196.5969086,198.4219208,186.9468079
38540,B-220-3-07_masks.tif,76,24007,1135.982756,455.1363962,68.66420797,6.628437284,0.988554356,12.57496859,4256.384263,3051.527846,21975,0.915358021,201.6933289,201.3119049,193.3191376
38541,B-220-3-07_masks.tif,77,24033,1064.953319,382.2339552,83.90963909,4.555304484,0.975607034,-69.25533274,4766.985686,2897.6122,18238,0.758873216,197.0271912,198.2547913,178.503952
38542,B-220-3-07_masks.tif,78,15384,855.4974747,317.7833112,66.5150445,4.777615555,0.977849457,9.96250856,584.5036401,2995.306942,9213,0.598868955,202.7466583,202.811676,190.9291229
38543,B-220-3-07_masks.tif,79,11369,716.7106781,265.4828583,57.92481241,4.583232077,0.975907061,35.35412677,772.074061,2969.343566,0,0,,,
38544,B-220-3-07_masks.tif,80,14156,709.9411255,281.8003919,64.81718077,4.347618773,0.973188037,85.16357146,1044.338231,3064.76427,7103,0.501766036,204.4058838,206.906662,184.2759399
38545,B-220-3-07_masks.tif,81,25475,1167.622366,393.5360316,84.32620943,4.66682938,0.976772663,-52.7779256,5162.528086,3185.184141,19415,0.762119725,195.0370331,198.5341797,180.329071
38546,B-220-3-07_masks.tif,82,15930,861.0954544,303.0159509,69.59976364,4.353692241,0.973263818,-41.2919224,4978.804018,3269.866416,690,0.043314501,183.0463715,184.5681152,191.5130463
38547,B-220-3-07_masks.tif,83,21475,981.9411255,410.1518303,68.60589318,5.978376074,0.98591121,-88.84900597,727.7793714,3213.165122,4945,0.230267753,201.9377136,201.8448944,165.4554138
38548,B-220-3-07_masks.tif,84,25350,1045.59798,431.9582034,76.64812048,5.635600726,0.984131012,85.5329236,3877.366864,3250.808915,24374,0.961499014,203.7587128,204.4028931,191.9784546
38549,B-220-3-07_masks.tif,85,19549,977.5391052,364.2404089,70.83741183,5.141921472,0.980906518,-67.45291882,877.4910737,3302.861169,3584,0.183334186,206.890625,206.7527924,178.821701
38550,B-220-3-07_masks.tif,86,21605,955.8406204,373.9926798,76.0393715,4.918408352,0.979112797,-9.178104511,4510.83726,3417.064939,19738,0.913584818,199.5753326,201.5786743,188.9437561
38551,B-220-3-07_masks.tif,87,28551,1238.994949,457.0157506,81.91834494,5.578918262,0.983804245,-65.59140218,2712.367027,3355.649539,21392,0.749255718,202.1825409,206.0580597,195.1549225
38552,B-220-3-07_masks.tif,88,23395,1170.066017,412.030209,74.73221424,5.513421663,0.983413902,60.31837449,2370.187647,3402.61714,22802,0.974652704,204.1324463,205.1263885,198.1519623
38553,B-220-3-07_masks.tif,89,14528,726.7106781,258.2439135,74.54873602,3.464095132,0.957426945,-36.46488927,416.9951129,3436.013285,6630,0.456360132,203.5346832,206.1273041,172.4331818
38554,B-220-3-07_masks.tif,90,12322,665.0121933,260.1725295,61.08079697,4.259481578,0.972050863,-19.63680208,239.8223503,3519.089515,0,0,,,
38555,B-220-3-07_masks.tif,91,25035,1091.59798,463.3483952,71.80342283,6.453012642,0.987919744,84.25651279,2935.409946,3481.293349,19313,0.771439984,200.9589386,203.0190582,194.9703827
38556,B-220-3-07_masks.tif,92,9768,605.1543289,208.8375673,66.67676693,3.132088985,0.947661864,42.9134318,743.4727682,3581.817977,6383,0.653460278,191.6371613,191.2765198,187.8456879
38557,B-220-3-08_masks.tif,1,15183,742.8111832,260.3885817,75.88295772,3.431450084,0.956594598,57.21111191,3602.364552,76.05637884,14253,0.938747283,197.1394806,200.5263519,181.3308105
38558,B-220-3-08_masks.tif,2,23725,873.3553391,356.0231162,85.41361566,4.168224392,0.970795058,89.24182268,780.0935722,136.43098,19552,0.824109589,193.4025116,197.6481628,181.0668488
38559,B-220-3-08_masks.tif,3,19010,1091.982756,432.1511744,58.17305722,7.42871692,0.990898283,-75.50272306,3627.268753,213.6363493,13588,0.714781694,199.6137695,204.2395477,182.1257782
38560,B-220-3-08_masks.tif,4,18175,917.1126984,380.5700194,62.91534076,6.048922485,0.986240198,-2.321681103,2200.387785,785.7687483,15209,0.836808803,203.8450928,204.4507904,191.5565796
38561,B-220-3-08_masks.tif,5,11858,677.8406204,251.3582243,61.14329097,4.110969827,0.969963225,17.47645862,2287.030022,828.377551,1549,0.130629111,193.7501678,183.4125214,199.0664978
38562,B-220-3-08_masks.tif,6,26449,1207.279221,402.8177065,86.26494307,4.669541209,0.976799954,37.81860479,2411.603804,889.2156603,21961,0.830314946,198.3896027,198.7085724,186.5624542
38563,B-220-3-08_masks.tif,7,15207,920.3259018,350.9082523,57.76863619,6.074373145,0.986356055,75.30973304,4371.209048,765.1371737,2875,0.189057671,193.8838196,197.8800049,183.7812195
38564,B-220-3-08_masks.tif,8,13625,930.2670273,328.8213285,56.65363872,5.804063709,0.985045733,30.18712738,1959.556844,996.6201835,12946,0.950165138,208.8566284,211.0718384,206.1978149
38565,B-220-3-08_masks.tif,9,18550,1167.63961,428.8684061,61.53204563,6.969838264,0.989653891,81.27374918,2754.030782,888.636496,8741,0.471212938,210.9427948,212.6116028,210.5046387
38566,B-220-3-08_masks.tif,10,25152,1140.994949,411.2152436,80.5866759,5.102769645,0.980609491,63.35177718,2789.201614,992.3140506,10597,0.421318384,200.6442413,199.3251801,185.4537201
38567,B-220-3-08_masks.tif,11,10379,571.6984848,213.9425869,63.22092519,3.384047074,0.955341452,-87.05676493,2388.434435,1056.187976,9005,0.867617304,212.1217041,212.3495789,211.375351
38568,B-220-3-08_masks.tif,12,16384,907.6984848,387.2017416,55.10901601,7.026105158,0.989819785,85.78000461,4749.970703,1064.23175,11015,0.672302246,200.1773987,202.8359528,186.8896942
38569,B-220-3-08_masks.tif,13,16415,767.3553391,294.5854877,79.16490917,3.721162454,0.963214645,-85.37343434,2649.016266,1077.345172,0,0,,,
38570,B-220-3-08_masks.tif,14,10972,639.4974747,239.6549843,59.07725063,4.056637398,0.969140353,-65.90620121,3916.770142,1134.103354,8447,0.769868757,206.3724365,209.8352051,203.3971863
38571,B-220-3-08_masks.tif,15,16671,931.1543289,378.3378131,59.23127931,6.387466512,0.98766899,-73.98988227,2624.394697,1145.842481,90,0.005398596,224.2666626,212.0555573,216.9444427
38572,B-220-3-08_masks.tif,16,15502,770.7106781,274.0956696,72.93143582,3.758265096,0.963950889,57.47656652,4824.084892,1171.173591,12831,0.827699652,200.3285828,201.4409637,186.5317535
38573,B-220-3-08_masks.tif,17,19098,894.8111832,336.9488119,74.43740578,4.526606057,0.975292824,-68.40519499,2670.85077,1193.167609,6067,0.317677244,205.3647614,203.5951843,173.8231354
38574,B-220-3-08_masks.tif,18,27180,1079.882251,392.8608486,91.72940081,4.282823665,0.972359007,16.29927616,4087.891943,1370.07156,21622,0.795511405,199.4889526,198.8965912,180.1923981
38575,B-220-3-08_masks.tif,19,5019,303.7989899,82.82040107,77.62085794,1.066986417,0.348741229,-60.75401783,3723.059175,1230.602311,4793,0.95497111,201.8925476,208.1965332,199.9065247
38576,B-220-3-08_masks.tif,20,23830,1250.793939,430.6672555,76.24427589,5.648519191,0.984204098,32.01046404,4038.056735,1461.364373,91,0.003818716,198.6923065,170.6593475,205.3736267
38577,B-220-3-08_masks.tif,21,11967,739.3969696,256.7757945,62.62050625,4.100506526,0.96980735,62.71905121,3790.963817,1359.989972,7621,0.636834629,214.4357758,216.3486481,214.049469
38578,B-220-3-08_masks.tif,22,16723,1075.965512,378.3409983,59.04654094,6.407504864,0.987746473,43.18391718,3825.374574,1480.37284,1656,0.099025295,181.3278961,174.5114746,170.9957733
38579,B-220-3-08_masks.tif,23,13898,801.7817459,277.2569017,65.14944556,4.255706235,0.972000538,-34.40920509,85.63635055,1478.653691,13747,0.989135127,200.4339905,205.189209,189.3333893
38580,B-220-3-08_masks.tif,24,19585,1278.350288,453.0633798,56.87597596,7.965812845,0.992089006,34.00958828,1944.457748,1570.15231,0,0,,,
38581,B-220-3-08_masks.tif,25,23526,850.4264069,329.763522,91.71193825,3.595644452,0.960547999,3.635532922,3036.074173,1610.884808,16490,0.700926634,204.3408661,204.0364532,189.4141846
38582,B-220-3-08_masks.tif,26,24061,982.7695526,404.9897734,77.44603475,5.229315803,0.981545332,-83.91108809,1309.644653,1490.079174,20579,0.855284485,203.3931732,205.4231567,189.9349365
38583,B-220-3-08_masks.tif,27,24324,1146.551299,399.9029899,80.5511117,4.96458685,0.979503605,56.7858564,2216.19343,1614.437469,19708,0.810228581,200.4946747,200.2002258,188.0227814
38584,B-220-3-08_masks.tif,28,23577,1100.183766,459.0304034,68.08182931,6.742333572,0.98893993,-5.592633335,4663.623828,1775.300844,12960,0.549688256,197.8627319,197.9574127,175.4355011
38585,B-220-3-08_masks.tif,29,13407,893.3380951,301.3347929,58.85026859,5.120363936,0.980743825,40.66724255,2937.148206,1671.211457,638,0.047587081,206.9216309,220.0611267,193.6849518
38586,B-220-3-08_masks.tif,30,20881,925.8406204,374.7029338,74.70100392,5.01603612,0.979926196,78.4345581,3572.278866,1652.684354,15108,0.723528567,203.5978241,202.9414825,191.7094269
38587,B-220-3-08_masks.tif,31,26283,1331.178716,475.0462934,76.13866062,6.239225769,0.98707219,51.16012478,2980.834113,1790.04501,12192,0.463873987,202.6949615,202.4630127,186.5808716
38588,B-220-3-08_masks.tif,32,10666,667.0538239,232.5077051,59.82384712,3.886538835,0.966332015,37.65233562,3516.288112,1753.927433,0,0,,,
38589,B-220-3-08_masks.tif,33,10124,621.0538239,213.6962727,61.86610689,3.454173592,0.957176548,47.08962313,3587.009482,1748.596503,30,0.002963256,196.1000061,206.8000031,194.9333344
38590,B-220-3-08_masks.tif,34,10894,803.1126984,311.8464276,51.31857373,6.076677603,0.986366473,-1.693842719,4725.342023,1833.373233,0,0,,,
38591,B-220-3-08_masks.tif,35,29606,1208.124892,474.5600683,82.23123263,5.77104408,0.9848728,-75.46289397,4988.275755,1744.35128,12271,0.414476795,197.6238251,199.3025818,175.7013245
38592,B-220-3-08_masks.tif,36,27583,1085.781746,393.8902396,92.1742481,4.273321971,0.972234194,70.21343982,3833.111699,1894.855599,19226,0.697023529,195.4115753,196.2137146,180.6246185
38593,B-220-3-08_masks.tif,37,16460,771.4974747,293.6670651,76.41805372,3.842901655,0.965549343,69.96539271,111.3825638,1894.754617,11549,0.70164034,194.4562225,196.1469421,173.9264832
38594,B-220-3-08_masks.tif,38,8019,525.254834,184.7192989,56.91183241,3.245709918,0.951354299,28.40752846,3662.018082,1910.059234,6519,0.812944257,212.4514465,213.9934082,210.8630219
38595,B-220-3-08_masks.tif,39,10045,621.0121933,236.8786548,55.31868729,4.282072956,0.972349176,17.52713704,3587.852265,1977.331906,0,0,,,
38596,B-220-3-08_masks.tif,40,26538,1234.894444,456.9708627,78.81575747,5.797963216,0.985014007,63.57324939,1270.075401,2019.557088,14457,0.544765996,198.3264923,198.0250397,187.6490936
38597,B-220-3-08_masks.tif,41,13026,527.6984848,181.195981,93.45365731,1.938885928,0.85673305,71.46989948,83.30945801,1981.915861,127,0.009749731,192.4566956,201.3700714,170.566925
38598,B-220-3-08_masks.tif,42,22420,917.0121933,361.8494301,81.43696415,4.443306966,0.974345461,84.90284918,4469.359545,1981.545361,17508,0.780909902,206.3574371,207.3893585,196.7966614
38599,B-220-3-08_masks.tif,43,23271,1063.254834,431.5907088,71.4031419,6.044421818,0.986219556,-85.38929486,3895.336814,1997.742512,7972,0.3425723,199.3995209,198.2423553,170.6490173
38600,B-220-3-08_masks.tif,44,15671,969.9411255,392.4260587,55.13863973,7.117079068,0.990079674,85.0649632,2983.045753,1996.967201,0,0,,,
38601,B-220-3-08_masks.tif,45,24824,1112.183766,469.2330929,68.90568732,6.809787568,0.98915915,84.83434618,4481.70029,2054.003626,15157,0.610578472,202.9918823,203.6411591,189.0479584
38602,B-220-3-08_masks.tif,46,22833,1017.781746,379.6011695,83.16860908,4.564236119,0.975703596,-71.23876353,2481.537468,2091.754829,10066,0.440853151,204.3947906,204.816803,192.2993317
38603,B-220-3-08_masks.tif,47,30388,1267.497475,541.9668119,79.67953884,6.801831685,0.989133635,-88.14585539,2853.592273,2081.344577,22329,0.73479663,203.6658173,203.7945251,192.4487915
38604,B-220-3-08_masks.tif,48,8022,606.2842712,217.5314006,49.56459299,4.388846704,0.973696177,88.05612365,4080.287459,2057.561456,0,0,,,
38605,B-220-3-08_masks.tif,49,12508,916.3675324,330.0697806,52.85781667,6.244483813,0.987094095,64.31588228,4507.773345,2139.985769,212,0.016949153,204.245285,202.89151,203.8820801
38606,B-220-3-08_masks.tif,50,9732,684.9705627,311.9851245,41.76860249,7.469369475,0.990997536,-86.8035508,4819.905261,2094.108097,0,0,,,
38607,B-220-3-08_masks.tif,51,18945,1058.793939,386.2651264,63.14998347,6.11663068,0.986545207,-43.54779455,3938.127738,2228.211613,14364,0.758194774,204.8486481,207.8235931,188.1647797
38608,B-220-3-08_masks.tif,52,27231,1249.865007,445.281615,79.07214116,5.631333723,0.98410676,-54.9007827,2404.075612,2221.110205,19822,0.727920385,206.8639832,209.7402954,191.8215637
38609,B-220-3-08_masks.tif,53,16890,862.8111832,321.5520923,68.39659125,4.701288273,0.977115886,-20.81429442,1580.18804,2252.619716,15469,0.915867377,208.2022705,209.4319,199.4428864
38610,B-220-3-08_masks.tif,54,8995,537.6984848,209.5374231,55.43694627,3.779743243,0.964366968,-8.783648183,3709.370984,2207.835464,0,0,,,
38611,B-220-3-08_masks.tif,55,22421,1053.84062,430.7428329,69.62132107,6.186938516,0.986851293,-89.2533412,2857.908835,2140.316177,13591,0.606172784,206.1175079,205.5694885,195.7958221
38612,B-220-3-08_masks.tif,56,18608,844.9116882,339.8207768,73.21419136,4.641460494,0.976515,-75.43981405,1080.873603,2163.879407,14559,0.782405417,204.0885315,205.225708,192.9603729
38613,B-220-3-08_masks.tif,57,20882,1054.409163,359.5249077,76.6515247,4.690381686,0.977008083,31.69093674,4724.590317,2274.151183,17600,0.842831146,199.3631744,201.2509613,183.6101685
38614,B-220-3-08_masks.tif,58,17269,920.7523087,318.3298118,70.78344602,4.497235296,0.974964896,-44.81414913,2949.805142,2247.036771,11618,0.672766229,208.1631165,208.3672791,192.1710205
38615,B-220-3-08_masks.tif,59,6667,463.6984848,179.3792892,49.23366798,3.643427283,0.961596563,-20.50206989,3760.965052,2236.115044,0,0,,,
38616,B-220-3-08_masks.tif,60,21781,971.3969696,370.9298795,76.95995988,4.819777453,0.978239587,15.90918465,2786.724806,2324.148203,8341,0.382948441,196.9759064,196.5017395,173.1628113
38617,B-220-3-08_masks.tif,61,18549,768.9116882,285.8499011,84.05160279,3.400885785,0.955792794,-16.28639269,2983.313494,2353.499811,10420,0.561755351,206.7447205,205.9125671,184.3626709
38618,B-220-3-08_masks.tif,62,16971,983.3969696,382.5381498,57.90976436,6.605762501,0.988475186,17.69409502,2593.500265,2433.06517,613,0.036120441,211.769989,204.5236511,213.46492
38619,B-220-3-08_masks.tif,63,17505,638.3259018,168.6595393,134.0108686,1.258551198,0.607179863,-77.72208379,296.1872608,2377.414682,15373,0.878206227,205.3060608,204.0188599,186.6078186
38620,B-220-3-08_masks.tif,64,12337,843.6812409,311.3032961,53.60481605,5.807375513,0.985062913,47.79164074,2728.7377,2427.576153,152,0.012320661,232.1776276,229.0526276,236.1052704
38621,B-220-3-08_masks.tif,65,23352,1162.793939,394.2248875,80.531684,4.895276839,0.978912804,46.06929711,2737.400651,2511.362367,14239,0.609755053,196.201416,195.3477783,183.1264801
38622,B-220-3-08_masks.tif,66,27942,1237.865007,428.7314806,87.9131304,4.876762762,0.978750649,40.78260545,2970.05447,2572.580989,20965,0.750304202,195.2179871,195.6550446,184.0926361
38623,B-220-3-08_masks.tif,67,14321,790.9116882,306.9477433,62.1163883,4.941493729,0.979309557,-71.58012782,561.478947,2577.652887,10339,0.721946791,204.8497925,206.5620422,194.9041443
38624,B-220-3-08_masks.tif,68,17724,1037.338095,372.274263,65.4015693,5.692130434,0.984447121,-58.97109375,343.5110585,2640.196288,14069,0.793782442,203.7077332,207.1600037,195.1870117
38625,B-220-3-08_masks.tif,69,19452,1025.012193,413.4524275,61.12700926,6.763825558,0.989010495,-80.02961574,1363.0894,2585.891168,17751,0.912553979,205.342514,208.8589325,198.8717804
38626,B-220-3-08_masks.tif,70,25406,1177.63961,459.3500843,72.6957859,6.318799345,0.987397809,-12.62581654,858.6465008,2791.094859,22733,0.894788633,206.279953,207.2494659,192.8173065
38627,B-220-3-08_masks.tif,71,20982,983.4386002,352.3083769,77.31430249,4.556833155,0.975623602,60.93982425,2977.307835,2711.65275,11642,0.554856544,198.3299255,198.4508667,185.4965668
38628,B-220-3-08_masks.tif,72,19507,1074.610173,396.1728532,66.57836913,5.95047398,0.985777818,-67.52183236,473.3449531,2722.721792,10783,0.552775927,204.1149902,206.7096405,190.1984558
38629,B-220-3-08_masks.tif,73,17178,840.1837662,323.5365739,69.51189604,4.654405826,0.976647016,-10.0338428,764.074805,2965.707824,15697,0.913785074,207.8594666,208.378479,200.6863098
38630,B-220-3-08_masks.tif,74,15897,922.9533188,340.3413091,65.13875436,5.224866708,0.981513593,-62.91617706,969.5350066,3237.104108,13169,0.828395295,205.9083405,210.4028473,194.3991241
38631,B-220-3-08_masks.tif,75,10750,620.7695526,230.3828215,62.86960993,3.664454444,0.962044698,10.90024465,3107.108093,3434.584744,7735,0.719534884,198.2188721,199.6685181,184.0969543
38632,B-220-3-08_masks.tif,76,13087,764.8111832,261.3855049,69.66723185,3.751914609,0.963826461,25.87559241,3194.722702,3527.930847,11788,0.900741194,201.3227844,201.9168701,180.3913269
38633,B-220-3-08_masks.tif,77,8535,574.3259018,199.681868,57.29409063,3.485208786,0.957952493,-38.21976063,369.6318688,3569.242999,3154,0.3695372,206.0037994,210.8668365,215.4004364
38634,B-220-3-08_masks.tif,78,15778,879.254834,351.112109,60.38579163,5.814482175,0.98509968,79.50354283,930.5488655,3559.476359,12335,0.781784764,203.1404877,205.6761322,199.473526
38635,B-220-3-09_masks.tif,1,9698,567.3553391,216.0441188,57.78660013,3.738654261,0.963564544,-74.55428817,3874.44968,216.4512271,0,0,,,
38636,B-220-3-09_masks.tif,2,10320,754.5685425,275.5268822,53.93614507,5.108390335,0.980652558,-65.75994939,5002.591667,249.647093,0,0,,,
38637,B-220-3-09_masks.tif,3,21157,859.254834,328.0077119,83.82154217,3.913167229,0.966796508,12.30746336,4521.458383,488.5763104,0,0,,,
38638,B-220-3-09_masks.tif,4,22733,1078.793939,381.3175277,77.33408686,4.930782054,0.979218609,44.98569889,4300.92733,602.3366472,0,0,,,
38639,B-220-3-09_masks.tif,5,17229,818.1837662,313.5748388,70.81224891,4.428257027,0.974168469,-83.28720589,4251.711533,779.5497707,0,0,,,
38640,B-220-3-09_masks.tif,6,22209,1186.793939,410.6618157,71.03441027,5.781167383,0.984926137,53.32153996,5182.297582,982.9824396,0,0,,,
38641,B-220-3-09_masks.tif,7,7548,552.0416306,220.3539216,44.75507903,4.923551166,0.979156873,81.90693153,1125.039216,1059.222443,0,0,,,
38642,B-220-3-09_masks.tif,8,16924,938.7523087,318.4078819,73.77864268,4.31571889,0.972784644,-51.00779837,2662.466793,1379.942271,0,0,,,
38643,B-220-3-09_masks.tif,9,20488,908.5685425,333.4498795,80.86187468,4.123697117,0.970151197,-76.37154538,1549.587661,1355.867679,9014,0.439964857,203.4006042,206.067337,190.5679016
38644,B-220-3-09_masks.tif,10,9342,557.6984848,218.7829724,56.28425019,3.887108234,0.96634205,-2.345949684,1348.86641,1437.148683,0,0,,,
38645,B-220-3-09_masks.tif,11,17620,871.0954544,309.8884007,75.95735095,4.079768408,0.969494781,-51.67089037,2688.290919,1435.564472,0,0,,,
38646,B-220-3-09_masks.tif,12,19335,892.4264069,350.9534096,71.70246429,4.894579469,0.97890673,-82.24378933,2957.374347,1404.773623,0,0,,,
38647,B-220-3-09_masks.tif,13,21004,954.0832611,368.6581796,74.21645288,4.967337636,0.979526537,78.70366376,2946.436774,1487.144115,0,0,,,
38648,B-220-3-09_masks.tif,14,24616,1054.426407,425.7095138,77.750673,5.475316127,0.983180255,-7.627651672,1357.073773,1664.876991,0,0,,,
38649,B-220-3-09_masks.tif,15,16569,689.9411255,263.38549,80.74489675,3.261945963,0.951849574,83.90583919,3197.767759,1483.332851,0,0,,,
38650,B-220-3-09_masks.tif,16,24643,1072.568542,432.5256737,93.45502491,4.628169262,0.976378283,83.46728685,3004.297082,1557.056649,0,0,,,
38651,B-220-3-09_masks.tif,17,16140,796.4680374,282.7247346,76.95846035,3.673731689,0.962239909,-30.27573794,1915.686059,1621.354399,1359,0.084200743,200.217804,195.802063,197.5827789
38652,B-220-3-09_masks.tif,18,15000,885.9411255,365.0274586,57.29679886,6.37081767,0.987604051,2.746969771,1240.546467,1707.622467,0,0,,,
38653,B-220-3-09_masks.tif,19,9785,599.5979797,218.6635988,65.48677992,3.339049485,0.954100561,-13.44132795,1960.529586,1674.721615,4910,0.501788452,210.4150696,211.9006042,210.8169098
38654,B-220-3-09_masks.tif,20,22024,901.254834,344.6371801,83.03058103,4.150725863,0.970544552,-6.304891072,1719.342762,1757.818289,0,0,,,
38655,B-220-3-09_masks.tif,21,17649,854.3259018,315.1278781,74.30989655,4.240725566,0.971799493,14.79595439,1808.639583,1839.568984,0,0,,,
38656,B-220-3-09_masks.tif,22,15938,967.0121933,393.6142134,53.88389636,7.304858039,0.990585536,8.843195886,1302.520329,1882.663132,0,0,,,
38657,B-220-3-09_masks.tif,23,22628,927.9827561,352.42972,83.33030607,4.229310279,0.971644832,13.10341639,1638.759325,1881.44087,0,0,,,
38658,B-220-3-09_masks.tif,24,12024,575.7989899,224.9209237,76.04850125,2.957598376,0.941105818,4.04343001,1868.643962,1807.395126,506,0.042082502,156.9130402,158.1818237,159.7628479
38659,B-220-3-09_masks.tif,25,20606,1105.4386,399.075855,69.72847309,5.723284009,0.984617298,21.0192477,1812.32573,2024.510871,0,0,,,
38660,B-220-3-09_masks.tif,26,18971,927.5807358,321.1664739,77.52450961,4.142773369,0.970429633,42.185895,2030.374677,2011.917611,17202,0.906752412,201.2995605,200.0437775,190.5006409
38661,B-220-3-09_masks.tif,27,19430,1111.03658,407.1587338,65.32454635,6.232859722,0.987045595,45.83204398,2002.330057,2068.622234,3990,0.205352548,170.8117828,164.6343384,175.4288177
38662,B-220-3-09_masks.tif,28,22242,1156.468037,444.5102608,65.34066744,6.802964804,0.989137275,74.34912392,1498.90963,2279.269715,0,0,,,
38663,B-220-3-09_masks.tif,29,20380,805.254834,302.2397541,87.72294947,3.445389786,0.956953001,-8.370121249,171.0923945,2982.754073,18633,0.914278705,207.9845428,209.8074341,201.7747498
38664,B-220-3-09_masks.tif,30,9376,655.1543289,228.1631724,54.26151569,4.204880189,0.971309512,23.99574235,127.8906783,3145.286796,946,0.100895904,206.4693451,197.5010529,205.9355164
38665,B-220-3-09_masks.tif,31,15209,769.254834,306.9445481,65.32874284,4.698460965,0.977088013,73.06206581,291.488921,3365.779933,1716,0.112827931,224.8030243,227.9557037,231.1451111
38666,B-220-3-09_masks.tif,32,22413,964.8528137,333.7286705,89.26346921,3.738692585,0.963565305,32.65912842,302.2159461,3496.30982,0,0,,,
38667,B-220-3-09_masks.tif,33,4699,356.0416306,114.6640328,59.8142452,1.917002085,0.853160905,42.53970756,38.72760162,3426.284103,4523,0.962545222,194.6818542,196.9069214,200.527298
38668,B-220-3-09_masks.tif,34,21400,900.7106781,327.6960112,89.85767115,3.64683401,0.961669709,30.21813932,501.7629439,3533.826776,19109,0.892943925,204.1993866,204.9679718,190.7833557
38669,B-220-3-09_masks.tif,35,13104,755.7401154,288.8444679,64.56436961,4.473744104,0.974697871,24.7662632,394.5626526,3535.846688,0,0,,,
38670,B-220-3-09_masks.tif,36,16449,781.254834,309.2266205,70.47153561,4.387964841,0.97368546,78.65628657,145.9587817,3505.103046,319,0.019393276,212.943573,201.4984283,200.1661377
38671,B-220-3-09_masks.tif,37,16767,923.7817459,331.7857994,65.76044058,5.045370689,0.980161297,-61.48618879,1071.15119,3563.012942,0,0,,,
38672,B-220-3-09_masks.tif,38,9106,568.7695526,181.0179087,66.34839387,2.728293756,0.930406451,-86.99280068,1695.234351,3526.152756,6771,0.743575664,202.2875519,206.0815277,182.7867432
38673,B-220-3-09_masks.tif,39,18579,883.0538239,322.6183085,77.06411359,4.186362412,0.971051343,67.32592234,146.8137144,3587.706712,0,0,,,
38674,B-220-3-10_masks.tif,1,13642,691.4558441,269.6030817,71.26093422,3.783322302,0.964435597,-4.526947072,306.15313,110.9198065,0,0,,,
38675,B-220-3-10_masks.tif,2,22213,1318.249783,440.5935644,69.31067583,6.356792213,0.987548945,47.25924039,253.8909648,303.6294512,0,0,,,
38676,B-220-3-10_masks.tif,3,22496,1247.521861,442.2841382,67.17823783,6.58374129,0.988397508,51.33980485,241.0071124,381.0215594,0,0,,,
38677,B-220-3-10_masks.tif,4,12842,704.0832611,260.8692084,63.57119364,4.103575746,0.969853199,-74.96380713,3787.39986,1175.306884,0,0,,,
38678,B-220-3-10_masks.tif,5,23368,861.254834,325.2616718,92.99976699,3.497446094,0.95825262,12.76359472,4425.458576,1448.334688,20254,0.866740842,206.8811035,206.6785278,202.0874939
38679,B-220-3-10_masks.tif,6,9191,576.3847763,249.0256098,47.86441401,5.202729731,0.981354446,-3.797068067,4348.672071,1471.525188,2289,0.249047982,200.0135498,201.9820862,201.6417694
38680,B-220-3-10_masks.tif,7,11863,805.7401154,269.0049062,58.57692389,4.592335826,0.976003662,75.91986287,2955.654893,1428.396527,0,0,,,
38681,B-220-3-10_masks.tif,8,24538,1091.965512,390.0063024,81.33349414,4.795149975,0.978012975,45.18664174,4205.331038,1559.205314,18452,0.751976526,203.7755737,202.2923279,191.4917145
38682,B-220-3-10_masks.tif,9,10712,676.7695526,254.4234298,55.89948671,4.55144483,0.975565127,77.52842197,2566.117438,1477.798637,8548,0.79798357,212.9306335,216.68367,214.7246094
38683,B-220-3-10_masks.tif,10,10485,789.1959595,296.301988,46.33971788,6.394125851,0.987694821,54.9718639,1215.622318,1751.257797,0,0,,,
38684,B-220-3-10_masks.tif,11,18802,831.3553391,326.602975,74.18748437,4.402399916,0.973860056,-83.48351706,4156.522019,1738.01553,0,0,,,
38685,B-220-3-10_masks.tif,12,27347,1292.936075,449.833051,80.19908023,5.608955236,0.983978652,53.26819471,5092.124511,1945.438439,0,0,,,
38686,B-220-3-10_masks.tif,13,9022,800.3675324,279.1047103,43.85908227,6.363669641,0.987576013,29.77443207,2175.054201,1941.107072,0,0,,,
38687,B-220-3-10_masks.tif,14,8160,828.7695526,302.3721149,37.71807545,8.016636885,0.99218939,84.52792282,4092.832966,1954.420711,0,0,,,
38688,B-220-3-10_masks.tif,15,9469,674.2842712,263.4929716,46.67084981,5.645771884,0.984188597,82.26196316,1034.255148,2016.458655,0,0,,,
38689,B-220-3-10_masks.tif,16,20123,879.4974747,330.8537982,79.9864495,4.136373102,0.970336653,-76.0164127,1462.003578,2312.014461,7002,0.347960046,206.1850891,209.4857178,203.7389374
38690,B-220-3-10_masks.tif,17,17203,841.5979797,334.804496,66.36592311,5.044825421,0.980156965,-81.94785623,2865.647271,2361.072894,0,0,,,
38691,B-220-3-10_masks.tif,18,19853,934.6690476,355.1644733,73.64397487,4.822722755,0.978266452,77.99724762,2869.305395,2445.905757,0,0,,,
38692,B-220-3-10_masks.tif,19,12979,617.3553391,217.8602209,76.68410114,2.841008992,0.936004655,84.36699807,3089.967563,2435.26096,0,0,,,
38693,B-220-3-10_masks.tif,20,19809,1018.669048,394.5681761,68.03634103,5.799373837,0.985021352,-7.975562764,1266.250896,2612.525569,0,0,,,
38694,B-220-3-10_masks.tif,21,15068,742.8111832,269.194438,73.58229071,3.658413396,0.961916762,-30.5579352,1822.825922,2579.258561,0,0,,,
38695,B-220-3-10_masks.tif,22,9296,579.9411255,211.9314718,63.26178759,3.35007087,0.954409275,-12.2619109,1867.303571,2633.072504,0,0,,,
38696,B-220-3-10_masks.tif,23,20921,885.0121933,335.5234791,81.23152347,4.130459023,0.970250344,-7.389237983,1625.730892,2713.775202,0,0,,,
38697,B-220-3-10_masks.tif,24,16486,807.254834,299.5157167,72.61752293,4.12456532,0.970163955,14.09552985,1714.400461,2792.464515,0,0,,,
38698,B-220-3-10_masks.tif,25,22574,922.3259018,349.6890193,84.27061132,4.149596328,0.97052827,12.94044281,1545.249402,2838.741295,0,0,,,
38699,B-220-3-10_masks.tif,26,11559,544.9705627,215.847287,74.93910822,2.880302316,0.937796372,3.082768796,1775.087378,2762.551172,0,0,,,
38700,B-220-3-10_masks.tif,27,20763,1135.681241,411.9430967,68.94214772,5.975199646,0.985896119,20.66714867,1718.697346,2979.890478,0,0,,,
38701,B-220-3-10_masks.tif,28,19272,956.4091629,335.0998663,75.89086858,4.41554923,0.974017585,43.04616611,1939.438616,2970.462484,0,0,,,
38702,B-220-3-10_masks.tif,29,19041,1127.865007,391.8365534,63.80198921,6.141447286,0.986654458,47.31472485,1933.702379,3050.078935,0,0,,,
38703,B-220-3-10_masks.tif,30,21497,1129.296465,427.9123973,65.54554071,6.528474594,0.988199057,74.12964469,1414.828069,3241.526585,8988,0.418104852,213.068985,216.8768311,219.0522919
38704,B-220-3-10_masks.tif,31,15078,1011.012193,405.7926426,48.84949375,8.306997912,0.992727834,79.08129481,2750.908343,3230.465048,0,0,,,
38705,B-220-3-11_masks.tif,1,13654,843.6984848,365.4816616,49.04859767,7.451419184,0.990953912,-89.22991316,2713.093013,26.16442068,0,0,,,
38706,B-220-3-11_masks.tif,2,11839,726.2842712,302.1623165,51.62412212,5.853122611,0.985297228,83.49788143,3234.209393,30.62437706,0,0,,,
38707,B-220-3-11_masks.tif,3,23391,980.7523087,336.7847064,91.2388013,3.691244313,0.9626043,53.62635863,4310.057672,100.1145312,22154,0.947116412,201.4405518,200.7485809,191.2231598
38708,B-220-3-11_masks.tif,4,18693,914.4264069,362.2065716,67.47315431,5.368158275,0.98249601,80.45628251,4589.612529,41.5947681,15221,0.814262023,200.7726135,203.878067,189.4512177
38709,B-220-3-11_masks.tif,5,11884,637.4558441,251.9803094,62.17257268,4.052917526,0.969082776,-82.371167,5171.14549,30.49949512,0,0,,,
38710,B-220-3-11_masks.tif,6,13532,683.7989899,291.6476369,62.82925489,4.641908255,0.976519585,-3.45315923,2271.242388,125.5133018,0,0,,,
38711,B-220-3-11_masks.tif,7,11038,670.3259018,220.9670335,73.59291526,3.002558503,0.942909415,37.35778532,3922.800236,73.99447364,3525,0.319351332,186.2190094,178.0453949,189.386673
38712,B-220-3-11_masks.tif,8,13270,739.8406204,279.1722338,61.52742835,4.537362299,0.975411301,75.04457045,875.0425772,66.11883949,0,0,,,
38713,B-220-3-11_masks.tif,9,22868,1180.208153,405.3164781,75.46151876,5.371167779,0.982515794,-55.49294137,3703.293773,199.7746633,17943,0.784633549,203.62677,204.1462402,192.8414917
38714,B-220-3-11_masks.tif,10,18522,795.3553391,321.5255317,75.57641748,4.254310305,0.971981896,87.69398488,3534.128064,141.5256452,15490,0.836302775,201.7843781,205.1688843,192.4194336
38715,B-220-3-11_masks.tif,11,28075,1245.178716,441.2036927,83.63481471,5.275359241,0.981869033,-48.68404284,3760.355833,262.1209973,22172,0.789741763,204.0397797,204.371994,191.0593109
38716,B-220-3-11_masks.tif,12,13135,801.6984848,320.3910015,54.69360668,5.857924189,0.985321501,86.96680071,4621.313894,217.8567948,7720,0.587742672,202.9367828,209.2450714,203.7094574
38717,B-220-3-11_masks.tif,13,16701,840.7695526,327.5878802,66.42147023,4.93195768,0.97922862,-6.850637783,3342.415364,399.5752949,13870,0.830489192,198.6673431,198.2384338,176.4259491
38718,B-220-3-11_masks.tif,14,16337,703.4558441,282.8487246,76.71283047,3.687111046,0.962518778,-86.817739,5314.957397,298.8761707,14557,0.891044867,197.9824829,202.0394287,187.071106
38719,B-220-3-11_masks.tif,15,24922,1265.379726,465.7084402,73.89703748,6.302125986,0.98733061,31.51169311,4203.539804,557.8294278,23771,0.953815906,204.552948,203.3971252,194.7991638
38720,B-220-3-11_masks.tif,16,31252,1268.693434,417.1144364,100.4084833,4.154175254,0.970594188,52.26773183,262.0880584,617.8531614,26266,0.840458211,194.5212097,195.9070587,182.5305786
38721,B-220-3-11_masks.tif,17,8762,648.8700577,247.8674924,48.86568645,5.072424238,0.980374463,88.52402424,5004.292399,504.4925816,0,0,,,
38722,B-220-3-11_masks.tif,18,31424,1211.681241,446.4317919,92.85292435,4.807945415,0.978131154,-68.64700196,3911.253373,670.511679,28329,0.901508401,205.1617432,206.3948212,189.8928986
38723,B-220-3-11_masks.tif,19,22707,1066.793939,380.3662356,77.27050564,4.922528104,0.979148116,38.08398175,2470.948034,803.0575153,19972,0.879552561,201.4658508,201.535553,192.8512878
38724,B-220-3-11_masks.tif,20,16103,1044.426407,437.8437644,48.59744291,9.009604995,0.993821226,79.20035563,5106.624356,713.817239,0,0,,,
38725,B-220-3-11_masks.tif,21,26343,1108.994949,400.3768934,85.95083954,4.658208059,0.976685579,-61.48224235,2887.004441,775.7312759,22806,0.865732832,204.9568481,206.6904755,191.9984283
38726,B-220-3-11_masks.tif,22,23907,1060.308658,369.2086458,84.08920809,4.390678117,0.973718412,-50.89302074,1277.649266,812.3589744,17840,0.746224955,198.4033661,202.2837372,186.0998383
38727,B-220-3-11_masks.tif,23,25583,1164.409163,425.0440994,79.32241171,5.358436414,0.982431869,26.90747356,1850.637689,993.4288786,24760,0.9678302,203.9378815,202.3995972,190.0488739
38728,B-220-3-11_masks.tif,24,25168,1261.580736,459.2127161,76.75620105,5.982744193,0.985931922,21.85149368,1799.279879,1047.368206,21517,0.854934838,204.7470856,203.3427582,195.3715668
38729,B-220-3-11_masks.tif,25,19026,952.3259018,375.3887143,70.53719016,5.321855229,0.982187323,11.21886862,1715.756439,1005.79528,6335,0.332965416,178.3313293,171.2015839,164.1275482
38730,B-220-3-11_masks.tif,26,12214,791.8406204,316.1293592,50.99658378,6.199030126,0.986902878,74.94412645,364.5271819,877.8053873,0,0,,,
38731,B-220-3-11_masks.tif,27,27243,1031.539105,379.5509505,93.87005089,4.043365768,0.968934186,69.23635456,3083.995412,960.5392211,21817,0.800829571,199.4059753,199.0543213,185.9664917
38732,B-220-3-11_masks.tif,28,16065,791.1543289,267.4932583,83.81918312,3.191313114,0.949637498,62.57671736,5339.606038,970.1594771,13682,0.85166511,198.3465118,201.5111084,185.9622803
38733,B-220-3-11_masks.tif,29,16634,1112.894444,402.3622699,54.26520684,7.414737606,0.990863773,57.59961905,1143.609174,1037.065348,0,0,,,
38734,B-220-3-11_masks.tif,30,25535,982.1837662,406.1561514,81.02701369,5.012601759,0.979898397,-1.170519457,522.9948698,1158.242177,24057,0.942118661,204.309967,204.2167358,194.1159363
38735,B-220-3-11_masks.tif,31,22340,900.5269119,373.9184576,76.83612251,4.86644101,0.97865943,0.101392131,446.00188,1143.460609,14493,0.648746643,196.5097656,195.0461578,185.348175
38736,B-220-3-11_masks.tif,32,20350,1030.367532,387.8119106,68.55591821,5.656869905,0.984251072,22.15239688,668.0852088,1187.580934,14288,0.702113022,199.4654999,197.934494,178.581604
38737,B-220-3-11_masks.tif,33,23538,1093.982756,413.3968536,75.94626579,5.443280843,0.982979975,76.88480484,2386.719772,1076.016909,7600,0.322882148,192.9725037,190.4901276,158.183548
38738,B-220-3-11_masks.tif,34,21524,1069.095454,387.9850249,72.31605671,5.365129717,0.982476067,63.60190998,4033.704005,1234.138357,19025,0.883897045,202.4855652,201.4531403,192.1554871
38739,B-220-3-11_masks.tif,35,29535,1279.764502,439.1168881,89.16866909,4.924564789,0.979165544,-41.87637875,1682.495378,1431.678788,17194,0.582156763,204.6608124,205.3171387,189.8412781
38740,B-220-3-11_masks.tif,36,21692,935.254834,369.7789684,77.39957318,4.777532397,0.977848678,-6.159020552,3806.026784,1465.086944,19858,0.915452701,207.1672821,207.2910614,197.0140991
38741,B-220-3-11_masks.tif,37,23166,1106.911688,439.272669,69.68613883,6.303587433,0.987336521,80.04661599,4110.397306,1347.623155,21689,0.93624277,205.8417206,205.0254059,195.1214447
38742,B-220-3-11_masks.tif,38,23766,1065.59798,434.534029,73.6588971,5.899274169,0.985528058,89.7925148,2763.614239,1403.51195,18494,0.778170496,200.7602997,202.3768768,187.3661194
38743,B-220-3-11_masks.tif,39,23958,950.509668,327.4441727,94.6552459,3.459334658,0.957307078,51.39535352,3968.172218,1545.332415,20686,0.863427665,201.4688263,200.3264465,186.9751587
38744,B-220-3-11_masks.tif,40,15135,814.3675324,291.9575747,70.09846234,4.164964037,0.970748627,59.80825848,1024.494483,1526.765246,0,0,,,
38745,B-220-3-11_masks.tif,41,25489,996.3675324,364.2873441,93.13411546,3.91142754,0.966766458,24.17465191,3728.86861,1604.767037,16836,0.660520224,207.1907196,206.6560974,195.1569214
38746,B-220-3-11_masks.tif,42,12377,768.9533188,282.4371932,61.65766301,4.580731404,0.975880423,52.52008509,1460.353801,1637.452614,8892,0.718429345,206.4978638,208.3227692,206.3205109
38747,B-220-3-11_masks.tif,43,22104,926.509668,331.5781275,87.50599039,3.789204899,0.964547964,56.99931732,1408.911238,1677.025787,583,0.026375317,219.8216095,204.998291,205.0548859
38748,B-220-3-11_masks.tif,44,13965,736.3259018,268.974002,73.24814483,3.672093029,0.962205539,19.60345254,1156.56527,1696.654708,0,0,,,
38749,B-220-3-11_masks.tif,45,20894,1082.551299,387.8627579,75.73074954,5.121601994,0.980753225,-44.15882823,1646.417823,1727.044845,15435,0.738728822,203.7220001,207.458374,192.3446655
38750,B-220-3-11_masks.tif,46,27164,987.5391052,358.3357526,99.62926952,3.596691558,0.960571438,68.46444881,2468.537145,1669.641143,20511,0.755080253,201.164444,201.0750275,188.9642639
38751,B-220-3-11_masks.tif,47,31193,1300.936075,461.1578919,89.21221981,5.169223374,0.981109611,54.11331425,1363.64476,1746.96355,26416,0.846856667,206.2749023,205.9505157,199.9353485
38752,B-220-3-11_masks.tif,48,19625,1268.107648,429.590349,64.79268812,6.630228834,0.988560576,52.68663984,1091.299363,1765.31893,0,0,,,
38753,B-220-3-11_masks.tif,49,18212,836.3675324,286.0099183,84.27818728,3.393641077,0.955599458,-36.16557326,5348.637656,1785.423183,16637,0.913518559,200.0813904,204.2020264,182.402771
38754,B-220-3-11_masks.tif,50,28544,1188.509668,426.1341999,92.15498911,4.624103415,0.976336221,67.35574132,1386.98483,1860.538292,17020,0.596272422,200.015686,200.1416016,186.0555878
38755,B-220-3-11_masks.tif,51,21520,883.3553391,353.3676773,79.13407943,4.46542981,0.974602333,-86.18072822,168.4547398,1839.348281,16375,0.760920074,201.2752991,203.8343811,193.0638733
38756,B-220-3-11_masks.tif,52,21849,1079.296465,395.8402589,72.57647916,5.454112179,0.983048091,17.61228971,4674.360978,2020.956703,20680,0.946496407,197.7268372,199.8414001,184.781723
38757,B-220-3-11_masks.tif,53,9548,627.1543289,225.083338,55.34477615,4.066930137,0.969298828,-50.02018437,5169.058337,1942.442501,459,0.048072895,178.3834381,177.2614441,189.5119781
38758,B-220-3-11_masks.tif,54,24856,1073.480231,367.4801211,88.9638176,4.130669423,0.970253421,43.13971275,3238.881558,2072.479763,19956,0.8028645,200.823761,200.5252075,185.4002838
38759,B-220-3-11_masks.tif,55,28392,1092.308658,375.5419415,97.74343292,3.842119417,0.965535063,47.03787971,147.5898493,2090.42917,21879,0.770604396,198.4712219,200.442337,190.5323334
38760,B-220-3-11_masks.tif,56,9592,561.3553391,209.5158317,60.90432236,3.440081485,0.956817049,74.83353434,3628.309529,2105.059529,0,0,,,
38761,B-220-3-11_masks.tif,57,24655,1024.509668,366.8264196,87.41557513,4.19635081,0.971191031,29.97950681,3028.5087,2368.863557,18562,0.7528696,200.1970215,198.9838409,184.5622253
38762,B-220-3-11_masks.tif,58,19527,828.4264069,319.2136213,79.52626336,4.013939645,0.96846959,78.187569,4578.943668,2374.115532,18275,0.935883648,198.5836945,199.5428162,184.4491425
38763,B-220-3-11_masks.tif,59,24603,1000.953319,364.2396948,88.66888467,4.107863725,0.969917079,-66.67822358,684.3738975,2467.728407,18147,0.737592976,205.1968994,208.4468536,199.4410095
38764,B-220-3-11_masks.tif,60,23003,905.8406204,345.8756039,86.32459313,4.006686755,0.968353468,-8.544707041,2878.724079,2567.927618,19055,0.828370213,207.276413,207.0141144,194.2681732
38765,B-220-3-11_masks.tif,61,10892,667.3553391,254.6795746,56.32294756,4.521772841,0.975239307,12.96544586,2786.899284,2557.071796,1241,0.113936834,196.0298157,193.6067657,201.9806671
38766,B-220-3-11_masks.tif,62,22889,1163.279221,402.2702592,74.60739896,5.391827953,0.982650709,49.19066065,553.8547774,2618.025034,14499,0.633448381,197.1368408,197.8797913,188.2788544
38767,B-220-3-11_masks.tif,63,20137,1010.651804,344.2544551,75.9702134,4.531439885,0.975346173,45.48071752,4173.072553,2631.733029,19375,0.962159209,196.3244934,198.8713837,180.5919952
38768,B-220-3-11_masks.tif,64,19899,993.0954544,347.8446119,75.51479691,4.606310633,0.976150819,61.38315631,835.9613046,2606.329263,17984,0.903764008,204.5428162,203.6994019,195.2062988
38769,B-220-3-11_masks.tif,65,27191,1183.923882,434.3953845,83.53292898,5.200289153,0.981336774,65.82372063,736.9349417,2630.980104,19659,0.72299658,206.9113922,206.4644623,198.5635071
38770,B-220-3-11_masks.tif,66,17267,765.9411255,316.2657045,75.79627868,4.17257562,0.97085685,79.52072916,122.3064227,2629.373024,13204,0.764695662,195.1345062,196.5557404,178.2941589
38771,B-220-3-11_masks.tif,67,30303,1141.84062,463.1775814,85.28306661,5.43106152,0.982902636,2.234762072,3022.831403,2853.935716,27852,0.919116919,203.2878113,203.4307404,191.3082428
38772,B-220-3-11_masks.tif,68,12777,876.2670273,325.0909233,54.34276667,5.982229893,0.985929485,35.62972621,2814.654849,2793.205995,0,0,,,
38773,B-220-3-11_masks.tif,69,24013,1131.03658,402.159534,77.62887195,5.180540744,0.981192847,43.3637034,2584.789822,2863.887561,18372,0.765085579,196.4930267,198.1004181,187.7468414
38774,B-220-3-11_masks.tif,70,24746,1133.012193,461.3739883,69.98541065,6.592430966,0.988428254,83.63204938,5054.552938,2767.738948,24297,0.981855653,199.057663,200.5277557,190.160965
38775,B-220-3-11_masks.tif,71,14554,915.2964646,325.4253929,59.26859679,5.490688333,0.983275103,21.79166288,2938.758417,2927.315515,0,0,,,
38776,B-220-3-11_masks.tif,72,21561,1274.249783,442.6158618,67.34225938,6.572631597,0.98835802,44.17111217,887.3034646,3004.416307,17731,0.822364454,203.0628204,203.1442719,196.1331024
38777,B-220-3-11_masks.tif,73,9138,773.882251,272.807854,51.35284204,5.312419785,0.982123416,32.3612623,827.6381046,3037.756292,1405,0.153753557,209.7224274,204.4142303,211.389328
38778,B-220-3-11_masks.tif,74,19156,1217.580736,459.0397059,67.86822237,6.76369131,0.989010056,24.94835308,4939.113855,3351.641366,5569,0.290718313,198.9360809,188.71521,198.0481262
38779,B-220-3-11_masks.tif,75,25789,992.8111832,377.6899779,88.20785843,4.281817796,0.972345834,74.54826437,184.9733995,3213.550351,16873,0.654271201,191.8005676,194.1891785,182.748291
38780,B-220-3-11_masks.tif,76,32411,1289.63961,534.4713298,98.74630732,5.412570296,0.98278459,89.57796151,1125.33032,3234.794113,19602,0.604794668,203.5222473,206.9618988,199.1098328
38781,B-220-3-11_masks.tif,77,26138,1163.23759,411.3361815,85.60778258,4.804892372,0.978103043,28.7617123,5037.691139,3405.86445,24723,0.945864259,197.7740936,197.8305206,190.1173401
38782,B-220-3-11_masks.tif,78,22587,1237.23759,465.2283779,65.21469519,7.133796709,0.990126346,27.10507159,4921.325674,3447.94426,14724,0.6518794,196.6356964,196.9006348,182.6649017
38783,B-220-3-11_masks.tif,79,25825,1256.350288,437.3051117,77.42001512,5.648476186,0.984203855,49.00541848,1482.955973,3494.532081,19914,0.771113262,195.4688721,196.5927429,187.2987823
38784,B-220-3-11_masks.tif,80,21992,1150.651804,427.5287705,67.11012712,6.370555219,0.987603023,60.28304715,1025.635413,3457.331257,14832,0.674427064,200.2722473,201.3950958,195.3331299
38785,B-220-3-11_masks.tif,81,8121,519.7989899,200.450505,59.58523085,3.364097146,0.954797637,-87.05597201,78.32840783,3416.224849,5768,0.710257357,194.1199799,201.3004456,205.2626495
38786,B-220-3-11_masks.tif,82,6879,646.2842712,260.8912343,40.97893522,6.366471772,0.987587015,84.1114759,4556.212822,3626.115278,4921,0.715365605,189.2777863,194.831543,196.383667
38787,B-220-3-11_masks.tif,83,9486,603.4558441,244.2576214,51.27555423,4.763627133,0.977717692,83.62576183,4791.146005,3622.178157,4333,0.45677841,177.9937744,178.1361694,155.1444702
38788,B-220-3-12_masks.tif,1,19349,879.4386002,296.7426137,86.80766132,3.418391986,0.956254754,54.37993767,1648.852964,82.52974314,15557,0.80402088,196.8096008,196.4700775,180.8941345
38789,B-220-3-12_masks.tif,2,17737,956.9949494,342.5326254,67.40642645,5.081601909,0.980445995,38.46496006,1520.703388,153.986469,16452,0.927552574,201.7732239,200.7518311,191.2381439
38790,B-220-3-12_masks.tif,3,18064,1043.23759,367.517428,68.41578337,5.371822259,0.982520092,34.5447634,1481.706156,202.4320195,9891,0.547553144,187.913559,186.3644714,169.590332
38791,B-220-3-12_masks.tif,4,23598,1228.994949,454.6511061,67.89269827,6.69661271,0.988787531,65.44409796,1950.025129,283.3820663,18753,0.79468599,201.1953888,201.1045685,192.794693
38792,B-220-3-12_masks.tif,5,20477,931.4974747,352.3734642,76.21788597,4.623238492,0.976327259,-77.47320092,2109.523368,437.8450945,17460,0.852663964,200.3885956,202.0304718,185.8697052
38793,B-220-3-12_masks.tif,6,15673,773.0538239,284.4234149,70.76868753,4.019057365,0.968551141,-63.34207058,2194.371403,492.1800549,292,0.018630766,201.0856171,165.4897308,165.9143829
38794,B-220-3-12_masks.tif,7,17528,817.2964646,276.717329,83.46059549,3.315544628,0.953431521,-66.21791938,1700.607599,502.5468393,11733,0.669386125,199.5558624,199.7073212,180.927475
38795,B-220-3-12_masks.tif,8,19101,943.8406204,372.2408253,68.08667058,5.467161519,0.983129611,-84.23899419,1931.334485,517.4217057,12311,0.644521229,197.7325897,201.1495361,186.6694031
38796,B-220-3-12_masks.tif,9,26505,973.4974747,375.6614002,92.03206498,4.081853431,0.969526427,83.12227309,1806.602037,596.089153,25,0.000943218,237.6799927,174.4799957,221.0800018
38797,B-220-3-12_masks.tif,10,28015,1279.178716,440.3518082,82.72211934,5.323265551,0.982196846,48.8180243,1383.940925,1310.981439,23506,0.839050509,195.8467255,196.52948,185.6205292
38798,B-220-3-12_masks.tif,11,18777,966.9533188,352.8327608,69.581499,5.070784129,0.980361638,23.40156317,3813.265378,1552.76828,17659,0.940459072,200.3055115,200.4797058,188.6961823
38799,B-220-3-12_masks.tif,12,19025,940.5685425,355.2937362,69.54868848,5.108561269,0.980653866,13.85275643,1538.408673,1615.294139,13727,0.72152431,203.391861,202.7272491,190.2707062
38800,B-220-3-12_masks.tif,13,19282,1080.793939,363.705208,70.24811439,5.177437304,0.981170077,-44.57107902,1084.043253,1684.288819,18090,0.938180687,199.8563232,204.8668365,185.9585419
38801,B-220-3-12_masks.tif,14,10480,669.3969696,247.4789936,54.92979883,4.505368649,0.975056359,30.6667125,1459.023378,1734.27729,0,0,,,
38802,B-220-3-12_masks.tif,15,30264,1456.735065,506.1431926,78.84958354,6.419097856,0.987790966,55.3436129,3743.71894,1812.011763,26238,0.866970658,197.9862823,198.9345551,186.7310028
38803,B-220-3-12_masks.tif,16,23840,1252.450793,447.9812511,70.06063061,6.394193819,0.987695084,-32.85590884,1619.495176,1888.724203,15212,0.638087248,201.620636,204.2642059,191.199707
38804,B-220-3-12_masks.tif,17,17043,855.4386002,296.0467742,75.05971161,3.944150169,0.967324892,50.71638196,3404.155254,1835.571085,16257,0.953881359,199.5013275,200.4793701,187.9298706
38805,B-220-3-12_masks.tif,18,13061,739.254834,284.3538794,61.31855514,4.637321912,0.976472557,-76.97486664,1880.123344,1850.104203,9290,0.71127785,198.6522064,200.8862152,183.8828888
38806,B-220-3-12_masks.tif,19,31873,1385.421356,508.3397711,81.66405808,6.224767456,0.98701167,53.19724482,2118.079566,2084.988799,27222,0.854077119,203.1716614,203.0329132,193.2643127
38807,B-220-3-12_masks.tif,20,20861,1070.509668,361.2485804,79.47727733,4.545306439,0.975498255,-24.88073726,3365.626864,2145.39907,19048,0.913091415,205.5858917,205.7191315,190.2062225
38808,B-220-3-12_masks.tif,21,13948,841.3969696,301.2530816,61.56067619,4.893596047,0.97889816,-18.32857691,3263.320261,2263.272082,12323,0.883495842,202.686203,205.2211304,194.1607513
38809,B-220-3-12_masks.tif,22,25272,1101.59798,450.1409579,76.34420076,5.896203686,0.985512871,87.41061591,2699.131925,2228.943811,18130,0.717394745,200.5568695,202.1040802,189.052948
38810,B-220-3-12_masks.tif,23,22193,885.9411255,366.4610951,78.84523741,4.647853277,0.976580333,86.09508184,4026.606182,2280.098004,20347,0.916820619,200.6623535,201.6563568,188.1694183
38811,B-220-3-12_masks.tif,24,24375,1078.509668,390.03702,81.01280892,4.81451051,0.978191419,63.89179501,1730.2112,2359.188472,18234,0.748061538,195.9080811,196.9165802,184.4507446
38812,B-220-3-12_masks.tif,25,17183,736.5269119,295.4234339,75.86301823,3.894169264,0.966466114,-87.01372148,2323.353954,2315.283478,13243,0.770703602,198.1190033,200.6554413,188.6773376
38813,B-220-3-12_masks.tif,26,10089,715.4974747,271.6468523,48.79309932,5.56732112,0.983736143,21.43072448,3496.663495,2613.679453,10089,1,193.7992859,198.2969513,177.5240326
38814,B-220-3-12_masks.tif,27,20388,1225.521861,411.2531108,65.56024522,6.272903792,0.987211528,-52.75154936,2615.130469,2767.199823,20167,0.98916029,200.3441772,205.8563995,191.0245514
38815,B-220-3-12_masks.tif,28,18576,886.0243866,318.3795026,75.13582377,4.237386197,0.971754381,60.64242774,1908.90983,2821.767119,15562,0.837747631,197.1689301,199.3782349,187.0456238
38816,B-220-3-13_masks.tif,1,12631,688.8111832,237.3167501,76.38507977,3.106846924,0.946783963,-38.55659424,1894.275433,77.71886628,7508,0.594410577,196.488678,201.1744843,182.8993073
38817,B-220-3-13_masks.tif,2,16559,891.1959595,275.4000095,80.69820357,3.412715492,0.956105763,51.55567224,5262.8576,92.05942388,14962,0.903556978,185.7130127,195.2868652,172.4064331
38818,B-220-3-13_masks.tif,3,12399,728.7695526,289.2477519,56.81177729,5.091334327,0.980521423,78.23906967,3502.941366,93.73086539,5421,0.437212678,196.4071198,199.8186646,165.9363556
38819,B-220-3-13_masks.tif,4,10797,770.1248917,283.0621044,50.51773157,5.603222781,0.983945586,-58.51077049,1159.740854,215.7915162,9454,0.875613596,189.7098541,197.1895447,181.3176422
38820,B-220-3-13_masks.tif,5,20202,1067.59798,436.9857844,60.50715639,7.222051249,0.990367353,83.72448155,2412.87422,183.3092763,17499,0.866201366,192.9155884,197.7243805,181.8897095
38821,B-220-3-13_masks.tif,6,21589,1138.610173,410.9399024,69.83515288,5.884427619,0.9854544,-69.88825018,2770.380008,234.2838483,17886,0.828477465,195.7423096,199.7145233,180.7171478
38822,B-220-3-13_masks.tif,7,10799,704.2842712,298.7562437,47.32809056,6.312450812,0.987372285,84.67408729,3393.916566,292.5492175,0,0,,,
38823,B-220-3-13_masks.tif,8,21731,984.8528137,355.9557028,79.3555125,4.485582559,0.974832973,63.96182931,2666.989186,419.2073075,18229,0.838847729,191.9082184,193.1868439,181.3231659
38824,B-220-3-13_masks.tif,9,18638,1017.681241,368.1990179,72.54773082,5.075265811,0.980396653,59.63567677,3874.954609,451.9275137,10460,0.561219015,191.5057373,193.6472321,175.6776276
38825,B-220-3-13_masks.tif,10,14664,846.0243866,281.3127607,69.51967449,4.046520108,0.968983375,48.43089678,1346.864294,597.9032324,13179,0.898731588,196.1832428,196.4422913,185.6772156
38826,B-220-3-13_masks.tif,11,18881,952.5685425,349.6130207,73.10181512,4.782549108,0.97789565,-74.98510798,4261.199513,557.3150787,16587,0.878502198,199.973053,204.7272491,190.8417511
38827,B-220-3-13_masks.tif,12,7360,483.6984848,182.0350041,52.60346005,3.460513889,0.957336818,-76.66800505,1075.119565,581.4831522,7330,0.995923913,189.3931732,196.4979553,169.5478821
38828,B-220-3-13_masks.tif,13,18753,896.8528137,331.2626914,74.30857791,4.457933399,0.974515727,57.32459571,1315.109582,660.3023516,13588,0.724577401,192.2821655,190.1714783,180.7201233
38829,B-220-3-13_masks.tif,14,9669,678.5269119,279.9342358,47.24427288,5.925252283,0.9856556,81.40169221,3478.243355,686.2935154,0,0,,,
38830,B-220-3-13_masks.tif,15,20634,934.1837662,382.8573359,70.16411804,5.456597283,0.983063661,-82.7669765,1090.108171,724.1659882,17471,0.846709315,190.7692719,197.317276,181.8823242
38831,B-220-3-13_masks.tif,16,20224,1170.107648,415.4403332,67.89836012,6.118562104,0.986553758,-48.109883,2074.533574,1029.000049,15708,0.776700949,198.7331238,202.4332123,185.3407745
38832,B-220-3-13_masks.tif,17,9115,697.8406204,262.1957708,45.9932549,5.700743975,0.984494455,-74.93564763,3595.710477,1123.057707,7456,0.81799232,201.1350555,208.238739,202.112793
38833,B-220-3-13_masks.tif,18,13041,947.4974747,346.0577596,50.27122287,6.883814235,0.989392299,-80.93501043,3861.886742,1133.986351,0,0,,,
38834,B-220-3-13_masks.tif,19,14784,896.1837662,365.2960774,53.88362853,6.779351861,0.989061053,84.41806802,4453.294575,1146.314732,14191,0.959889069,194.7759094,204.18927,186.5341339
38835,B-220-3-13_masks.tif,20,18724,973.6396103,357.5386247,69.31053556,5.158503276,0.981030256,17.91476353,5270.171705,1519.469985,15765,0.841967528,185.5228729,190.6683807,166.6034241
38836,B-220-3-13_masks.tif,21,16533,971.6812409,340.720251,64.38076034,5.292268206,0.981985767,60.73489952,3541.824896,1513.961773,10508,0.63557733,192.0803223,193.2848358,175.509613
38837,B-220-3-13_masks.tif,22,24515,1027.681241,370.330834,86.10529696,4.30090653,0.972594216,24.40716667,2009.735631,1656.133836,17477,0.712910463,191.2935791,190.1891022,171.4766235
38838,B-220-3-13_masks.tif,23,18952,1039.480231,366.0373815,68.00840537,5.382237379,0.982588276,52.52308513,3294.586957,1627.507756,12535,0.661407767,190.3061066,190.517746,169.4852753
38839,B-220-3-13_masks.tif,24,25009,1134.852814,420.3377403,78.33686957,5.365771476,0.982480296,-22.21288536,1835.170379,1722.728618,17492,0.699428206,197.6938629,198.7575989,182.9057312
38840,B-220-3-13_masks.tif,25,16037,932.9533188,336.0398615,65.62913022,5.12028516,0.980743226,-23.67832355,4312.98466,1669.883769,14857,0.926420153,194.4391937,197.5198212,176.1871185
38841,B-220-3-13_masks.tif,26,16012,710.5269119,284.0074543,72.74056452,3.904388922,0.966644458,-3.928102372,1921.725393,1721.017924,12265,0.765988009,198.9506683,200.0614014,186.7748871
38842,B-220-3-13_masks.tif,27,12337,694.9116882,254.6188748,63.80914393,3.990319555,0.968089037,67.98507265,2450.842993,1631.974791,8197,0.66442409,189.8006592,190.5847321,174.3392639
38843,B-220-3-13_masks.tif,28,20080,988.4091629,341.726257,80.13216645,4.264532861,0.972117984,-36.54469236,1898.962102,1945.926793,4431,0.220667331,199.6014404,203.3674164,201.5452423
38844,B-220-3-13_masks.tif,29,14342,762.4680374,276.403191,67.9436386,4.06812465,0.96931714,-28.25736666,1962.866197,1968.114489,12936,0.901966253,205.8282318,204.8368073,186.8227386
38845,B-220-3-13_masks.tif,30,12938,749.4974747,268.3568731,63.00614644,4.259217365,0.972047346,-10.70071259,1788.781342,2008.226465,8736,0.675220281,206.6519012,206.2764435,194.2271118
38846,B-220-3-13_masks.tif,31,18904,872.1837662,344.6992199,73.77222405,4.672479709,0.976829471,-4.619817705,1641.149386,2160.799196,15003,0.793641557,206.3656006,205.1774902,191.6056061
38847,B-220-3-13_masks.tif,32,22085,947.0121933,381.9111404,78.44076147,4.868784204,0.978680189,-6.661898942,1575.666108,2182.690876,10121,0.458274847,203.7900391,201.8814392,180.5626984
38848,B-220-3-13_masks.tif,33,16064,884.2670273,307.4230856,69.09982904,4.448970278,0.97441159,-55.40932824,2433.016248,2142.223979,9544,0.594123506,205.6820984,206.1361084,184.8600159
38849,B-220-3-13_masks.tif,34,15082,785.0121933,305.7332874,64.46868824,4.742353159,0.977515024,-11.77869721,4822.316735,2198.96824,11210,0.743270123,190.5111542,194.6811829,174.5429993
38850,B-220-3-13_masks.tif,35,16533,916.1248917,306.1738798,73.16443763,4.184736324,0.971028506,-66.53498402,2575.029033,2141.675558,13064,0.790177221,197.577774,197.7357635,177.629364
38851,B-220-3-13_masks.tif,36,22463,991.5391052,364.1843066,80.52027098,4.522889729,0.975251689,-20.21579011,1690.585852,2273.140498,17609,0.783911321,204.6539764,206.2502747,189.7392273
38852,B-220-3-13_masks.tif,37,13060,735.7817459,261.2615544,65.28820836,4.001665246,0.968272692,-40.59147721,1820.780322,2279.327335,8591,0.657810107,200.540451,201.7330933,170.477478
38853,B-220-3-14_masks.tif,1,20355,1089.941125,469.035687,56.3564252,8.3226657,0.992755288,82.94992641,1358.443183,43.84657332,0,0,,,
38854,B-220-3-14_masks.tif,2,30211,1417.379726,538.956762,79.95680605,6.740598939,0.988934205,64.60431784,2338.33554,154.1121115,25606,0.847572076,194.8292999,194.4712524,188.3426514
38855,B-220-3-14_masks.tif,3,29521,1260.793939,430.0478435,89.5874595,4.800312967,0.978060776,58.55169998,2291.052302,211.6025202,20904,0.708106094,191.5262604,193.0563507,182.0430603
38856,B-220-3-14_masks.tif,4,10163,757.3553391,297.4477636,47.54345722,6.25633433,0.987143258,-11.61012328,1968.974515,252.6411493,0,0,,,
38857,B-220-3-14_masks.tif,5,26965,1181.497475,472.5917737,75.71034089,6.242103366,0.987084185,5.652548552,2122.275468,342.8970146,18705,0.693676989,192.7219391,192.7484589,173.0756989
38858,B-220-3-14_masks.tif,6,16813,1180.350288,414.7398821,53.12332009,7.807115245,0.99176277,50.6844167,1331.611194,270.2696128,0,0,,,
38859,B-220-3-14_masks.tif,7,15632,907.1543289,344.9801259,59.256526,5.821808148,0.985137439,-17.53442536,1892.01369,367.8557446,0,0,,,
38860,B-220-3-14_masks.tif,8,15179,862.2670273,316.3071801,61.75623523,5.1218663,0.980755231,-55.4184571,3502.045985,278.9920285,11020,0.726003031,199.9372101,201.4798584,185.9891968
38861,B-220-3-14_masks.tif,9,18726,1225.178716,428.7242501,59.13793889,7.249563617,0.990440679,49.37496657,1280.319075,350.9103386,0,0,,,
38862,B-220-3-14_masks.tif,10,21738,911.4974747,359.0822957,78.54741315,4.571535603,0.975782085,-77.81951788,944.1560401,282.7676419,15672,0.720949489,191.4009705,195.4862213,177.3281708
38863,B-220-3-14_masks.tif,11,7789,560.9116882,189.7376847,54.58069683,3.476278166,0.957731401,52.0668043,2495.229169,291.2856593,5013,0.643599949,201.098938,200.1817322,201.1101074
38864,B-220-3-14_masks.tif,12,23543,1077.053824,419.4833323,75.53279951,5.553657948,0.983655354,-73.76109136,3632.458098,300.5213014,12549,0.533024678,196.3910217,196.375412,167.3711853
38865,B-220-3-14_masks.tif,13,17583,799.6984848,327.067961,71.72599079,4.559964351,0.975657485,-88.66349777,4212.412501,278.8416652,11346,0.645282375,191.7893524,195.0205383,172.4931183
38866,B-220-3-14_masks.tif,14,11023,841.9827561,313.2602692,50.18731534,6.241821605,0.987083011,72.0969023,1050.242039,411.528622,2134,0.19359521,177.8350525,185.3570709,154.6190186
38867,B-220-3-14_masks.tif,15,22662,1036.568542,397.2684814,77.84155346,5.103552842,0.9806155,77.97264354,3630.887786,440.5079869,18975,0.837304739,197.7423401,197.7488861,187.0161743
38868,B-220-3-14_masks.tif,16,24109,1018.325902,403.0176567,77.45891966,5.202985769,0.981356298,79.57454011,378.7424198,433.2703555,16862,0.699406861,188.5839691,191.4251556,178.6591797
38869,B-220-3-14_masks.tif,17,19464,1036.852814,382.1456893,67.52562598,5.65926911,0.984264529,66.57535056,190.7145499,474.5673551,12144,0.623921085,187.4766998,188.530304,176.0073242
38870,B-220-3-14_masks.tif,18,28086,1162.669048,457.901933,82.80200437,5.530082714,0.983514529,2.745558948,2167.792744,723.1367941,23180,0.825322225,194.9521637,195.1490021,184.0729523
38871,B-220-3-14_masks.tif,19,25758,1315.865007,471.8963587,76.94247871,6.133105751,0.986617885,54.33128372,3857.891839,612.2160106,19696,0.764655641,199.4227753,199.4111023,187.3560181
38872,B-220-3-14_masks.tif,20,14469,698.4680374,248.0903418,75.32050139,3.293795676,0.952799229,-33.62774705,2032.076232,680.7220264,7690,0.531481098,194.3524017,195.0058594,175.5351105
38873,B-220-3-14_masks.tif,21,25508,1185.865007,413.4781207,82.01726684,5.041354541,0.980129355,39.59792017,4113.298612,792.4927474,23080,0.904814176,198.4496155,199.2668915,185.8353119
38874,B-220-3-14_masks.tif,22,22218,978.1665222,344.0024338,84.44239458,4.073811922,0.969404101,47.3973307,1596.552075,760.4120083,14499,0.65257899,189.7677155,189.9091034,174.9655914
38875,B-220-3-14_masks.tif,23,12869,710.7695526,277.0223221,62.19329769,4.454215042,0.974472603,12.13057213,2123.844588,855.0519077,6686,0.519543088,187.9014282,184.6142731,182.9418182
38876,B-220-3-14_masks.tif,24,24844,1231.379726,439.0425114,76.8941812,5.709697465,0.984543427,33.06418129,2033.125785,999.2322895,15850,0.637981001,199.0184174,199.4567871,192.3348846
38877,B-220-3-14_masks.tif,25,13067,980.509668,357.5996275,47.67068109,7.501458324,0.991074737,28.92517066,2080.038417,967.1402005,1329,0.101706589,230.6335602,231.3589172,233.2753906
38878,B-220-3-14_masks.tif,26,24140,1064.911688,439.5695495,70.88196237,6.201430304,0.986913082,-10.45869788,3050.667606,1077.324399,19681,0.815285833,201.4660797,201.980484,187.1373901
38879,B-220-3-14_masks.tif,27,20129,797.9411255,327.2308215,79.50866981,4.115662132,0.970032734,-4.937932661,48.33598291,1116.60768,14097,0.700332853,189.014679,188.5193939,175.9613342
38880,B-220-3-14_masks.tif,28,8071,420.0416306,141.5444238,73.85410453,1.91654106,0.853084168,84.95218855,1207.550737,1010.544294,7890,0.97757403,197.5975952,198.4953156,186.4008942
38881,B-220-3-14_masks.tif,29,29884,1274.083261,530.8264456,78.92705439,6.725532199,0.988884291,87.83400642,2402.962723,1013.888402,23540,0.787712488,196.4444275,197.2197113,183.2818604
38882,B-220-3-14_masks.tif,30,24677,974.9533188,363.9791244,87.83892626,4.143710994,0.970443217,67.53993132,1241.880577,1102.212141,14213,0.575961422,189.7647858,188.6306152,171.0396881
38883,B-220-3-14_masks.tif,31,26368,1123.59798,476.092042,76.27730545,6.241594917,0.987082067,-89.02982089,338.1529126,1095.345608,19987,0.758002124,192.3673859,195.4694061,181.6515808
38884,B-220-3-14_masks.tif,32,26752,1347.23759,503.3932327,75.8363992,6.637884157,0.988587099,-65.85836978,2270.898662,1138.48374,21232,0.793660287,200.1827393,204.0771484,187.5674896
38885,B-220-3-14_masks.tif,33,21587,1047.4386,396.1057078,72.93191205,5.431171303,0.982903333,-66.75618759,4023.407792,1203.042479,17507,0.81099736,197.9462433,200.6479645,187.0178223
38886,B-220-3-14_masks.tif,34,23769,1167.39697,481.0019947,67.60545562,7.114839923,0.990073397,-78.29086373,3659.019395,1185.231604,19035,0.800833018,198.756134,200.9223022,186.2055664
38887,B-220-3-14_masks.tif,35,16319,1057.982756,403.2049347,55.26062527,7.296423677,0.990563654,75.87667895,751.539739,1293.640971,0,0,,,
38888,B-220-3-14_masks.tif,36,14563,714.3259018,277.3446547,68.66480733,4.039109196,0.968867622,-21.86335586,3029.209847,1496.783424,13034,0.895007897,200.5292358,201.1969452,188.2699127
38889,B-220-3-14_masks.tif,37,20588,879.254834,364.9436864,73.13945435,4.989696596,0.979711506,-77.78576921,3364.77006,1483.631144,13410,0.651350301,198.2847137,200.2093201,187.0571899
38890,B-220-3-14_masks.tif,38,24372,944.8700577,419.2411184,78.71894899,5.325796695,0.982213917,89.32364827,174.8494584,1555.169621,19426,0.797062203,189.7724762,193.5206909,182.1298218
38891,B-220-3-14_masks.tif,39,16638,855.3969696,321.6458454,67.24956478,4.782868803,0.977898638,-21.3080979,2606.709821,1739.658853,9082,0.545858877,198.8141327,199.4321747,180.8947296
38892,B-220-3-14_masks.tif,40,21664,971.0954544,350.1559508,80.98513541,4.323706431,0.972886505,-29.98676627,2690.478997,1730.444978,15929,0.735275111,198.6839752,200.0641022,179.7996063
38893,B-220-3-14_masks.tif,41,23044,1153.622366,414.4256715,73.92087615,5.606341443,0.983963588,37.99102514,3229.294524,1757.424839,16000,0.694323902,197.2580566,196.8631897,182.7401886
38894,B-220-3-14_masks.tif,42,24000,1101.59798,450.2454432,69.90643541,6.44068662,0.987873178,83.14042235,1104.396625,1668.802375,12726,0.53025,186.9826355,188.9876556,174.7916107
38895,B-220-3-14_masks.tif,43,17653,1147.137085,410.8380269,59.11754032,6.949511511,0.98959296,57.36034136,1797.993146,1745.989973,0,0,,,
38896,B-220-3-14_masks.tif,44,22290,1165.338095,428.0614729,77.18263467,5.546085266,0.983610317,25.57838805,1142.024585,1867.261193,11560,0.518618214,188.7789764,187.9506073,183.85112
38897,B-220-3-14_masks.tif,45,25781,1134.551299,386.0060041,88.8204758,4.345912366,0.973166687,46.29714343,1550.149568,1850.431713,9826,0.381133393,193.3165131,191.3497925,166.9188843
38898,B-220-3-14_masks.tif,46,24411,1137.740115,475.5537056,68.42519976,6.949979061,0.989594368,-79.82963488,3675.858506,1783.292163,19219,0.787309,202.1641083,201.9885559,192.4346161
38899,B-220-3-14_masks.tif,47,30421,1249.539105,487.7121763,82.46684222,5.914039669,0.985600759,14.9393593,1254.170803,1982.261727,12064,0.39656816,193.2241364,190.5365601,174.2503357
38900,B-220-3-14_masks.tif,48,19654,1047.941125,441.7695324,63.30953317,6.977930657,0.989677999,-89.06171192,3832.258675,1823.376361,14668,0.746311183,198.7637024,200.572464,189.6477356
38901,B-220-3-14_masks.tif,49,30082,1382.492424,475.8300327,84.52740662,5.629298848,0.984095175,37.47280523,203.6658467,2019.646766,17230,0.572767768,184.0293121,182.5405121,168.5892639
38902,B-220-3-14_masks.tif,50,28322,1262.208153,440.9880849,85.25426741,5.172621832,0.981134664,56.98136984,3667.982487,1940.68159,21301,0.75210084,192.3239288,192.1566162,179.0010834
38903,B-220-3-14_masks.tif,51,19696,1006.894444,350.1294199,77.32310264,4.528134644,0.975309713,41.31664903,1394.902214,2048.623121,11860,0.602152721,185.3443451,186.7478943,171.8766479
38904,B-220-3-14_masks.tif,52,19939,1089.84062,435.3417716,64.2453524,6.776237585,0.98905094,-88.77824318,2421.779076,1944.358243,17469,0.876122173,200.9629059,201.5663147,191.7435455
38905,B-220-3-14_masks.tif,53,29095,1268.610173,489.0727131,76.82088619,6.366402906,0.987586745,-73.55756481,2422.125451,2039.567898,21036,0.723010827,199.3051453,200.978363,186.1198883
38906,B-220-3-14_masks.tif,54,15955,891.882251,307.6315142,68.88753112,4.465706772,0.974605525,-73.23943006,2263.403134,2018.96183,11639,0.729489188,205.9908905,204.9352112,196.9541168
38907,B-220-3-14_masks.tif,55,13618,781.1959595,279.8187234,64.36257537,4.347537709,0.973187023,38.97865593,1713.68292,2211.653033,0,0,,,
38908,B-220-3-14_masks.tif,56,23694,1051.23759,361.9809448,87.64194711,4.130224815,0.970246918,52.80076572,1472.495357,2227.955474,19818,0.836414282,196.3591614,196.5009155,187.4047852
38909,B-220-3-14_masks.tif,57,17042,831.1543289,322.4346585,72.48612104,4.448226141,0.974402916,73.19900557,1532.545593,2338.623518,589,0.034561671,227.1765747,222.8506012,229.4346313
38910,B-220-3-14_masks.tif,58,20143,861.6396103,326.8794755,84.61957569,3.86292974,0.965911937,67.23006492,2051.727201,2576.572308,14851,0.737278459,193.3518219,194.4264374,185.061203
38911,B-220-3-14_masks.tif,59,26722,1360.492424,491.7437172,71.87103042,6.842029596,0.989261634,51.57697447,3201.465272,2907.629781,18446,0.690292643,189.6660461,190.0044403,176.0600739
38912,B-220-3-14_masks.tif,60,13831,854.9116882,329.8129474,55.96201782,5.893514212,0.985499548,14.2752103,4116.775649,3062.128624,13565,0.98076784,193.2708435,195.1776581,179.8177643
38913,B-220-3-14_masks.tif,61,27488,1101.338095,406.8252065,87.24499407,4.663020622,0.976734251,62.98632459,1646.94936,3005.953034,21664,0.788125728,194.1384735,195.5620422,186.2922363
38914,B-220-3-14_masks.tif,62,12470,775.0121933,318.6606976,50.91564816,6.258600433,0.987152627,10.14911773,4072.829832,3095.076343,3502,0.280834002,179.5568237,180.3566589,187.716156
38915,B-220-3-14_masks.tif,63,29206,1214.894444,425.046385,90.50999923,4.696126269,0.977064959,61.77387083,2148.099089,3191.779189,20504,0.702047524,196.2082062,196.852951,183.9516144
38916,B-220-3-14_masks.tif,64,27856,1187.923882,439.0336746,83.08665783,5.284045431,0.981929141,24.12953252,2978.137062,3325.306218,20687,0.742640724,190.9139099,192.0550537,178.2349243
38917,B-220-3-14_masks.tif,65,29931,1260.953319,482.6840713,80.51937504,5.994632609,0.985988061,-75.54185989,1311.405366,3507.617821,24736,0.826434132,196.234314,201.2900238,190.8080139
38918,B-220-3-14_masks.tif,66,14162,885.6812409,313.6533918,60.74730381,5.163247949,0.98106544,-53.8895291,2299.027185,3550.102104,11453,0.808713459,201.1989899,203.9074554,185.5837708
38919,B-220-3-15_masks.tif,1,11999,692.0416306,284.5314482,54.8347675,5.188887657,0.981253883,-3.582612309,1886.20485,147.3471123,9489,0.790815901,195.8704834,196.9862976,181.1221466
38920,B-220-3-15_masks.tif,2,27574,1371.279221,464.7111376,81.70776459,5.687478294,0.984421466,28.92905956,2838.616124,251.3899688,19080,0.691956191,190.4678192,191.1266174,175.5041351
38921,B-220-3-15_masks.tif,3,10254,892.1248917,326.8325215,41.13745743,7.944888722,0.992047114,-65.46795365,4425.231032,118.7121123,0,0,,,
38922,B-220-3-15_masks.tif,4,10121,663.0538239,223.2755535,60.85402651,3.669035006,0.962141272,-32.85376321,1957.337812,206.2310048,9810,0.969271811,198.1225281,199.8330231,164.3600464
38923,B-220-3-15_masks.tif,5,6771,600.8111832,213.8458081,41.84654082,5.110238598,0.980666689,48.3950012,4254.120957,284.4820558,6575,0.97105302,180.858551,189.2561188,160.6428833
38924,B-220-3-15_masks.tif,6,19603,907.3553391,352.1600848,73.04182596,4.821348319,0.978253922,1.110845491,3129.703056,488.8390552,13854,0.706728562,197.3394012,197.5567322,181.4952393
38925,B-220-3-15_masks.tif,7,13356,768.5269119,304.537496,57.99245703,5.251329425,0.981701171,-87.76396949,2712.688679,495.1848607,0,0,,,
38926,B-220-3-15_masks.tif,8,18936,1065.882251,403.8397341,62.6319964,6.447818324,0.987900154,72.07259953,3421.362695,610.1283798,15608,0.824250106,192.7753754,194.592392,178.1758728
38927,B-220-3-15_masks.tif,9,6338,667.7401154,200.9942527,43.81759406,4.587067297,0.975947828,-36.63851113,4360.924266,840.1281161,4042,0.637740612,196.9401245,201.0759583,162.0049438
38928,B-220-3-15_masks.tif,10,8719,665.0538239,231.193815,50.49154861,4.578861639,0.975860477,-53.13176477,2531.413924,932.2028902,0,0,,,
38929,B-220-3-15_masks.tif,11,19790,1080.551299,397.7399234,65.49647,6.072692519,0.986348449,44.728777,2782.853663,1012.474735,13613,0.687872663,191.6302795,191.095932,177.1680756
38930,B-220-3-15_masks.tif,12,15941,1054.953319,370.830718,58.72289757,6.31492541,0.987382243,-20.41473625,4890.663133,1167.233737,14531,0.911548836,195.3652954,198.3578491,177.34375
38931,B-220-3-15_masks.tif,13,11287,632.4264069,240.9789267,61.98896824,3.887448582,0.966348045,-72.38899134,2599.890936,1039.776557,3366,0.29821919,183.3609619,187.9792023,149.9893036
38932,B-220-3-15_masks.tif,14,18549,1322.350288,464.8833943,62.65844332,7.419325628,0.990875121,55.80485919,2340.836541,1216.375384,0,0,,,
38933,B-220-3-15_masks.tif,15,19195,1173.279221,408.7121527,62.11678582,6.579737624,0.988383301,43.63358724,2700.329565,1252.859651,0,0,,,
38934,B-220-3-15_masks.tif,16,20195,1302.066017,455.1387368,57.89682528,7.861203694,0.991876194,64.13599153,2510.159,1220.82461,0,0,,,
38935,B-220-3-15_masks.tif,17,17748,1034.752309,358.1265253,65.44866653,5.471868936,0.983158874,-29.95120904,2928.086038,1359.353448,7721,0.435034934,198.9540253,201.5768738,174.5663757
38936,B-220-3-15_masks.tif,18,23540,1267.178716,455.6917856,69.78075099,6.530336506,0.988205826,40.88318153,1679.199278,1356.439762,15054,0.639507222,189.8490143,189.7772064,176.6074066
38937,B-220-3-15_masks.tif,19,24539,1130.166522,416.6148051,76.96176624,5.413269801,0.982789078,65.00177882,1996.886589,1285.596153,15176,0.618444109,187.3217621,185.600296,173.9845734
38938,B-220-3-15_masks.tif,20,9840,657.3553391,259.8611844,49.39023978,5.261387383,0.981771715,76.5805111,2129.94065,1240.136484,217,0.022052846,225.5760345,217.2350159,223.350235
38939,B-220-3-15_masks.tif,21,21837,975.7817459,366.242826,78.11453222,4.688536379,0.976989768,66.6162441,2244.530338,1334.572515,14685,0.672482484,190.416687,189.2830811,176.6119232
38940,B-220-3-15_masks.tif,22,9186,604.8700577,242.1988066,49.28112863,4.914635952,0.979080377,-80.49133088,1294.027433,1386.865883,0,0,,,
38941,B-220-3-15_masks.tif,23,11281,767.0121933,279.5621132,55.51478165,5.035813975,0.980085162,3.715055459,4488.562273,1540.737966,10239,0.907632302,191.4476929,196.0587921,169.6523132
38942,B-220-3-15_masks.tif,24,11913,742.1837662,274.9350151,58.39540926,4.708161456,0.977183431,9.578704787,1012.296986,1530.003274,0,0,,,
38943,B-220-3-15_masks.tif,25,16709,789.7401154,299.9033483,72.13376655,4.157600007,0.970643346,-17.71707989,1363.97247,1635.896882,0,0,,,
38944,B-220-3-15_masks.tif,26,15502,886.2670273,314.1408255,65.46094363,4.79890463,0.978047753,35.2315711,1820.843698,1765.30409,9330,0.601857825,182.5901337,181.6596985,167.4192963
38945,B-220-3-15_masks.tif,27,15861,1075.580736,370.3332544,60.73240921,6.097786325,0.986461346,30.83934652,693.9780594,1851.417439,12522,0.789483639,184.3254242,186.4199066,177.5431976
38946,B-220-3-15_masks.tif,28,13345,828.1837662,328.1430082,58.39452319,5.619414121,0.984038718,84.6465153,3124.956313,1740.184564,0,0,,,
38947,B-220-3-15_masks.tif,29,16752,989.0121933,390.3122201,56.91109273,6.858280195,0.989312737,85.10379548,2937.065903,1765.344317,0,0,,,
38948,B-220-3-15_masks.tif,30,6624,613.9411255,241.011979,38.16386554,6.315187826,0.987383299,-80.80632346,2286.643569,1907.226902,0,0,,,
38949,B-220-3-15_masks.tif,31,8105,581.3969696,212.1616189,49.53591754,4.282985546,0.972361126,43.92531657,1836.466132,1957.653671,0,0,,,
38950,B-220-3-15_masks.tif,32,19177,862.8111832,334.1412486,75.56235293,4.422059871,0.974095053,69.43232446,2988.826824,2139.966835,15931,0.830734734,198.8185883,197.6324158,187.012558
38951,B-220-3-15_masks.tif,33,18693,1044.409163,371.6962677,67.78447153,5.483501742,0.983230861,33.52553596,2866.691328,2231.064142,9760,0.52212058,199.4428253,197.9241791,182.0628052
38952,B-220-3-15_masks.tif,34,8727,783.6396103,277.5417905,44.18835481,6.280880828,0.987244201,25.08680233,4922.239028,2293.598029,2734,0.313280623,187.5424347,191.3807678,182.169342
38953,B-220-3-15_masks.tif,35,12566,832.0243866,302.5163081,53.73833614,5.629431981,0.984095934,34.2369754,2710.844899,2285.340602,0,0,,,
38954,B-220-3-15_masks.tif,36,4563,372.8700577,123.4868624,48.90677658,2.524943802,0.918229628,18.26434685,2826.385492,2278.092483,0,0,,,
38955,B-220-3-15_masks.tif,37,21365,932.9533188,343.2562728,80.12877646,4.283807741,0.972371885,66.42417855,3586.266604,2299.000094,12552,0.587502925,186.5046997,185.9283752,169.2308807
38956,B-220-3-15_masks.tif,38,19895,1010.669048,423.1962876,65.1120846,6.499504511,0.988092988,78.54979914,3133.72003,2276.686554,17512,0.880221161,201.5048523,200.7309875,191.9610596
38957,B-220-3-15_masks.tif,39,18143,994.3259018,390.6850765,64.16255146,6.0889891,0.986421928,78.45447891,3129.296809,2327.099598,286,0.015763655,218.384613,180.8496552,207.7272797
38958,B-220-3-15_masks.tif,40,19793,1109.63961,441.6362724,59.35019994,7.441192664,0.990928917,75.22270458,3937.254282,2361.20775,0,0,,,
38959,B-220-3-15_masks.tif,41,18547,990.7523087,351.5414136,69.69672172,5.04387301,0.980149395,-60.03741383,3088.741252,2469.842562,11606,0.625761579,198.2434082,200.914444,177.7846832
38960,B-220-3-15_masks.tif,42,17474,1119.03658,383.0840485,61.92404235,6.186354023,0.986848792,45.18428084,3507.151539,2522.162298,0,0,,,
38961,B-220-3-15_masks.tif,43,14117,893.3380951,310.9092317,61.33427588,5.069094355,0.980348412,47.08227961,3850.406106,2514.837855,0,0,,,
38962,B-220-3-15_masks.tif,44,11334,773.882251,283.6077641,53.17987608,5.332990315,0.982262301,59.60168172,3702.412123,2551.507147,0,0,,,
38963,B-220-3-15_masks.tif,45,16519,1034.166522,375.491536,57.66762329,6.511305904,0.988136369,60.92088516,3491.922574,2636.693928,0,0,,,
38964,B-220-3-15_masks.tif,46,17700,1074.426407,420.762703,56.31538711,7.471540632,0.991002791,81.22705493,4379.186328,2574.725085,12252,0.69220339,185.7075653,188.6860046,172.0306091
38965,B-220-3-15_masks.tif,47,16217,981.3969696,355.2523716,62.96114588,5.642406386,0.984169578,75.30061429,3849.070852,2700.433311,0,0,,,
38966,B-220-3-15_masks.tif,48,21515,1162.953319,427.3326996,68.55657332,6.233285576,0.987047377,18.86546208,2242.984987,2943.592145,20024,0.930699512,200.1320953,200.8041382,188.6085205
38967,B-220-3-15_masks.tif,49,17796,951.6396103,353.2778962,67.1196913,5.263401684,0.981785793,17.48615651,2263.50045,3149.739773,10890,0.611935266,194.4419708,192.3631744,187.3928375
38968,B-220-3-15_masks.tif,50,12552,862.7523087,312.8708624,54.37383203,5.754070492,0.984782733,-42.19026519,1377.67312,3282.77167,12384,0.986615679,199.1799164,205.3219452,184.2626801
38969,B-220-3-15_masks.tif,51,21946,1125.137085,407.6849581,70.84740185,5.754409441,0.984784539,54.84503654,3000.334093,3533.56197,14242,0.64895653,183.0610199,183.497818,172.2275696
38970,B-220-3-15_masks.tif,52,17695,953.3553391,403.127936,57.2793522,7.037927639,0.989854133,85.63229215,2262.322916,3456.684092,8491,0.479853066,182.1760712,182.3979492,166.137558
38971,B-220-3-15_masks.tif,53,21321,1016.568542,387.7786471,72.05409241,5.381771307,0.982585234,74.18869401,2346.548942,3587.474743,12899,0.604990385,185.9950409,186.5191803,170.8181305
