image,label,area,perimeter,aspect_ratio,max_diameter,circularity
43539_mask.png,1,1432.0,139.0538238691624,1.0270755678633976,43.32435804486894,0.9306513459143806
43539_mask.png,2,1124.0,124.81118318204308,1.1755584501471938,40.22437072223753,0.9067116060616035
43539_mask.png,3,1976.0,163.19595949289334,1.04932217832721,50.99019513592785,0.9323479070262958
43539_mask.png,4,1312.0,133.05382386916236,1.0912363922307726,42.2965719651132,0.9312986605341582
43539_mask.png,5,1964.0,163.5391052434009,1.080823503893147,52.009614495783374,0.9228011198058682
43539_mask.png,6,1884.0,160.61017305526642,1.0276462704955156,50.59644256269407,0.917792833848848
43539_mask.png,7,1721.0,152.95331880577405,1.0952154868615138,48.60041152089147,0.9244276453123531
43539_mask.png,8,1612.0,149.19595949289334,1.0513037986514495,46.389654018972806,0.9100406205718891
43539_mask.png,9,1772.0,155.19595949289334,1.0907814279994343,49.72926703662542,0.9245124437237408
43539_mask.png,10,2158.0,170.26702730475878,1.071530433983758,54.12947441089743,0.9354060982156833
43539_mask.png,11,1432.0,139.0538238691624,1.1077917224695142,44.82186966202994,0.9306513459143806
43539_mask.png,12,1562.0,145.29646455628165,1.015085257050557,45.221676218380054,0.9297812838637409
43539_mask.png,13,2361.0,179.68124086713192,1.0626657956262011,56.293871780150276,0.9189679704503633
43539_mask.png,14,1688.0,151.29646455628165,1.1173686860579464,48.507731342539614,0.926669239345104
43539_mask.png,15,3282.0,215.23759005323592,1.2141101060778978,70.57619995437555,0.8902504446256572
43539_mask.png,16,681.0,98.08326112068524,1.350947080840853,33.61547262794322,0.8895434820700225
43539_mask.png,17,1762.0,156.36753236814712,1.0478973546972743,49.25444142409901,0.9055712014590509
43539_mask.png,18,1950.0,171.6812408671319,1.290006503756721,59.481089431852205,0.831378498109467
43539_mask.png,19,1889.0,160.36753236814712,1.0907171722636824,51.66236541235796,0.923015361042867
43539_mask.png,20,1461.0,139.88225099390857,1.1292774101827112,45.5411901469428,0.9382851765084554
43539_mask.png,21,1679.0,152.12489168102783,1.052994163968632,48.75448697299562,0.9117168811039118
43539_mask.png,22,1648.0,149.19595949289334,1.1403234832674607,48.25971404805462,0.930364108376224
43539_mask.png,23,1878.0,159.53910524340094,1.0484207098208302,49.9799959983992,0.9271951428431606
