image,label,area,perimeter,aspect_ratio,max_diameter,circularity
43538_mask.png,1,1421.0,139.63961030678928,1.1522356141457004,46.09772228646444,0.9157705765125673
43538_mask.png,2,1949.0,162.95331880577405,1.1611370274361525,52.92447448959697,0.9223490040476768
43538_mask.png,3,1794.0,156.95331880577405,1.1406878304840846,50.80354318352215,0.9151479179686648
43538_mask.png,4,2210.0,173.92388155425118,1.1141162480745972,56.293871780150276,0.9180867069056013
43538_mask.png,5,1459.0,141.29646455628165,1.0384865855478917,44.01136216933077,0.9183380209471396
43538_mask.png,6,1470.0,141.29646455628165,1.1031714946267295,45.12205669071391,0.9252617483154868
43538_mask.png,7,1462.0,141.63961030678928,1.1495531504946475,45.60701700396552,0.9157729056750826
43538_mask.png,8,1346.0,133.98275605729688,1.0630884077319325,42.43819034784589,0.9422303947589608
43538_mask.png,9,1325.0,131.98275605729688,1.050832217325585,42.5440947723653,0.9558535473096462
43538_mask.png,10,1379.0,137.0538238691624,1.0323645193882016,42.5440947723653,0.9225540421581065
43538_mask.png,11,2220.0,173.6812408671319,1.0884265585971977,55.10898293381942,0.9248195714638902
43538_mask.png,12,1774.0,154.36753236814712,1.0635043324499844,48.877397639399746,0.9355167243915826
43538_mask.png,13,1552.0,143.63961030678928,1.027313637558875,44.94441010848846,0.945264057092878
43538_mask.png,14,1915.0,161.19595949289334,1.08497332898286,51.478150704935004,0.9261265592936143
43538_mask.png,15,1154.0,125.49747468305833,1.1617615119097744,40.85339643163099,0.920758420343484
43538_mask.png,16,1731.0,152.71067811865476,1.0605710254760587,48.25971404805462,0.9327561486954442
43538_mask.png,17,1142.0,124.56854249492379,1.0690238098225553,39.293765408777,0.9248242348581781
43538_mask.png,18,2244.0,174.8528137423857,1.053351713288924,54.56189146281496,0.9223324018442052
43538_mask.png,19,1108.0,121.15432893255071,1.0477452120164639,38.48376280978771,0.948575168400175
43538_mask.png,20,1500.0,145.63961030678925,1.389631036604559,50.96076922496363,0.8886732479985583
43538_mask.png,21,2485.0,184.5096679918781,1.1260894425929362,59.61543424315552,0.9172717161062303
