image,label,area,perimeter,aspect_ratio,max_diameter,circularity
43565_mask.png,1,2222.0,173.4386001800126,1.0734001569259743,55.10898293381942,0.928244531223845
43565_mask.png,2,1535.0,143.88225099390857,1.0615960443875692,45.35416188179427,0.9317594296596842
43565_mask.png,3,1475.0,141.63961030678928,1.0297621572201703,44.04543109109048,0.9239158932084451
43565_mask.png,4,1871.0,160.02438661763952,1.0638723399018872,50.11985634456667,0.9181450753325734
43565_mask.png,5,1745.0,152.95331880577405,1.0367865617391219,48.104053883222775,0.9373191406566276
43565_mask.png,6,1410.0,139.0538238691624,1.023791805027567,42.638011210655684,0.9163536297061987
43565_mask.png,7,2154.0,170.8528137423857,1.057516795917512,53.71219600798314,0.9272808522403554
43565_mask.png,8,2852.0,197.095454429505,1.0581173062642535,62.0966987850401,0.9225845309755393
43565_mask.png,9,1585.0,147.88225099390854,1.1899186442802103,48.33218389437829,0.9107664528003966
43565_mask.png,10,2782.0,195.92388155425118,1.0393474371067175,61.71709649683789,0.9107354406677641
43565_mask.png,11,2664.0,198.7523086789974,1.4112045215825602,69.9714227381436,0.8474609984671133
43565_mask.png,12,1965.0,164.8528137423857,1.2278081748708338,54.817880294662984,0.9086145569638351
43565_mask.png,13,1139.0,123.1543289325507,1.0309976873608162,38.62641583165593,0.9437005842095034
43565_mask.png,14,2505.0,184.8528137423857,1.1321557018071051,60.440052945046304,0.9212244650659909
43565_mask.png,15,1639.0,148.95331880577405,1.1203924021116562,47.853944456021594,0.9283002114526613
43565_mask.png,16,1767.0,154.95331880577402,1.0876976530631528,49.20365840057018,0.9247932445692246
43565_mask.png,17,1858.0,162.2670273047588,1.06586626214117,52.88667128870941,0.8867373743488758
43565_mask.png,18,2651.0,192.16652224137047,1.0587691578794596,59.481089431852205,0.9021196250577832
43565_mask.png,19,1774.0,158.53910524340097,1.183940537172615,52.172789842982326,0.8869327140055205
43565_mask.png,20,1669.0,150.71067811865476,1.0453598739564673,47.16990566028302,0.9233750867368447
43565_mask.png,21,2134.0,170.02438661763952,1.1436823264432672,55.362442142665635,0.9276450801580568
43565_mask.png,22,1890.0,158.95331880577405,1.0490000894085496,50.21951811795888,0.9400099878792573
