image,label,area,perimeter,aspect_ratio,max_diameter,circularity
43561_mask.png,1,2181.0,173.4386001800126,1.0818641363121588,56.08029957123981,0.9111167068403266
43561_mask.png,2,1661.0,150.71067811865476,1.1219995761951815,48.507731342539614,0.9189490827261229
43561_mask.png,3,2241.0,178.2670273047588,1.163323650184273,57.55866572463264,0.8861549660729943
43561_mask.png,4,2191.0,179.43860018001263,1.063673449119729,57.0087712549569,0.8551070683860342
43561_mask.png,5,1398.0,138.2253967444162,1.011934869130618,42.80186911806539,0.9194780055486657
43561_mask.png,6,1817.0,159.78174593052023,1.076570511116998,49.8196748283246,0.8943560858389872
43561_mask.png,7,1960.0,164.36753236814712,1.1403064461137469,52.46903848937962,0.9116620254817883
43561_mask.png,8,1650.0,148.95331880577405,1.0075470038155805,45.89117562233506,0.9345304142140886
43561_mask.png,9,1681.0,151.53910524340094,1.0156625666566452,46.61544808322666,0.9198735686683872
43561_mask.png,10,1684.0,151.29646455628168,1.0162666905351918,46.861498055439924,0.9244733406736698
43561_mask.png,11,2389.0,179.6812408671319,1.045899409938927,56.753854494650845,0.9298663623066153
43561_mask.png,12,1901.0,161.78174593052023,1.023376625925522,50.0,0.9127102860450181
43561_mask.png,13,1787.0,156.36753236814712,1.0388842137317753,48.38388161361178,0.9184198280404791
43561_mask.png,14,3246.0,216.30865786510137,1.2743819072057287,72.40165743959182,0.8717873726565659
43561_mask.png,15,246.0,61.62741699796952,1.820002668958916,24.186773244895647,0.8139487119390167
43561_mask.png,16,1937.0,162.8528137423857,1.0387471568940723,50.96076922496363,0.917801898017005
43561_mask.png,17,1789.0,156.61017305526642,1.030330760029543,49.03060268852505,0.9166008711500009
43561_mask.png,18,3241.0,212.55129855222071,1.1922840147481348,69.6419413859206,0.901490947258522
43561_mask.png,19,1602.0,146.46803743153546,1.0245854184894514,45.69463863518345,0.9383970872022954
43561_mask.png,20,1699.0,150.95331880577405,1.0076808821851804,46.87216658103186,0.936953227354805
43561_mask.png,21,1906.0,160.50966799187808,1.0217443336466985,50.44799302251776,0.9296733196411028
43561_mask.png,22,1916.0,162.36753236814712,1.1060132293822988,52.43090691567332,0.9132863946595795
43561_mask.png,23,1798.0,155.78174593052023,1.0434987614076263,49.39635614091387,0.9310358791149601
