image,label,area,perimeter,aspect_ratio,max_diameter,circularity
43628_mask.png,1,1652.0,148.95331880577405,1.0534095505669485,47.07440918375928,0.9356631783525298
43628_mask.png,2,2119.0,169.4386001800126,1.0280512191757796,52.773099207835045,0.9275046829584025
43628_mask.png,3,1758.0,154.36753236814712,1.0124076476314834,47.70744176750625,0.9270791440137554
43628_mask.png,4,1846.0,158.95331880577405,1.0312575957669239,49.040799340956916,0.9181261574736026
43628_mask.png,5,2005.0,164.61017305526642,1.0322778498096894,51.088159097779204,0.9298457234342116
43628_mask.png,6,2195.0,173.1959594928933,1.0091130209921657,53.2634959423431,0.9195362959833746
43628_mask.png,7,1248.0,129.39696961967,1.073219760855579,41.10960958218893,0.9366476291517833
43628_mask.png,8,1287.0,132.22539674441617,1.0908811452292575,42.20189569201838,0.9250360397103877
43628_mask.png,9,1658.0,149.29646455628165,1.0297178242994487,46.61544808322666,0.9347497191301546
43628_mask.png,10,1400.0,137.05382386916236,1.0967952990555765,44.01136216933077,0.9366030884853876
43628_mask.png,11,1426.0,138.22539674441617,1.0994995601233841,44.41846462902562,0.9378938740432029
43628_mask.png,12,2104.0,169.4386001800126,1.039659076344518,52.80151512977634,0.9209390528289189
43628_mask.png,13,1547.0,145.29646455628165,1.1043862218793985,46.75467891024384,0.92085252633624
43628_mask.png,14,2101.0,170.8528137423857,1.0254557982917247,52.630789467763066,0.9044647495622037
43628_mask.png,15,1604.0,148.95331880577405,1.0898350663315766,47.634021455258214,0.908476839029938
43628_mask.png,16,1626.0,149.53910524340094,1.047034262574685,47.29693436154187,0.9137362396441032
43628_mask.png,17,1535.0,144.71067811865473,1.0322935468080172,44.721359549995796,0.9211218546423691
43628_mask.png,18,1492.0,142.46803743153546,1.2173218556838967,47.67598976424087,0.9237273525186434
