image,label,area,perimeter,aspect_ratio,max_diameter,circularity
43677_mask.png,1,1774.0,153.53910524340094,1.0370812047291966,48.54894437575342,0.9456392039067827
43677_mask.png,2,2262.0,176.50966799187808,1.1164536033504953,57.0701322935211,0.9123583865264
43677_mask.png,3,2440.0,208.12489168102783,2.273504047469725,78.64477096412705,0.707866958046703
43677_mask.png,4,1799.0,155.78174593052023,1.0911860166981817,49.64876634922564,0.9315536966228104
43677_mask.png,5,2316.0,176.75230867899737,1.0847600449741512,56.88585061331157,0.9315758658965952
43677_mask.png,6,2397.0,180.7523086789974,1.113065237643433,59.665735560705194,0.921955993405268
43677_mask.png,7,774.0,101.25483399593904,1.0268100848472286,31.78049716414141,0.9486790122453008
43677_mask.png,8,2395.0,180.26702730475878,1.0334721332056143,56.61271941887264,0.9261531062642974
43677_mask.png,9,1946.0,161.6812408671319,1.069408877203263,51.264022471905186,0.9354776859565416
43677_mask.png,10,2085.0,168.2670273047588,1.0992664994730201,54.120236510939236,0.9253752478165976
43677_mask.png,11,3270.0,211.8233764908628,1.0303443903493987,65.60487786742691,0.9158194099335654
43677_mask.png,12,1079.0,121.39696961966999,1.0374849164032414,37.48332962798263,0.9200588712411434
43677_mask.png,13,2181.0,172.8528137423857,1.0528111283027344,53.9351462406472,0.9173025960771621
43677_mask.png,14,1382.0,135.63961030678928,1.0280605060513461,42.5440947723653,0.9439409788298746
43677_mask.png,15,1571.0,146.12489168102786,1.0471230551044672,45.70557952810576,0.9245654165581849
43677_mask.png,16,1616.0,148.12489168102783,1.1114174004743502,47.853944456021594,0.9255398637865407
43677_mask.png,17,1347.0,135.88225099390854,1.1405912491182673,43.68065933568311,0.916752270805609
43677_mask.png,18,1795.0,155.53910524340094,1.0604129483488567,49.64876634922564,0.9323846699554685
43677_mask.png,19,1325.0,134.46803743153546,1.056169153668795,42.43819034784589,0.92084727986514
43677_mask.png,20,1418.0,138.4680374315355,1.0261394577768925,42.7551166528639,0.9293665159375367
43677_mask.png,21,1418.0,138.12489168102783,1.1446991959707695,45.5411901469428,0.9339899303114381
43677_mask.png,22,1474.0,141.29646455628168,1.0639045094475672,44.77722635447622,0.9277794673585219
