image,label,area,perimeter,aspect_ratio,max_diameter,circularity
43760_mask.png,1,2773.0,195.33809511662426,1.0606959458950216,61.84658438426491,0.9132419170499357
43760_mask.png,2,1503.0,142.71067811865476,1.051906039836406,44.721359549995796,0.9273761124268306
43760_mask.png,3,2325.0,177.68124086713192,1.0245289520159757,55.10898293381942,0.9254429774429813
43760_mask.png,4,2275.0,176.2670273047588,1.0513670186565809,55.072679252057455,0.9201298171088509
43760_mask.png,5,2781.0,194.99494936611666,1.0496350183693997,60.53924347066124,0.9191028811420783
43760_mask.png,6,1531.0,143.29646455628168,1.021325884056228,44.598206241955516,0.9369450124184275
43760_mask.png,7,1556.0,143.88225099390854,1.0037308824811975,44.94441010848846,0.9445066270687098
43760_mask.png,8,3998.0,235.7228714274745,1.0558251236861333,73.81734213584231,0.9041681576420689
43760_mask.png,9,2071.0,167.19595949289334,1.0384328501945732,52.009614495783374,0.930975832277499
43760_mask.png,10,1499.0,144.46803743153546,1.1852860569523211,46.8187996428785,0.9025431009698641
43760_mask.png,11,1709.0,152.36753236814712,1.0672239482673953,48.27007354458868,0.925053942809482
43760_mask.png,12,1636.0,148.95331880577402,1.049514485969771,46.647615158762406,0.9266010652449997
43760_mask.png,13,1439.0,140.12489168102783,1.039604210682338,43.93176527297759,0.9209585373594716
43760_mask.png,14,1434.0,139.05382386916236,1.0366735006415952,43.60045871318328,0.9319511382969429
43760_mask.png,15,2041.0,166.02438661763952,1.036224013495483,51.97114584074513,0.930484407625994
43760_mask.png,16,1755.0,156.36753236814715,1.2863497655398648,53.36665625650534,0.9019735860162507
43760_mask.png,17,2029.0,166.2670273047588,1.0886604946368745,52.46903848937962,0.922315796548386
43760_mask.png,18,1262.0,130.46803743153546,1.0626224217531801,41.30375285612676,0.9316675297594067
43760_mask.png,19,1481.0,142.95331880577405,1.0321219285446592,44.181444068749045,0.9107023091269371
43760_mask.png,20,2284.0,175.43860018001263,1.0131102952523277,54.405882034941776,0.9325146355848093
