image,label,area,perimeter,aspect_ratio,max_diameter,circularity
64918_mask.png,1,1608.0,146.95331880577405,1.062263570794581,46.389654018972806,0.9357010376965096
64918_mask.png,2,1883.0,160.12489168102786,1.0957632590188888,51.62363799656123,0.9228741599313445
64918_mask.png,3,1311.0,134.95331880577405,1.0926933072864207,42.579337712087536,0.9045767418011874
64918_mask.png,4,1789.0,156.71067811865476,1.1917830131633935,51.894122981316485,0.9154255397864837
64918_mask.png,5,1987.0,164.6101730552664,1.0656329258470747,52.392747589718944,0.9214979812786926
64918_mask.png,6,1739.0,153.63961030678928,1.1577451429797032,49.8196748283246,0.9257698912228675
64918_mask.png,7,1567.0,146.95331880577405,1.10014640397988,47.53945729601885,0.9118429888497702
64918_mask.png,8,1806.0,157.1959594928933,1.060272416711957,49.76946855251722,0.9184274430986742
64918_mask.png,9,1584.0,146.36753236814712,1.101062814363068,47.53945729601885,0.9291279809164148
64918_mask.png,10,890.0,111.25483399593904,1.2396558251798193,37.16180835212409,0.9035705978596084
64918_mask.png,11,959.0,115.39696961966999,1.341270444791632,40.792156108742276,0.9049814198767387
64918_mask.png,12,1934.0,163.4386001800126,1.1013526420516666,52.15361924162119,0.9098233233401087
64918_mask.png,13,1767.0,154.95331880577402,1.0695663441103367,49.03060268852505,0.9247932445692246
64918_mask.png,14,1755.0,170.53910524340094,1.1253865103211849,50.44799302251776,0.7582964532580014
64918_mask.png,15,2045.0,168.26702730475878,1.0910349879558259,53.46026561849464,0.9076222454604042
64918_mask.png,16,1832.0,181.95941546018392,1.0665731681455053,49.64876634922564,0.6953224749718945
