image,label,area,perimeter,aspect_ratio,max_diameter,circularity
64916_mask.png,1,338.0,66.2842712474619,1.160992245256785,21.840329667841555,0.9667308827332608
64916_mask.png,2,1092.0,120.8111831820431,1.036052916008144,37.73592452822641,0.940195627341196
64916_mask.png,3,1425.0,138.8111831820431,1.125264270423092,45.79301256742124,0.9293425382732586
64916_mask.png,4,2164.0,177.92388155425118,1.1056580209494904,57.706152185014034,0.8590108146253506
64916_mask.png,5,1412.0,138.95331880577405,1.0534638233742508,44.77722635447622,0.9189813813018549
64916_mask.png,6,918.0,128.46803743153546,1.1546346702464338,37.36308338453881,0.6989761641080547
64916_mask.png,7,1543.0,147.78174593052023,1.072610050819079,47.12748667179272,0.8878389704400539
64916_mask.png,8,1466.0,143.29646455628165,1.1060678465992206,45.27692569068709,0.8971661582007938
64916_mask.png,9,1721.0,152.71067811865476,1.0702783608422906,48.38388161361178,0.9273676094193296
64916_mask.png,10,1829.0,159.1959594928933,1.1381081769398473,51.088159097779204,0.9069001794319025
64916_mask.png,11,1627.0,149.0538238691624,1.0455639990946661,47.01063709417264,0.9202613296692459
64916_mask.png,12,1551.0,144.71067811865476,1.0089780108619104,44.94441010848846,0.9307231247884783
64916_mask.png,13,907.0,110.91168824543142,1.057590155983205,35.0,0.926536471296134
64916_mask.png,14,1539.0,144.71067811865476,1.0434921980028293,44.94441010848846,0.9235221721788962
64916_mask.png,15,741.0,108.15432893255071,1.2701774380946134,35.05709628591621,0.7960498375089525
64916_mask.png,16,1492.0,142.4680374315355,1.0177237969633355,44.384682042344295,0.923727352518643
64916_mask.png,17,1440.0,140.71067811865476,1.033144930908986,44.181444068749045,0.9139411759042549
64916_mask.png,18,1697.0,150.71067811865476,1.0446380915814273,47.70744176750625,0.9388661007743712
64916_mask.png,19,1641.0,150.71067811865476,1.0773391428472243,47.80167361086848,0.9078840726993183
64916_mask.png,20,1886.0,160.02438661763952,1.0716802892817063,51.419840528729765,0.9255059391112953
64916_mask.png,21,1543.0,146.88225099390857,1.0441389136692125,46.400431032480725,0.898746373534279
64916_mask.png,22,1622.0,148.46803743153544,1.0768610351603094,47.50789408087881,0.9246870563189092
64916_mask.png,23,1735.0,152.95331880577405,1.0824975136726158,49.03060268852505,0.93194768426318
64916_mask.png,24,1450.0,140.95331880577405,1.0141813822016292,43.41658669218482,0.9171223016457358
