image,label,area,perimeter,aspect_ratio,max_diameter,circularity
64915_mask.png,1,1489.0,141.88225099390857,1.105738557467095,45.880278987817846,0.9294979188149829
64915_mask.png,2,1534.0,142.71067811865476,1.0078910049892882,44.384682042344295,0.9465036303810767
64915_mask.png,3,1895.0,161.19595949289334,1.02109856007561,49.73932046178355,0.9164542192487726
64915_mask.png,4,1408.0,137.88225099390854,1.0845978485687127,43.73785545725808,0.9306701594016875
64915_mask.png,5,1326.0,133.88225099390857,1.1025833609987084,43.01162633521314,0.9296241059172593
64915_mask.png,6,547.0,87.01219330881976,1.346302703508533,30.59411708155671,0.9078977887011811
64915_mask.png,7,1940.0,162.36753236814712,1.0655509608701652,51.264022471905186,0.9247263077450856
64915_mask.png,8,2246.0,174.71067811865476,1.0993589343586194,56.85068161420758,0.9246571179551281
64915_mask.png,9,2022.0,166.26702730475878,1.0208804121948833,51.62363799656123,0.9191338297786285
64915_mask.png,10,1558.0,144.71067811865476,1.0047736816782251,44.77722635447622,0.934923680477401
64915_mask.png,11,1424.0,138.46803743153546,1.1944493840913328,46.32493928760188,0.9332989553561726
64915_mask.png,12,1433.0,139.53910524340094,1.040526404630097,43.41658669218482,0.9248348501306509
64915_mask.png,13,1725.0,153.53910524340094,1.0489520332766196,48.27007354458868,0.9195195190187146
64915_mask.png,14,1820.0,156.71067811865473,1.049026332276118,49.678969393496885,0.9312881399728345
64915_mask.png,15,1686.0,151.88225099390857,1.073622378041407,47.43416490252569,0.9184454864459243
64915_mask.png,16,2089.0,168.50966799187808,1.0407134417915738,52.952809179494906,0.9244824224407363
64915_mask.png,17,1478.0,141.53910524340094,1.0090689210146864,43.73785545725808,0.9271103008369496
64915_mask.png,18,1704.0,154.95331880577405,1.1484508900402428,49.24428900898052,0.8918209896694728
