image,label,area,perimeter,aspect_ratio,max_diameter,circularity
64917_mask.png,1,1848.0,158.61017305526642,1.0726964497596339,50.695167422546305,0.9231021297593566
64917_mask.png,2,1563.0,146.71067811865476,1.12762067267043,47.43416490252569,0.9125263061967562
64917_mask.png,3,2098.0,169.68124086713186,1.0446927884112482,53.600373133029585,0.915688341717446
64917_mask.png,4,1859.0,158.61017305526644,1.0558146573580272,50.15974481593781,0.928596785293638
64917_mask.png,5,1998.0,166.2670273047588,1.133299718195401,53.600373133029585,0.9082242294251726
64917_mask.png,6,2370.0,180.8528137423857,1.0986543634153954,57.8013840664737,0.9105581167891293
64917_mask.png,7,1303.0,132.22539674441617,1.1074453227292211,42.44997055358225,0.9365360992561268
64917_mask.png,8,1382.0,137.0538238691624,1.1712750781691543,45.79301256742124,0.9245610487762895
64917_mask.png,9,1836.0,158.12489168102786,1.0428934768620144,49.09175083453431,0.9227457611739753
64917_mask.png,10,1099.0,120.5685424949238,1.0274285928911058,37.94733192202055,0.950034845270177
64917_mask.png,11,1803.0,157.78174593052023,1.0313250988400289,48.373546489791295,0.9101062061369152
64917_mask.png,12,1511.0,144.4680374315355,1.1318062927944232,46.52956049652737,0.9097682625520107
64917_mask.png,13,608.0,95.84062043356593,1.4593372624862535,35.22782990761707,0.831790987194988
64917_mask.png,14,1476.0,141.05382386916236,1.008902430375152,43.86342439892262,0.932237338117249
64917_mask.png,15,1374.0,137.29646455628168,1.0798489619710865,43.41658669218482,0.9159629107376283
64917_mask.png,16,2136.0,171.68124086713192,1.0375513046708928,53.53503525729669,0.9106792163906772
64917_mask.png,17,1634.0,151.29646455628165,1.1352557446809097,48.54894437575342,0.8970246072807464
64917_mask.png,18,1885.0,159.78174593052023,1.0096427340129615,49.4064773081425,0.9278267593871716
64917_mask.png,19,1282.0,131.05382386916236,1.0381821264672806,40.85339643163099,0.9379906184807556
64917_mask.png,20,1912.0,163.53910524340094,1.1022048159536126,52.630789467763066,0.8983685035991952
64917_mask.png,21,1856.0,158.36753236814712,1.0530664949028643,49.678969393496885,0.9299413014202965
64917_mask.png,22,1509.0,142.12489168102783,1.0610106870648852,45.12205669071391,0.9387691523641353
