image,label,area,perimeter,aspect_ratio,max_diameter,circularity
64923_mask.png,1,1881.0,160.61017305526642,1.0266798066218819,49.39635614091387,0.9163313802917639
64923_mask.png,2,1803.0,157.19595949289334,1.046117973506143,49.25444142409901,0.9169018161167822
64923_mask.png,3,1727.0,152.95331880577402,1.0940696024212062,48.60041152089147,0.9276505191484221
64923_mask.png,4,2066.0,166.95331880577405,1.0691440182697285,53.600373133029585,0.931429669863789
64923_mask.png,5,1743.0,155.19595949289334,1.0396397811291453,47.853944456021594,0.9093821610668624
64923_mask.png,6,1659.0,151.4386001800126,1.119243477715473,48.76474136094644,0.9090401741799964
64923_mask.png,7,1813.0,157.53910524340094,1.0328302210087943,49.24428900898052,0.917975137841019
64923_mask.png,8,1218.0,128.22539674441617,1.0193372266069767,39.6232255123179,0.9309129017155185
64923_mask.png,9,1608.0,147.53910524340094,1.0293605093826097,45.880278987817846,0.9282856090596335
64923_mask.png,10,1300.0,134.05382386916236,1.0673709200585075,42.01190307520001,0.9090647188197893
64923_mask.png,11,2103.0,169.92388155425118,1.0771966811553018,54.3415126767741,0.9152511781330964
64923_mask.png,12,232.0,54.62741699796952,1.3296562600084654,19.72308292331602,0.9769594030704232
64923_mask.png,13,1719.0,153.6812408671319,1.127079253551893,49.39635614091387,0.9146270126906397
64923_mask.png,14,2176.0,172.36753236814712,1.0140418060685816,53.85164807134504,0.9203601930457577
64923_mask.png,15,396.0,74.42640687119285,1.4293182628158818,25.80697580112788,0.8983611126282756
64923_mask.png,16,1628.0,147.88225099390857,1.0343172640017617,46.400431032480725,0.9354749433180095
64923_mask.png,17,435.0,93.49747468305831,1.5815851551780638,30.083217912982647,0.625315737799563
64923_mask.png,18,1928.0,162.12489168102783,1.054787997439511,51.62363799656123,0.9217592313495309
64923_mask.png,19,1807.0,156.95331880577405,1.010632421530759,48.41487374764082,0.9217794246206118
64923_mask.png,20,547.0,84.42640687119285,1.1201384519776216,28.160255680657446,0.9643630849144048
64923_mask.png,21,1476.0,139.88225099390857,1.0608396556711028,44.598206241955516,0.9479184945424233
64923_mask.png,22,388.0,71.35533905932738,1.1855707023987745,23.769728648009426,0.9576099311287033
