image,label,area,perimeter,aspect_ratio,max_diameter,circularity
64926_mask.png,1,2344.0,179.4386001800126,1.0784093521253988,57.201398584300364,0.9148201589670765
64926_mask.png,2,2175.0,172.8528137423857,1.0410648513804606,53.75872022286245,0.9147790676147765
64926_mask.png,3,1739.0,154.46803743153546,1.0643661841702605,49.09175083453431,0.9158665308383955
64926_mask.png,4,1237.0,128.5685424949238,1.045334963908015,40.311288741492746,0.9403945909920857
64926_mask.png,5,1750.0,153.53910524340094,1.1115876227274077,49.678969393496885,0.9328458888595657
64926_mask.png,6,2275.0,176.16652224137044,1.0214959742035663,54.91812087098393,0.9211800062619769
64926_mask.png,7,2329.0,177.6812408671319,1.0465138802992981,55.80322571321482,0.927035137404174
64926_mask.png,8,1582.0,145.53910524340094,1.0672598472855417,46.32493928760188,0.9385489798398641
64926_mask.png,9,1448.0,139.0538238691624,1.0799550517227514,44.384682042344295,0.9410496849748764
64926_mask.png,10,1458.0,140.71067811865476,1.0423187257097422,44.10215414239989,0.925365440603058
64926_mask.png,11,1812.0,156.71067811865473,1.1615626440092406,51.66236541235796,0.9271945657311957
64926_mask.png,12,702.0,98.42640687119285,1.1445769959915222,32.64965543462902,0.9105917554116103
64926_mask.png,13,1828.0,157.53910524340097,1.0543428896802918,49.8196748283246,0.9255700783085395
64926_mask.png,14,2525.0,200.8233764908628,1.6107480254308042,69.8927750200262,0.7867608069184117
64926_mask.png,15,638.0,93.49747468305833,1.1476760970102171,30.4138126514911,0.9171297487726919
64926_mask.png,16,2405.0,181.58073580374358,1.0295087075236504,56.64803615307419,0.9166117106365594
64926_mask.png,17,1637.0,148.12489168102783,1.0930575716847295,47.53945729601885,0.9375673001352519
64926_mask.png,18,1570.0,146.71067811865476,1.066986515593824,45.803929962395145,0.9166131162692946
