image,label,area,perimeter,aspect_ratio,max_diameter,circularity
64920_mask.png,1,1396.0,137.0538238691624,1.0058040802157944,42.5440947723653,0.9339270796611434
64920_mask.png,2,1515.0,143.88225099390857,1.034407137378635,44.598206241955516,0.9196192416510891
64920_mask.png,3,2142.0,172.0243866176395,1.074492355340687,54.45181356024793,0.9095975765331384
64920_mask.png,4,1664.0,150.12489168102783,1.0462473738710132,47.01063709417264,0.927807271443503
64920_mask.png,5,958.0,114.32590180780451,1.0864230515558129,37.21558813185679,0.9210561388965743
64920_mask.png,6,1217.0,127.9827560572969,1.0412605663090215,40.607881008493905,0.9336788597449389
64920_mask.png,7,1455.0,140.46803743153546,1.0458050652366218,44.01136216933077,0.9266544763857911
64920_mask.png,8,1522.0,142.71067811865476,1.0232462417859547,44.64302857109943,0.9390994298826587
64920_mask.png,9,1772.0,155.53910524340097,1.1134170719418375,50.32891812864648,0.9204376797554816
64920_mask.png,10,1383.0,135.63961030678928,1.0506774169102522,43.04648650006177,0.9446240041401713
64920_mask.png,11,1819.0,156.12489168102783,1.0522518039503577,49.4064773081425,0.9377741625742174
64920_mask.png,12,1568.0,147.61017305526642,1.0914379318130945,48.76474136094644,0.9043225148683909
64920_mask.png,13,1524.0,144.95331880577402,1.0896268760735075,47.53945729601885,0.9114618686019541
64920_mask.png,14,469.0,79.94112549695429,1.2001588323543768,26.870057685088806,0.9222362521309673
64920_mask.png,15,2476.0,183.4386001800126,1.039388594819445,57.0087712549569,0.9246535664446378
64920_mask.png,16,1816.0,156.95331880577405,1.035147393147457,48.507731342539614,0.9263704676873441
