image,label,area,perimeter,aspect_ratio,max_diameter,circularity
64922_mask.png,1,1829.0,157.1959594928933,1.0757046421326724,50.21951811795888,0.930123916626509
64922_mask.png,2,1399.0,137.0538238691624,1.015769019821327,42.44997055358225,0.9359340862793264
64922_mask.png,3,1335.0,133.39696961967002,1.077324042846021,43.01162633521314,0.9427557764249066
64922_mask.png,4,1810.0,156.12489168102783,1.025692279216916,48.60041152089147,0.9331342684218437
64922_mask.png,5,669.0,95.01219330881975,1.1062771072060378,31.38470965295043,0.9312736060143492
64922_mask.png,6,1926.0,160.95331880577407,1.0463739808329975,50.60632371551998,0.934256815071253
64922_mask.png,7,397.0,71.94112549695427,1.188065269672353,24.166091947189145,0.963930927882462
64922_mask.png,8,1503.0,141.88225099390854,1.0897488259441328,45.803929962395145,0.9382373216782538
64922_mask.png,9,1664.0,149.78174593052023,1.0157072451213318,46.69047011971501,0.9320633016082278
64922_mask.png,10,1939.0,163.4386001800126,1.0472396793772836,51.24451190127583,0.9121755035969343
64922_mask.png,11,1888.0,160.61017305526642,1.0259054316132414,49.72926703662542,0.9197414385916268
64922_mask.png,12,1973.0,167.1959594928933,1.1139944913330015,55.90169943749474,0.8869219300258359
64922_mask.png,13,2138.0,170.8528137423857,1.0599890129873102,53.600373133029585,0.9203929721865738
64922_mask.png,14,1640.0,148.12489168102786,1.0294712305044238,46.57252408878007,0.9392855053279247
64922_mask.png,15,1751.0,153.78174593052023,1.102530893092949,49.20365840057018,0.9304358500195389
64922_mask.png,16,1297.0,132.22539674441617,1.1063145300885437,42.5440947723653,0.9322235769264747
64922_mask.png,17,1965.0,163.4386001800126,1.05523418217456,51.35172830587107,0.924406840932427
64922_mask.png,18,1705.0,151.29646455628165,1.0289722536141468,47.43416490252569,0.9360018086986982
64922_mask.png,19,432.0,77.84062043356595,1.1650208495034746,25.298221281347036,0.8959443460395022
64922_mask.png,20,1597.0,147.53910524340094,1.0473819566294675,46.238512086787566,0.9219353965598475
64922_mask.png,21,1615.0,147.63961030678928,1.016124830850132,46.400431032480725,0.9310577302879078
64922_mask.png,22,1504.0,143.29646455628165,1.0913715123942156,45.803929962395145,0.9204214883587954
