image,label,area,perimeter,aspect_ratio,max_diameter,circularity
64924_mask.png,1,1424.0,138.46803743153546,1.046738657966134,43.9089968002003,0.9332989553561726
64924_mask.png,2,2214.0,174.8528137423857,1.0307946748685501,54.037024344425184,0.9100017547607265
64924_mask.png,3,643.0,91.59797974644667,1.1496056288230172,31.064449134018133,0.9630504681624839
64924_mask.png,4,1928.0,162.6101730552664,1.035813202227491,50.44799302251776,0.9162657850864339
64924_mask.png,5,720.0,97.49747468305833,1.127427403659155,31.622776601683793,0.9518217539335438
64924_mask.png,6,1535.0,143.05382386916236,1.0542177023911812,45.880278987817846,0.9425823464086246
64924_mask.png,7,1811.0,156.36753236814712,1.015097424642604,48.27007354458868,0.9307545095586499
64924_mask.png,8,1779.0,154.95331880577402,1.0834199316680364,48.877397639399746,0.9310736740739393
64924_mask.png,9,1550.0,144.46803743153546,1.0655259638418622,45.803929962395145,0.933250037693989
64924_mask.png,10,2236.0,174.61017305526642,1.0372751003040612,54.644304369257,0.9216002368749813
64924_mask.png,11,624.0,90.08326112068524,1.0957587153462864,29.120439557122072,0.9662872612108105
64924_mask.png,12,1777.0,155.78174593052023,1.0407307103746375,48.41487374764082,0.9201617114501023
64924_mask.png,13,1763.0,154.95331880577405,1.0787814341764372,49.64876634922564,0.9226997680676529
64924_mask.png,14,1651.0,149.05382386916236,1.0401549620996393,47.20169488482379,0.933836174114275
64924_mask.png,15,1689.0,152.36753236814712,1.0208551667990577,47.20169488482379,0.9142282676449475
64924_mask.png,16,1724.0,153.29646455628165,1.053402655968219,48.27007354458868,0.9218979466149657
64924_mask.png,17,1258.0,129.05382386916236,1.0169423666206612,40.52159917870962,0.9491803758492078
64924_mask.png,18,1800.0,156.95331880577402,1.1272884090738162,50.35871324805669,0.9182086133464867
64924_mask.png,19,2058.0,167.095454429505,1.054764777173025,52.952809179494906,0.9262451841278748
64924_mask.png,20,1560.0,145.53910524340094,1.0054810592312609,44.721359549995796,0.9254970976929128
64924_mask.png,21,1700.0,151.53910524340094,1.077647391023704,48.76474136094644,0.9302707119192494
64924_mask.png,22,1335.0,133.63961030678928,1.022197228122824,41.88078318274385,0.9393354844196967
64924_mask.png,23,398.0,74.42640687119285,1.4736176240218923,26.627053911388696,0.9028982899647819
64924_mask.png,24,1650.0,148.71067811865476,1.0617590237049048,47.20169488482379,0.9375825163877093
