image,label,area,perimeter,aspect_ratio,max_diameter,circularity
64929_mask.png,1,1440.0,140.22539674441617,1.1080074545278509,44.384682042344295,0.9202779178622735
64929_mask.png,2,1646.0,148.95331880577405,1.08093577834545,47.50789408087881,0.9322648859372058
64929_mask.png,3,1695.0,151.88225099390854,1.0753819937757831,47.80167361086848,0.9233482203593368
64929_mask.png,4,1824.0,156.95331880577405,1.051303069918983,49.47726750741192,0.930451394857773
64929_mask.png,5,492.0,81.01219330881976,1.1614530217953083,26.68332812825267,0.9420505036951361
64929_mask.png,6,1811.0,156.71067811865476,1.1349927000313542,51.40038910358559,0.9266828689509905
64929_mask.png,7,909.0,109.74011537017762,1.1521532884811048,37.0,0.9485122024208583
64929_mask.png,8,1701.0,150.95331880577405,1.0400863167521164,47.01063709417264,0.9380561740615204
64929_mask.png,9,1918.0,160.71067811865473,1.0434534783029987,51.0,0.9331876866084118
64929_mask.png,10,1616.0,147.05382386916236,1.0225900159699466,46.647615158762406,0.9390713185932413
64929_mask.png,11,2347.0,178.50966799187808,1.052421914419715,56.04462507680822,0.9255491133715249
64929_mask.png,12,1570.0,144.46803743153546,1.0469893783021555,45.5411901469428,0.945291973664234
64929_mask.png,13,591.0,89.49747468305831,1.2256024329685729,29.5296461204668,0.9272050377045546
64929_mask.png,14,1261.0,130.8111831820431,1.0891233442233166,41.88078318274385,0.9260516350756649
64929_mask.png,15,1927.0,162.02438661763952,1.0498645373807325,50.635955604688654,0.9224244515348208
64929_mask.png,16,1492.0,142.22539674441617,1.0632851274933381,44.77722635447622,0.9268818528273659
64929_mask.png,17,503.0,94.56854249492379,1.6626032590359299,31.575306807693888,0.7067803354182886
64929_mask.png,18,1771.0,154.71067811865476,1.0606420207078748,49.193495504995376,0.929796368873476
64929_mask.png,19,1603.0,147.88225099390857,1.0477927584936542,46.32493928760188,0.9211095418542808
64929_mask.png,20,2224.0,178.8528137423857,1.080947048642284,55.80322571321482,0.8736814061369284
