image,label,area,perimeter,aspect_ratio,max_diameter,circularity
64931_mask.png,1,1059.0,119.74011537017762,1.1388138464506916,39.66106403010388,0.9281677611486847
64931_mask.png,2,1926.0,162.02438661763952,1.0918224337711364,51.86520991955976,0.9219457673357886
64931_mask.png,3,1966.0,163.53910524340094,1.053429547116544,51.22499389946279,0.9237408358138168
64931_mask.png,4,2038.0,166.6101730552664,1.0548146800748437,52.49761899362675,0.9225948217928673
64931_mask.png,5,1450.0,140.71067811865476,1.0163905969706217,43.289721643826724,0.9202879896258122
64931_mask.png,6,1530.0,145.29646455628165,1.0289195590761795,44.82186966202994,0.9107332678050726
64931_mask.png,7,1857.0,159.4386001800126,1.0112816722844415,49.36598018878993,0.9179833881680021
64931_mask.png,8,1435.0,139.88225099390854,1.0579838473126788,44.04543109109048,0.9215874252495786
64931_mask.png,9,2084.0,169.19595949289334,1.0753767286305187,53.85164807134504,0.9148030490640031
64931_mask.png,10,1897.0,160.95331880577405,1.0425864353625798,50.32891812864648,0.920189604460108
64931_mask.png,11,1591.0,146.46803743153546,1.0477158966878806,46.04345773288535,0.9319536615098951
64931_mask.png,12,1463.0,140.46803743153546,1.0362315342537634,43.829214001622255,0.9317494838160912
64931_mask.png,13,1672.0,149.53910524340094,1.061746136298525,47.43416490252569,0.9395860963622021
64931_mask.png,14,1581.0,145.88225099390857,1.0704557770299408,46.17358552246078,0.9335483636830008
64931_mask.png,15,1404.0,137.29646455628168,1.064284583118414,43.73785545725808,0.9359621009284061
64931_mask.png,16,1614.0,147.29646455628165,1.047066898249448,46.400431032480725,0.9348216212997031
64931_mask.png,17,706.0,96.08326112068524,1.1489252450937997,31.622776601683793,0.9609905021362429
64931_mask.png,18,1511.0,143.53910524340094,1.1122528585009404,45.60701700396552,0.9215817352833583
64931_mask.png,19,1403.0,139.0538238691624,1.0480515609268097,43.18564576337837,0.9118043563672317
64931_mask.png,20,1673.0,150.71067811865476,1.017493084042441,46.647615158762406,0.9255880887422056
64931_mask.png,21,1658.0,150.12489168102786,1.0135698364355723,46.22769732530488,0.9244618125320476
64931_mask.png,22,1760.0,154.36753236814712,1.0100376738643777,47.38143096192854,0.9281338415609839
64931_mask.png,23,1112.0,123.63961030678928,1.12448444178979,39.81205847478876,0.9141119704552193
64931_mask.png,24,1699.0,152.12489168102786,1.056426332192772,47.853944456021594,0.9225771179246847
