image,label,area,perimeter,aspect_ratio,max_diameter,circularity
64935_mask.png,1,1550.0,144.71067811865476,1.010182872037437,44.64302857109943,0.9301230454043463
64935_mask.png,2,1692.0,153.1959594928933,1.1158994164454388,48.76474136094644,0.9059737212094818
64935_mask.png,3,1405.0,137.63961030678928,1.0067626355259816,42.638011210655684,0.9319643923923763
64935_mask.png,4,1361.0,135.63961030678928,1.2542948460292087,45.79301256742124,0.9295974473136466
64935_mask.png,5,1502.0,141.88225099390857,1.031334781974905,44.204072210600685,0.9376130786165912
64935_mask.png,6,1926.0,160.71067811865476,1.0291216283614575,50.80354318352215,0.9370800231531807
64935_mask.png,7,1387.0,137.1543289325507,1.0265884201637063,43.278170016764804,0.9265466409906271
64935_mask.png,8,1781.0,156.36753236814712,1.110208343735158,50.21951811795888,0.9153361576609362
64935_mask.png,9,640.0,103.74011537017762,1.3271475444038845,32.38826948140329,0.7473024132641382
64935_mask.png,10,1440.0,139.88225099390857,1.0454851599435317,43.829214001622255,0.9247985312609007
64935_mask.png,11,1914.0,160.95331880577402,1.0633835020887843,50.60632371551998,0.9284359003356074
64935_mask.png,12,1719.0,151.53910524340094,1.0488517781960227,47.80167361086848,0.9406678551701118
64935_mask.png,13,1778.0,155.53910524340097,1.0325354736668266,48.05205510693585,0.9235542858946086
64935_mask.png,14,1253.0,129.9827560572969,1.0985462302959303,41.86884283091664,0.9319432189525237
64935_mask.png,15,1557.0,145.05382386916236,1.0447685261220605,45.0,0.9299082752350205
64935_mask.png,16,1411.0,137.0538238691624,1.049237680872688,43.278170016764804,0.9439621127520581
64935_mask.png,17,1568.0,146.95331880577405,1.0324656785591453,45.48626166217664,0.9124248924801784
64935_mask.png,18,1474.0,141.88225099390857,1.0189417692374068,43.657759905886145,0.9201342728900503
64935_mask.png,19,1769.0,154.95331880577405,1.0280208986118804,48.27007354458868,0.9258399828200101
64935_mask.png,20,1758.0,155.1959594928933,1.0227489554119027,48.373546489791295,0.9172081693376618
