image,label,area,perimeter,aspect_ratio,max_diameter,circularity
64934_mask.png,1,1531.0,143.88225099390854,1.0514117579398001,45.45327270945405,0.9293313920579657
64934_mask.png,2,1545.0,145.39696961967,1.0785642635895691,46.22769732530488,0.9183910395035778
64934_mask.png,3,1818.0,158.36753236814712,1.0180723069659863,48.91829923454004,0.9109015549472517
64934_mask.png,4,1439.0,140.71067811865476,1.0313163103471168,43.46262762420146,0.9133064945320991
64934_mask.png,5,636.0,100.66904755831213,1.2065752654244641,32.55764119219941,0.7886332074708126
64934_mask.png,6,1628.0,147.88225099390857,1.0108989629349103,45.880278987817846,0.9354749433180095
64934_mask.png,7,1760.0,154.12489168102783,1.0861924987882166,49.4064773081425,0.9310584866397974
64934_mask.png,8,2088.0,168.36753236814715,1.032776644609036,52.80151512977634,0.9256006793567083
64934_mask.png,9,1914.0,162.12489168102786,1.0826917485175935,51.31276644267,0.9150659589227185
64934_mask.png,10,2082.0,168.85281374238568,1.085825920734349,53.75872022286245,0.9176434839084971
64934_mask.png,11,1489.0,143.88225099390857,1.0602784432227774,44.654227123532216,0.9038369972399152
64934_mask.png,12,1929.0,160.95331880577402,1.0495193248708046,50.80354318352215,0.9357120437551654
64934_mask.png,13,1638.0,149.29646455628168,1.0382037888253322,46.647615158762406,0.923474089225086
64934_mask.png,14,1592.0,147.29646455628165,1.0635503140280975,45.89117562233506,0.9220793191506366
64934_mask.png,15,1977.0,164.61017305526642,1.0513593697756844,51.92301994298868,0.9168603467478484
64934_mask.png,16,1599.0,147.53910524340094,1.06791897579944,46.61544808322666,0.9230899806507176
64934_mask.png,17,1830.0,156.95331880577402,1.047381725562532,49.33558553417604,0.9335120902355948
64934_mask.png,18,1479.0,142.71067811865476,1.077840287386975,45.044422518220834,0.912567711429995
64934_mask.png,19,1236.0,129.63961030678928,1.0811519055121723,41.340053217188775,0.9241722013358784
64934_mask.png,20,1307.0,132.46803743153546,1.0966269198703502,42.720018726587654,0.9359728417071517
64934_mask.png,21,1114.0,122.5685424949238,1.0538517031934482,39.05124837953327,0.9318306929748523
