image,label,area,perimeter,aspect_ratio,max_diameter,circularity
64937_mask.png,1,1861.0,177.5096679918781,1.1848451720349449,55.154328932550705,0.7421850700424188
64937_mask.png,2,1690.0,152.0243866176395,1.0500580393027688,47.51841748206689,0.9189038032053631
64937_mask.png,3,2217.0,173.43860018001263,1.058908443590022,54.91812087098393,0.9261557721526839
64937_mask.png,4,1671.0,150.71067811865476,1.0802723995095267,47.67598976424087,0.9244815877395252
64937_mask.png,5,1647.0,149.53910524340094,1.064945072495095,47.01063709417264,0.9255372611893223
64937_mask.png,6,2065.0,170.8528137423857,1.1081253287198793,55.54277630799526,0.888967019441195
64937_mask.png,7,1987.0,163.4386001800126,1.0456204740034571,51.419840528729765,0.9347564340624592
64937_mask.png,8,1457.0,140.22539674441617,1.0281346458876766,43.60045871318328,0.9311423099481477
64937_mask.png,9,671.0,98.08326112068524,1.5137074894393907,36.138621999185304,0.8764811695579809
64937_mask.png,10,2520.0,186.50966799187808,1.0289898297778783,57.48912940721924,0.9103485542099494
64937_mask.png,11,668.0,99.1543289325507,1.0443209281481254,32.0624390837628,0.8538134015722207
64937_mask.png,12,1535.0,143.88225099390857,1.0682467019262134,45.60701700396552,0.9317594296596842
64937_mask.png,13,1783.0,155.1959594928933,1.0071852056012092,48.104053883222775,0.9302515164556604
