image,label,area,perimeter,aspect_ratio,max_diameter,circularity
64941_mask.png,1,1570.0,144.95331880577402,1.0034696424834766,45.60701700396552,0.9389731848458452
64941_mask.png,2,1025.0,117.39696961966999,1.0257494566264806,36.345563690772494,0.9345874745875982
64941_mask.png,3,1840.0,158.61017305526642,1.0645035093162818,50.32891812864648,0.9191060166435152
64941_mask.png,4,1620.0,148.12489168102783,1.1236412111927654,47.80167361086848,0.927830804043438
64941_mask.png,5,559.0,90.66904755831213,1.513626062603104,33.24154027718932,0.8544832710327995
64941_mask.png,6,1368.0,135.39696961967,1.0404502054566171,42.720018726587654,0.937730566844321
64941_mask.png,7,1775.0,155.19595949289334,1.0396718945219754,48.662100242385755,0.9260776453779006
64941_mask.png,8,1472.0,144.36753236814715,1.266875143737211,50.28916384272063,0.8875209379055716
64941_mask.png,9,1784.0,155.53910524340094,1.0532848132993924,49.040799340956916,0.9266708920337359
64941_mask.png,10,2050.0,166.12489168102783,1.0418073838085018,52.630789467763066,0.933456971404042
64941_mask.png,11,1411.0,137.88225099390854,1.0706866756032911,43.86342439892262,0.9326531213890491
64941_mask.png,12,1446.0,140.22539674441617,1.0453373356208948,44.28317965096906,0.9241124091866998
64941_mask.png,13,1964.0,164.0243866176395,1.094776195920671,52.20153254455275,0.9173488117809728
64941_mask.png,14,1883.0,160.36753236814715,1.0425773474862843,50.24937810560445,0.9200836023524182
64941_mask.png,15,1521.0,143.29646455628165,1.0685917383112238,45.221676218380054,0.930825188692638
64941_mask.png,16,1824.0,157.53910524340094,1.0873625142965464,50.60632371551998,0.9235447608505343
64941_mask.png,17,1514.0,148.36753236814712,1.2368238273457377,49.658836071740545,0.8642870224253112
64941_mask.png,18,189.0,49.21320343559642,1.13533981978841,16.1245154965971,0.9806372750586575
64941_mask.png,19,312.0,76.94112549695427,1.2278508119375902,24.166091947189145,0.6622887657330326
64941_mask.png,20,1613.0,148.12489168102783,1.1318848102704415,47.53945729601885,0.9238216585938677
64941_mask.png,21,879.0,108.08326112068522,1.2866958312984011,37.36308338453881,0.9455442530090946
64941_mask.png,22,579.0,87.84062043356595,1.020527076562844,27.459060435491963,0.9429694840435151
64941_mask.png,23,1586.0,147.53910524340094,1.1251749957992727,47.67598976424087,0.9155851840600614
64941_mask.png,24,2169.0,171.1959594928933,1.0635506791919516,54.20332093147061,0.9299988151422187
