image,label,area,perimeter,aspect_ratio,max_diameter,circularity
64940_mask.png,1,1746.0,152.95331880577405,1.104186896815392,49.39635614091387,0.9378562862959724
64940_mask.png,2,1434.0,138.46803743153546,1.0824830881184457,44.40720662234904,0.9398530210538985
64940_mask.png,3,1890.0,159.53910524340094,1.0592163726960564,50.80354318352215,0.9331197124459922
64940_mask.png,4,2268.0,176.2670273047588,1.066862083089402,55.31726674375732,0.9172986484408236
64940_mask.png,5,1338.0,133.29646455628165,1.0241633310372988,42.20189569201838,0.9462997297145643
64940_mask.png,6,1430.0,140.46803743153546,1.0336576026803521,43.41658669218482,0.9107325781661042
64940_mask.png,7,1845.0,158.36753236814712,1.0682304611542022,50.24937810560445,0.9244297958623099
64940_mask.png,8,1512.0,142.46803743153546,1.0360665554862993,44.40720662234904,0.9361097567079013
64940_mask.png,9,1921.0,161.19595949289334,1.0647431431359629,50.80354318352215,0.929028261307067
64940_mask.png,10,1957.0,162.95331880577405,1.0394607848484951,50.48762224545735,0.926134941468088
64940_mask.png,11,1936.0,162.02438661763952,1.0069237150474954,49.8196748283246,0.9267326093261096
64940_mask.png,12,1698.0,151.88225099390857,1.0747896799205676,48.41487374764082,0.9249824649971407
64940_mask.png,13,1490.0,141.05382386916236,1.0627782421342322,45.0,0.9410796976928868
64940_mask.png,14,1944.0,162.36753236814715,1.0226452640491777,51.07837115648854,0.9266329599260031
64940_mask.png,15,1397.0,137.63961030678928,1.063520072659604,43.60045871318328,0.9266578335744835
64940_mask.png,16,832.0,130.22539674441617,1.086244484532427,35.4682957019364,0.6165123940560691
64940_mask.png,17,1440.0,139.29646455628165,1.0615098313857867,44.384682042344295,0.932593036636995
64940_mask.png,18,1474.0,142.12489168102786,1.0909145546948835,45.5411901469428,0.9169951826273923
