image,label,area,perimeter,aspect_ratio,max_diameter,circularity
64945_mask.png,1,1583.0,147.53910524340094,1.0826988215651503,46.52956049652737,0.9138533079237561
64945_mask.png,2,1826.0,156.71067811865476,1.0651325612798084,50.0,0.9343583206540633
64945_mask.png,3,2340.0,178.75230867899737,1.0565250407385618,55.97320787662612,0.9202851244863169
64945_mask.png,4,1671.0,150.61017305526642,1.0894776459414561,48.662100242385755,0.9257158480912825
64945_mask.png,5,979.0,115.1543289325507,1.0296292356171624,35.90264614203248,0.9277522541648408
64945_mask.png,6,1482.0,143.88225099390854,1.026979803461402,44.553338819890925,0.8995879314369074
64945_mask.png,7,1154.0,123.9827560572969,1.044781932869585,39.11521443121589,0.943393979625276
64945_mask.png,8,678.0,94.91168824543142,1.1439098325884631,31.575306807693888,0.9458018537710097
64945_mask.png,9,735.0,116.60407640085653,1.0742998136883901,34.132096331752024,0.6793127038738206
64945_mask.png,10,1214.0,139.29646455628165,1.6961530564505254,52.92447448959697,0.7862277406092444
64945_mask.png,11,1762.0,153.53910524340094,1.0153125305919724,47.80167361086848,0.9392425463831742
64945_mask.png,12,1332.0,133.63961030678928,1.1293276561488212,43.41658669218482,0.9372246181625737
64945_mask.png,13,1733.0,152.95331880577402,1.0316560073401384,47.53945729601885,0.9308733929844906
64945_mask.png,14,581.0,87.84062043356596,1.2613730498060476,30.0,0.946226718876135
64945_mask.png,15,1046.0,121.9827560572969,1.3230492559694818,41.593268686170845,0.8833741074948972
64945_mask.png,16,1897.0,160.95331880577402,1.0751109433865407,50.80354318352215,0.9201896044601082
64945_mask.png,17,1709.0,151.53910524340094,1.0277523400868207,47.50789408087881,0.9351956745117631
64945_mask.png,18,1815.0,158.95331880577405,1.0180494798278628,50.0,0.902708004233255
64945_mask.png,19,1687.0,150.95331880577405,1.1868866149819879,50.21951811795888,0.930335547114512
64945_mask.png,20,1738.0,152.95331880577405,1.0781155486484408,48.41487374764082,0.9335591211812143
64945_mask.png,21,1848.0,158.71067811865476,1.006453305286702,49.20365840057018,0.9219333733356686
