image,label,area,perimeter,aspect_ratio,max_diameter,circularity
64957_mask.png,1,1759.0,154.12489168102783,1.037906141992809,48.25971404805462,0.9305294761360248
64957_mask.png,2,202.0,54.2842712474619,1.4533181918604778,19.209372712298546,0.8614165465126047
64957_mask.png,3,557.0,93.25483399593902,1.4657402521458993,33.421549934136806,0.8048637217380031
64957_mask.png,4,1968.0,164.6101730552664,1.0342028832638233,51.264022471905186,0.9126864756700891
64957_mask.png,5,2057.0,168.0243866176395,1.0732381723662423,53.009433122794285,0.9155867906532649
64957_mask.png,6,1690.0,151.53910524340094,1.0754806483953574,48.02082881417188,0.924798531260901
64957_mask.png,7,1849.0,158.12489168102786,1.039230734946739,50.0,0.9292793640581047
64957_mask.png,8,1936.0,161.5391052434009,1.088691055026783,52.20153254455275,0.932308987714613
64957_mask.png,9,1709.0,152.12489168102783,1.1061359658183978,49.4064773081425,0.9280072363350717
64957_mask.png,10,1902.0,159.6812408671319,1.0770670335158026,51.97114584074513,0.9373733000216374
64957_mask.png,11,1353.0,133.88225099390857,1.02802109207095,41.97618372363071,0.9485531035490586
64957_mask.png,12,1547.0,144.71067811865476,1.0808297802525733,45.803929962395145,0.9283228072519508
64957_mask.png,13,1932.0,162.61017305526642,1.0093001912956083,50.00999900019995,0.9181667514455341
64957_mask.png,14,1774.0,154.95331880577402,1.0481017212154262,48.60041152089147,0.9284568284469749
64957_mask.png,15,1599.0,147.88225099390854,1.0818877858321463,47.20169488482379,0.9188110776200846
64957_mask.png,16,1519.0,142.71067811865476,1.0433929494282532,44.91102314577124,0.9372483797580543
64957_mask.png,17,2103.0,169.09545442950497,1.0126741986699699,53.150729063673246,0.924241085349325
64957_mask.png,18,1584.0,153.4386001800126,1.0944679230174545,47.50789408087881,0.8454652960055273
64957_mask.png,19,608.0,90.42640687119284,1.1007348475374086,29.068883707497267,0.9343786244857228
64957_mask.png,20,1793.0,156.12489168102783,1.070932701899141,49.8196748283246,0.9243700239118043
64957_mask.png,21,1907.0,160.36753236814712,1.0528101626182829,50.47771785649585,0.9318106371142124
