image,label,area,perimeter,aspect_ratio,max_diameter,circularity
64962_mask.png,1,1541.0,150.22539674441617,1.2219749610023083,48.16637831516918,0.8580760559313321
64962_mask.png,2,1473.0,148.63961030678928,1.2824783154826407,48.373546489791295,0.8378060549926867
64962_mask.png,3,1782.0,155.78174593052023,1.0770206908067261,49.47726750741192,0.9227507989893543
64962_mask.png,4,1468.0,144.71067811865476,1.1161807473734093,45.69463863518345,0.8809165359055359
64962_mask.png,5,1390.0,140.95331880577405,1.1560659619673384,44.64302857109943,0.8791724133017744
64962_mask.png,6,1927.0,161.53910524340097,1.0861508878668535,52.20153254455275,0.9279749066766827
64962_mask.png,7,1772.0,155.53910524340097,1.0326710815687576,48.41487374764082,0.9204376797554816
64962_mask.png,8,1985.0,163.78174593052023,1.0779067342076543,52.20153254455275,0.9299067116536525
64962_mask.png,9,1442.0,139.0538238691624,1.0571217260799697,43.93176527297759,0.9371503078271904
64962_mask.png,10,1756.0,154.36753236814715,1.0205321312439715,47.51841748206689,0.9260244464665266
64962_mask.png,11,2097.0,169.4386001800126,1.0366668635407552,52.630789467763066,0.9178750921018264
64962_mask.png,12,1573.0,145.88225099390857,1.0975906691925907,46.647615158762406,0.9288245262956105
64962_mask.png,13,682.0,103.15432893255071,1.7753629645606366,40.792156108742276,0.8054142745500398
64962_mask.png,14,1784.0,156.12489168102783,1.064860638477236,49.8196748283246,0.9197301297594305
64962_mask.png,15,1624.0,147.88225099390857,1.0527902986465734,46.52956049652737,0.9331764790838128
64962_mask.png,16,1600.0,146.95331880577405,1.0266943369112826,45.89117562233506,0.9310458086532434
64962_mask.png,17,1743.0,155.29646455628165,1.0697683948466197,48.91829923454004,0.9082054705788345
64962_mask.png,18,2128.0,169.4386001800126,1.0278088271108092,52.80151512977634,0.9314440610360928
64962_mask.png,19,1311.0,134.71067811865476,1.1501956823325317,43.829214001622255,0.907838321286961
64962_mask.png,20,1716.0,155.19595949289334,1.2912081922020828,52.630789467763066,0.895295346179424
64962_mask.png,21,675.0,95.49747468305833,1.0752991217849792,30.463092423455635,0.9301004664639541
64962_mask.png,22,1494.0,142.71067811865476,1.0865988945473093,45.27692569068709,0.9218229620530172
