image,label,area,perimeter,aspect_ratio,max_diameter,circularity
64979_mask.png,1,1675.0,150.71067811865476,1.0587596300094886,47.634021455258214,0.926694589744886
64979_mask.png,2,1606.0,146.95331880577405,1.0214114721109784,45.69463863518345,0.934537230435693
64979_mask.png,3,1697.0,151.78174593052023,1.0737675591918932,48.104053883222775,0.9256623888556857
64979_mask.png,4,2023.0,166.2670273047588,1.0673062387052965,52.46903848937962,0.9195883964600221
64979_mask.png,5,1404.0,137.05382386916236,1.0820377784960031,43.829214001622255,0.9392790973096317
64979_mask.png,6,2089.0,168.36753236814712,1.0688774019328913,53.2634959423431,0.9260439747012282
64979_mask.png,7,600.0,91.74011537017762,1.0489075914665738,29.154759474226502,0.8958649603091087
64979_mask.png,8,1505.0,143.53910524340094,1.1049867126323367,45.65084884205331,0.9179222446071834
64979_mask.png,9,1976.0,164.36753236814715,1.0452603394363915,51.40038910358559,0.9191041644653127
64979_mask.png,10,1527.0,142.71067811865476,1.0346000062405154,44.654227123532216,0.9421845134236662
64979_mask.png,11,1675.0,149.88225099390854,1.0725967025486025,47.70744176750625,0.9369669273554185
64979_mask.png,12,1659.0,149.78174593052023,1.1131381704108296,49.03060268852505,0.9292626306298375
64979_mask.png,13,1921.0,161.19595949289334,1.0323609469268251,50.59644256269407,0.929028261307067
64979_mask.png,14,1562.0,145.88225099390857,1.0831122590176343,46.87216658103186,0.922329249887949
64979_mask.png,15,1688.0,151.53910524340094,1.0429677395933143,47.01063709417264,0.9237040951292312
64979_mask.png,16,1967.0,163.19595949289334,1.0383665791195726,51.03920062069938,0.928101383158261
