image,label,area,perimeter,aspect_ratio,max_diameter,circularity
64974_mask.png,1,1591.0,146.46803743153546,1.1258685842926377,47.29693436154187,0.9319536615098951
64974_mask.png,2,1788.0,155.78174593052023,1.0448476068081567,48.60041152089147,0.9258577040364564
64974_mask.png,3,1450.0,139.53910524340094,1.122243312962754,45.60701700396552,0.9358063731259203
64974_mask.png,4,1451.0,141.05382386916236,1.1733112319007057,46.52956049652737,0.9164474103036099
64974_mask.png,5,660.0,109.9827560572969,1.0473860420309593,30.886890422961002,0.6856533506079211
64974_mask.png,6,1309.0,133.0538238691624,1.0603333309047909,41.773197148410844,0.9291691666457413
64974_mask.png,7,1141.0,123.39696961966999,1.0937467756587533,39.92492955535426,0.9416435144902406
64974_mask.png,8,880.0,111.1543289325507,1.2104080888321087,38.3275357934736,0.8950344960430048
64974_mask.png,9,600.0,89.49747468305833,1.0563361201562653,28.442925306655784,0.941324911375182
64974_mask.png,10,1753.0,153.88225099390854,1.0701410246311311,49.040799340956916,0.9302822166105819
64974_mask.png,11,523.0,82.76955262170047,1.0606421865851097,26.419689627245813,0.9593351058257108
64974_mask.png,12,671.0,95.98275605729688,1.063462955604713,30.805843601498726,0.9152630964628745
64974_mask.png,13,1629.0,148.12489168102783,1.1083930470846732,48.010415536631214,0.9329854196214572
64974_mask.png,14,1473.0,141.29646455628165,1.0886405100903547,44.94441010848846,0.9271500375977633
64974_mask.png,15,1494.0,141.05382386916236,1.0266484956940574,43.829214001622255,0.943606086143069
64974_mask.png,16,574.0,89.25483399593904,1.3492461157222246,31.064449134018133,0.9054370533877382
64974_mask.png,17,1658.0,150.12489168102786,1.0981477967214233,48.25971404805462,0.9244618125320476
64974_mask.png,18,1835.0,157.5391052434009,1.0498066934654775,49.76946855251722,0.9291143838600499
64974_mask.png,19,1310.0,132.71067811865476,1.027715515209453,41.593268686170845,0.9346939315076491
64974_mask.png,20,1463.0,147.63961030678928,1.1232083430378619,48.02082881417188,0.8434287674372813
64974_mask.png,21,1557.0,145.88225099390854,1.1039372692716543,47.01063709417264,0.9193768515208303
64974_mask.png,22,1614.0,148.95331880577405,1.018366156528677,45.60701700396552,0.9141406597221448
