image,label,area,perimeter,aspect_ratio,max_diameter,circularity
64976_mask.png,1,1573.0,145.88225099390854,1.035043899393841,45.45327270945405,0.9288245262956109
64976_mask.png,2,1832.0,157.29646455628165,1.017719752703507,49.040799340956916,0.9304593632396952
64976_mask.png,3,1617.0,148.95331880577405,1.1563712110539361,49.24428900898052,0.9158398059298067
64976_mask.png,4,1587.0,146.71067811865476,1.039815507913535,45.70557952810576,0.9265382264454588
64976_mask.png,5,1763.0,154.71067811865473,1.1669444325846712,50.80354318352215,0.9255962723455331
64976_mask.png,6,1508.0,141.88225099390854,1.0754081999685379,45.221676218380054,0.9413585369865647
64976_mask.png,7,1673.0,150.95331880577405,1.154216940166193,49.36598018878993,0.9226149201675036
64976_mask.png,8,1857.0,158.61017305526644,1.075616095257622,50.44799302251776,0.9275977570146776
64976_mask.png,9,1317.0,133.39696961967,1.071735034165294,42.20189569201838,0.9300444625854701
64976_mask.png,10,2151.0,174.02438661763952,1.0784452847980635,55.78530272392541,0.8925448553456311
64976_mask.png,11,1609.0,146.46803743153546,1.0275269892255716,45.803929962395145,0.9424974490065501
64976_mask.png,12,1480.0,141.0538238691624,1.0393875661208338,44.10215414239989,0.9347637265674308
64976_mask.png,13,522.0,83.84062043356595,1.2249637961136823,28.635642126552707,0.9331928444150619
64976_mask.png,14,664.0,93.59797974644665,1.1174788410876926,30.805843601498726,0.9524561571833138
64976_mask.png,15,1746.0,154.12489168102786,1.0895476429574948,48.76474136094644,0.9236523395869806
64976_mask.png,16,1739.0,153.78174593052023,1.0681133093891961,48.83646178829912,0.9240593621838824
64976_mask.png,17,1568.0,145.88225099390857,1.1216630695179666,47.53945729601885,0.9258721279284915
64976_mask.png,18,554.0,86.08326112068524,1.1547094808052742,28.861739379323623,0.9394684642583879
64976_mask.png,19,1694.0,152.36753236814712,1.0937631211127612,48.877397639399746,0.9169346864360812
64976_mask.png,20,1036.0,117.9827560572969,1.1596470009616857,38.8329756778952,0.9352603983395112
64976_mask.png,21,1663.0,150.36753236814712,1.0849079216377306,47.70744176750625,0.9242595949926942
