image,label,area,perimeter,aspect_ratio,max_diameter,circularity
64981_mask.png,1,810.0,115.49747468305831,1.5172548777919184,41.10960958218893,0.7630445691385898
64981_mask.png,2,1562.0,146.22539674441617,1.0918733545503552,47.634021455258214,0.9180054865237023
64981_mask.png,3,1281.0,153.29646455628168,1.136772114469133,45.65084884205331,0.6850065368989389
64981_mask.png,4,2048.0,167.1959594928933,1.0385450024828091,52.43090691567332,0.9206366511368027
64981_mask.png,5,1767.0,154.71067811865476,1.0698413936961582,49.040799340956916,0.9276963206095044
64981_mask.png,6,1744.0,154.12489168102786,1.0504018918798692,47.853944456021594,0.9225943185794352
64981_mask.png,7,758.0,103.49747468305833,1.3635583585593907,35.84689665786984,0.8892411736548512
64981_mask.png,8,1992.0,164.95331880577402,1.0897963393358998,52.69724850502159,0.9199772385300694
64981_mask.png,9,1401.0,136.71067811865476,1.0970622466111337,44.14748010928823,0.9419831282780806
64981_mask.png,10,1736.0,152.12489168102783,1.0196239255519128,47.50789408087881,0.9426685560431155
64981_mask.png,11,1626.0,148.71067811865476,1.1293919237787187,48.25971404805462,0.9239449525129788
64981_mask.png,12,1341.0,135.0538238691624,1.0502660476113985,42.44997055358225,0.9238997966875275
64981_mask.png,13,2063.0,166.95331880577405,1.0689358731643417,52.88667128870941,0.930077158242496
64981_mask.png,14,1526.0,145.29646455628165,1.1360360654993118,46.57252408878007,0.9083522657977392
64981_mask.png,15,1931.0,162.95331880577405,1.0581739737758444,50.695167422546305,0.9138306448517517
64981_mask.png,16,1668.0,150.71067811865476,1.0076019110538545,46.647615158762406,0.9228218362355044
64981_mask.png,17,1743.0,153.53910524340094,1.029253409943573,48.010415536631214,0.9291145053041274
