image,label,area,perimeter,aspect_ratio,max_diameter,circularity
64987_mask.png,1,1596.0,147.29646455628168,1.080303852479074,46.61544808322666,0.9243961013595573
64987_mask.png,2,1697.0,151.88225099390854,1.0434863846135847,47.20169488482379,0.9244377167845397
64987_mask.png,3,1996.0,165.6812408671319,1.0206492608669737,51.35172830587107,0.9137422866654197
64987_mask.png,4,1816.0,156.36753236814712,1.02646681006353,48.46648326421054,0.9333242348749355
64987_mask.png,5,565.0,87.01219330881976,1.1706062586967032,28.600699292150182,0.9377737671227923
64987_mask.png,6,1495.0,142.12489168102783,1.0843287001339537,45.0,0.9300595644694382
64987_mask.png,7,2013.0,165.19595949289334,1.0656974258636338,52.478567053607705,0.9269467741158021
64987_mask.png,8,434.0,78.42640687119285,1.3686433701360798,27.65863337187866,0.8866964245700598
64987_mask.png,9,1443.0,139.88225099390857,1.0834843020995795,44.40720662234904,0.9267251948676943
64987_mask.png,10,2102.0,169.4386001800126,1.0243016016201711,52.23983154643591,0.9200636354783209
64987_mask.png,11,1721.0,152.36753236814712,1.0488213147609884,48.38388161361178,0.9315493479082029
64987_mask.png,12,1657.0,151.19595949289334,1.1062153500988576,48.84669896727925,0.9108607781387156
64987_mask.png,13,2088.0,168.02438661763952,1.0430581092621931,52.478567053607705,0.9293851331473097
64987_mask.png,14,1651.0,148.95331880577405,1.0550689127552715,46.87216658103186,0.9350967962833091
64987_mask.png,15,1838.0,156.36753236814712,1.002008279451241,48.54894437575342,0.9446310262665922
64987_mask.png,16,1483.0,142.12489168102783,1.156962866095441,46.647615158762406,0.9225942034168406
64987_mask.png,17,653.0,97.43250352560273,1.2333616844440463,33.24154027718932,0.8644011212254203
64987_mask.png,18,1207.0,133.19595949289334,1.0177334023886153,42.95346318982906,0.8549388107755961
64987_mask.png,19,1876.0,161.19595949289334,1.1196360693432155,51.62363799656123,0.9072654962061726
64987_mask.png,20,413.0,75.35533905932736,1.0300126500836995,23.769728648009426,0.913969828214061
64987_mask.png,21,1802.0,160.0243866176395,1.1593720497109132,53.36665625650534,0.8842851019504532
64987_mask.png,22,438.0,76.52691193458118,1.1059014105691936,25.0,0.9398436187582299
64987_mask.png,23,1805.0,158.12489168102786,1.2410184149809562,52.952809179494906,0.9071656312195128
64987_mask.png,24,1731.0,151.88225099390857,1.0409016894350471,47.53945729601885,0.9429591560129862
