image,label,area,perimeter,aspect_ratio,max_diameter,circularity
64995_mask.png,1,1651.0,150.2253967444162,1.1343318516789667,50.44799302251776,0.9193274291645871
64995_mask.png,2,1093.0,131.88225099390854,1.0449506734874339,38.897300677553446,0.7896912458345039
64995_mask.png,3,2287.0,175.68124086713186,1.0206299771445857,54.91812087098393,0.9311620077752676
64995_mask.png,4,1766.0,163.1959594928933,1.2065886907565766,51.31276644267,0.8332623501054852
64995_mask.png,5,1431.0,139.88225099390854,1.0190020738991632,43.18564576337837,0.9190185404405204
64995_mask.png,6,1773.0,155.53910524340097,1.0956740537573013,49.64876634922564,0.9209571141120029
64995_mask.png,7,1998.0,165.09545442950497,1.0304911315046652,52.20153254455275,0.9211600950063941
64995_mask.png,8,1929.0,169.4386001800126,1.6162983421987147,63.812224534175265,0.8443400346516085
64995_mask.png,9,1711.0,151.53910524340094,1.029141636170926,47.43416490252569,0.9362901106434328
64995_mask.png,10,1563.0,144.71067811865476,1.050294444328813,45.880278987817846,0.9379240773980602
64995_mask.png,11,2081.0,168.36753236814712,1.0372906653876326,53.009433122794285,0.9224976119450723
64995_mask.png,12,1437.0,139.0538238691624,1.0821944352421218,44.384682042344295,0.9339008268707855
64995_mask.png,13,2056.0,167.19595949289334,1.0910517271641198,54.12947441089743,0.9242328880553056
64995_mask.png,14,1514.0,151.78174593052023,1.3028397666669953,48.703182647543684,0.8258414005465575
64995_mask.png,15,1885.0,160.2670273047588,1.0881681139248753,51.62363799656123,0.9222164305087057
64995_mask.png,16,872.0,109.9827560572969,1.2543772037009266,37.33630940518894,0.9058935177728896
