image,label,area,perimeter,aspect_ratio,max_diameter,circularity
65006_mask.png,1,1529.0,144.46803743153546,1.0633980493669015,45.18849411078001,0.9206060049252318
65006_mask.png,2,1777.0,154.95331880577402,1.0346547306760376,48.46648326421054,0.9300269358231534
65006_mask.png,3,1282.0,132.22539674441617,1.0726492366217608,41.773197148410844,0.9214422711023443
65006_mask.png,4,1562.0,144.71067811865476,1.0198457126439442,44.94441010848846,0.9373239980139285
65006_mask.png,5,2023.0,166.46803743153546,1.0854570271712476,53.33854141237835,0.9173689316078129
65006_mask.png,6,1373.0,135.63961030678928,1.0239359309035472,42.05948168962618,0.9377937510372054
65006_mask.png,7,1661.0,150.95331880577402,1.2155317047413174,50.695167422546305,0.915997239927211
65006_mask.png,8,1622.0,148.36753236814712,1.0398620377909633,46.2709412050371,0.9259402578427046
65006_mask.png,9,1669.0,150.95331880577402,1.069179705752279,47.53945729601885,0.920409026754073
65006_mask.png,10,1539.0,144.4680374315355,1.068887682357397,46.09772228646444,0.9266269729103538
65006_mask.png,11,1700.0,151.29646455628165,1.0200849465828148,47.01063709417264,0.9332569353594057
65006_mask.png,12,1433.0,138.46803743153546,1.0320381502344356,43.382023926967726,0.9391976144841259
65006_mask.png,13,1530.0,144.12489168102786,1.0997405492362236,45.803929962395145,0.9255999170717353
65006_mask.png,14,1943.0,163.78174593052023,1.092561335164383,51.24451190127583,0.9102311036488899
65006_mask.png,15,1713.0,152.71067811865476,1.0367431846327928,47.50789408087881,0.9230567779984379
65006_mask.png,16,1937.0,162.36753236814712,1.0350464888412767,50.44799302251776,0.9232963186093973
65006_mask.png,17,1713.0,151.53910524340094,1.0145501187517654,47.43416490252569,0.9373845467751026
65006_mask.png,18,1899.0,161.19595949289334,1.0546998864394714,51.0,0.9183886872577408
65006_mask.png,19,1592.0,147.78174593052023,1.0856609394311953,46.84015371452148,0.9160334678811186
65006_mask.png,20,1771.0,154.71067811865476,1.084969407811791,49.8196748283246,0.929796368873476
65006_mask.png,21,1344.0,135.63961030678928,1.2288195036447351,45.70557952810576,0.9179860170386046
65006_mask.png,22,1542.0,144.71067811865476,1.0132294252336194,44.553338819890925,0.9253224103312917
65006_mask.png,23,1828.0,157.78174593052023,1.0742522640259549,49.72926703662542,0.9227255378914481
65006_mask.png,24,1299.0,133.0538238691624,1.0343873546023745,41.593268686170845,0.922070853684353
