image,label,area,perimeter,aspect_ratio,max_diameter,circularity
65007_mask.png,1,1798.0,172.12489168102786,1.1663637421690256,58.52349955359813,0.762627025551453
65007_mask.png,2,1803.0,156.36753236814712,1.0145185985649026,48.104053883222775,0.926642949052593
65007_mask.png,3,1847.0,158.36753236814715,1.048783299904138,49.9799959983992,0.9254318877819435
65007_mask.png,4,1921.0,162.2670273047588,1.0399279042781515,51.088159097779204,0.9168043574403607
65007_mask.png,5,1469.0,140.71067811865476,1.0189163018493905,43.41658669218482,0.9323469356967711
65007_mask.png,6,1343.0,133.98275605729688,1.0525982565773402,42.80186911806539,0.9401303270143271
65007_mask.png,7,1548.0,143.29646455628165,1.0406275711551944,45.31004303683677,0.9473487127522708
65007_mask.png,8,1379.0,136.8111831820431,1.076386855684237,44.04543109109048,0.9258293248457675
65007_mask.png,9,1711.0,151.78174593052023,1.0196348123205583,47.53945729601885,0.9332989671962747
65007_mask.png,10,1421.0,139.88225099390854,1.1439638744873941,45.803929962395145,0.9125963284178753
65007_mask.png,11,1488.0,142.71067811865476,1.0499010141225116,44.654227123532216,0.9181208618038083
65007_mask.png,12,1748.0,154.36753236814712,1.0227590030722282,47.67598976424087,0.9218056562776135
65007_mask.png,13,1683.0,150.12489168102786,1.0840297910056007,48.33218389437829,0.9384012246631099
65007_mask.png,14,1575.0,147.29646455628165,1.0592733686074471,45.60701700396552,0.9122329947627215
65007_mask.png,15,1487.0,144.05382386916236,1.0803410101962139,44.94441010848846,0.9004741511398869
65007_mask.png,16,1750.0,154.36753236814712,1.0633675349636802,48.60041152089147,0.9228603538248419
65007_mask.png,17,1585.0,146.46803743153546,1.0551831230455213,46.22769732530488,0.9284390656776768
65007_mask.png,18,1558.0,146.12489168102786,1.0214301478914922,45.221676218380054,0.9169146524491739
65007_mask.png,19,1346.0,134.22539674441617,1.0321553029277624,42.20189569201838,0.9388269138464449
65007_mask.png,20,1776.0,154.71067811865473,1.0578850465873855,48.76474136094644,0.9324214292034412
