image,label,area,perimeter,aspect_ratio,max_diameter,circularity
65014_mask.png,1,1332.0,133.88225099390857,1.0697398610759885,42.01190307520001,0.9338305498354369
65014_mask.png,2,2015.0,166.8528137423857,1.0993849070701134,53.36665625650534,0.9095317097751522
65014_mask.png,3,1539.0,144.71067811865476,1.0831402185108479,45.89117562233506,0.9235221721788962
65014_mask.png,4,1500.0,141.88225099390857,1.0787405338694336,45.48626166217664,0.9363645924932669
65014_mask.png,5,1419.0,138.71067811865476,1.0479389925150417,43.289721643826724,0.9267710727293408
65014_mask.png,6,1151.0,123.98275605729688,1.0308338437095308,39.05124837953327,0.9409414822778968
65014_mask.png,7,1983.0,163.53910524340094,1.0240115618136367,50.80354318352215,0.9317284218813829
65014_mask.png,8,1237.0,128.5685424949238,1.0235132594574792,40.22437072223753,0.9403945909920857
65014_mask.png,9,2337.0,177.92388155425118,1.0162574629741312,55.362442142665635,0.927684045184586
65014_mask.png,10,1684.0,150.95331880577405,1.0598322862904614,47.43416490252569,0.9286811270544387
65014_mask.png,11,1673.0,151.29646455628168,1.035795533445871,47.634021455258214,0.9184346193272266
65014_mask.png,12,1562.0,146.12489168102783,1.0451421378980905,45.60701700396552,0.9192687337134856
65014_mask.png,13,1427.0,140.22539674441617,1.012043612145534,43.278170016764804,0.911969853326017
65014_mask.png,14,1363.0,135.63961030678928,1.0685904715137429,42.80186911806539,0.9309634979342396
65014_mask.png,15,1326.0,132.46803743153546,1.064715686738401,42.190046219457976,0.9495791798804002
65014_mask.png,16,1342.0,135.63961030678928,1.0601555799194693,42.720018726587654,0.9166199664180114
65014_mask.png,17,1400.0,137.0538238691624,1.0253800922084333,43.08131845707603,0.9366030884853872
65014_mask.png,18,1726.0,152.95331880577402,1.0392737455210945,47.634021455258214,0.9271133735090772
65014_mask.png,19,1415.0,138.95331880577405,1.0833125558568713,43.93176527297759,0.9209338913187852
65014_mask.png,20,1992.0,177.33809511662426,1.3957455856310668,63.12685640834652,0.795967104628694
65014_mask.png,21,377.0,69.94112549695427,1.0795380323829944,23.08679276123039,0.968469573014888
