image,label,area,perimeter,aspect_ratio,max_diameter,circularity
65044_mask.png,1,430.0,77.94112549695427,1.1265566197759407,25.079872407968907,0.8894979957880127
65044_mask.png,2,1665.0,150.12489168102786,1.0280177928083978,46.400431032480725,0.928364847928745
65044_mask.png,3,1545.0,144.95331880577402,1.0490558452413417,45.5411901469428,0.9240213825393827
65044_mask.png,4,1633.0,152.71067811865476,1.1981442613092679,49.09175083453431,0.8799484637895207
65044_mask.png,5,1660.0,149.29646455628165,1.0421213865616639,47.16990566028302,0.9358772821206613
65044_mask.png,6,1615.0,146.22539674441617,1.0912842127429692,46.87216658103186,0.9491542002149673
65044_mask.png,7,1458.0,143.05382386916236,1.0054562802986566,45.5411901469428,0.8952997140480617
65044_mask.png,8,1553.0,147.29646455628168,1.0882056244151301,46.04345773288535,0.8994906926136546
65044_mask.png,9,1862.0,159.5391052434009,1.0227599036269166,49.4064773081425,0.9192957167060521
65044_mask.png,10,1883.0,160.12489168102786,1.0831605753210864,50.32891812864648,0.9228741599313445
65044_mask.png,11,1875.0,158.36753236814712,1.0400199675446737,49.92995093127971,0.939461174656819
65044_mask.png,12,1883.0,160.36753236814712,1.0884282900007531,51.40038910358559,0.9200836023524185
65044_mask.png,13,1964.0,165.78174593052023,1.1887658282178788,56.36488268416781,0.8980032930844732
65044_mask.png,14,2113.0,170.36753236814712,1.0458751961141137,52.80151512977634,0.9148200932802287
65044_mask.png,15,1769.0,154.12489168102786,1.088498260359766,49.64876634922564,0.9358195811737505
65044_mask.png,16,767.0,104.66904755831214,1.4022827329482137,36.6742416417845,0.8797690577110159
65044_mask.png,17,1561.0,145.88225099390857,1.0659653008022358,46.400431032480725,0.9217387702145251
65044_mask.png,18,779.0,106.08326112068524,1.242798222210669,35.0,0.8698684868799442
65044_mask.png,19,1849.0,159.5391052434009,1.0328462862281946,49.73932046178355,0.912877432969651
65044_mask.png,20,565.0,85.94112549695429,1.1063858554304222,28.30194339616981,0.9612940138903122
65044_mask.png,21,1366.0,136.46803743153546,1.1100122543751512,43.46262762420146,0.9217192791171125
