image,label,area,perimeter,aspect_ratio,max_diameter,circularity
65059_mask.png,1,1824.0,157.53910524340097,1.0705652908949561,49.678969393496885,0.9235447608505339
65059_mask.png,2,2041.0,166.71067811865476,1.0363347648310013,52.009614495783374,0.922839196992835
65059_mask.png,3,1418.0,139.53910524340094,1.0879892499495925,44.181444068749045,0.9151540945465897
65059_mask.png,4,459.0,78.18376618407358,1.3006839337522247,27.51363298439521,0.9436031361400776
65059_mask.png,5,1812.0,157.1959594928933,1.024424221870818,48.507731342539614,0.9214786970624571
65059_mask.png,6,1784.0,156.12489168102783,1.01768558498282,48.60041152089147,0.9197301297594305
65059_mask.png,7,1806.0,156.12489168102783,1.0134680992928442,48.41487374764082,0.9310720932430109
65059_mask.png,8,1445.0,139.05382386916236,1.0675654315296226,44.01136216933077,0.9390999964010337
65059_mask.png,9,1676.0,165.4386001800126,1.3024247938460984,55.54277630799526,0.7695027652298546
65059_mask.png,10,2026.0,166.61017305526642,1.098053353505233,53.31041174104736,0.9171624675919278
65059_mask.png,11,1497.0,142.46803743153546,1.0360268587227235,44.77722635447622,0.9268229535659578
65059_mask.png,12,1616.0,148.71067811865476,1.1230237840973645,48.27007354458868,0.9182626342318413
65059_mask.png,13,1261.0,129.9827560572969,1.0381259069568312,41.048751503547585,0.9378933751788766
65059_mask.png,14,1689.0,152.36753236814715,1.1395347297343712,49.57822102496216,0.9142282676449471
65059_mask.png,15,2166.0,171.43860018001263,1.0204478420364633,52.88667128870941,0.9260855170360117
65059_mask.png,16,1824.0,158.61017305526642,1.05933210583211,49.20365840057018,0.9111137904118323
65059_mask.png,17,1084.0,123.1543289325507,1.0548021153270277,38.41874542459709,0.898131196912293
65059_mask.png,18,1620.0,148.12489168102783,1.050042086355966,46.61544808322666,0.927830804043438
