image,label,area,perimeter,aspect_ratio,max_diameter,circularity
65068_mask.png,1,1707.0,150.95331880577405,1.0498258193325212,47.50789408087881,0.9413650141816668
65068_mask.png,2,1506.0,143.29646455628168,1.0646614033037007,44.94441010848846,0.9216454531039528
65068_mask.png,3,2020.0,164.95331880577405,1.0704830354812098,52.80151512977634,0.9329086454973592
65068_mask.png,4,2148.0,170.61017305526642,1.0249166495162692,53.16013544000805,0.9273299663101752
65068_mask.png,5,1774.0,154.95331880577405,1.0717726633450335,49.09175083453431,0.9284568284469746
65068_mask.png,6,1402.0,138.22539674441617,1.035468618375024,43.278170016764804,0.9221088439050285
65068_mask.png,7,320.0,65.698484809835,1.4107819718880907,23.600847442411894,0.9316421631169541
65068_mask.png,8,1924.0,161.19595949289334,1.0314969903273927,50.0,0.9304791123137933
65068_mask.png,9,1751.0,153.78174593052023,1.0318007375914058,48.05205510693585,0.9304358500195389
65068_mask.png,10,1674.0,150.95331880577405,1.0095444880669957,46.52956049652737,0.9231663935208614
65068_mask.png,11,940.0,115.39696961966999,1.2477534479185817,38.27531841800928,0.8870516524339254
65068_mask.png,12,1456.0,141.88225099390857,1.0693826359006833,45.0,0.9088978977801311
65068_mask.png,13,1816.0,158.36753236814712,1.0740572016617111,49.73932046178355,0.9098994630276177
65068_mask.png,14,929.0,127.39696961966999,2.172547114053066,52.354560450833695,0.719295565436573
65068_mask.png,15,1498.0,141.88225099390857,1.0543753389881372,44.77722635447622,0.9351161063699426
65068_mask.png,16,1527.0,143.0538238691624,1.0599935936980998,45.60701700396552,0.93766986512441
65068_mask.png,17,1597.0,147.53910524340094,1.0645899615315257,46.61544808322666,0.9219353965598475
65068_mask.png,18,802.0,105.1543289325507,1.1422477683400192,34.713109915419565,0.9114438522944762
65068_mask.png,19,1931.0,162.02438661763952,1.0507566565206374,50.566787519082126,0.9243391883309492
65068_mask.png,20,1506.0,142.71067811865476,1.05484274886724,44.721359549995796,0.929227162551435
65068_mask.png,21,2235.0,174.02438661763952,1.0832116849563953,55.154328932550705,0.9274001635041773
65068_mask.png,22,1694.0,152.95331880577402,1.0342031811779273,47.01063709417264,0.9099247130500445
65068_mask.png,23,1461.0,140.71067811865476,1.0150244465011402,43.56604182158393,0.9272694847195253
65068_mask.png,24,1208.0,126.81118318204308,1.0483093978394484,40.0,0.9439776002676618
