image,label,area,perimeter,aspect_ratio,max_diameter,circularity
65064_mask.png,1,1421.0,137.88225099390857,1.0207409159044725,42.7551166528639,0.9392629946802539
65064_mask.png,2,516.0,84.08326112068524,1.3214433518515611,29.614185789921695,0.9171502129502425
65064_mask.png,3,1422.0,138.22539674441617,1.077097051716558,44.204072210600685,0.9352630356868404
65064_mask.png,4,1911.0,161.19595949289334,1.0372298040663597,50.48762224545735,0.9241920912846461
65064_mask.png,5,1936.0,162.36753236814715,1.0044084407193647,50.80354318352215,0.9228196555641678
65064_mask.png,6,1277.0,131.74011537017762,1.0639850566240938,42.20189569201838,0.9246229789279652
65064_mask.png,7,1700.0,151.1959594928933,1.0662207730173734,47.92702786528704,0.9344980825804569
65064_mask.png,8,1831.0,162.46803743153546,1.1259583912381725,53.81449618829484,0.8716905536300168
65064_mask.png,9,1873.0,160.85281374238568,1.0177457204328046,50.35871324805669,0.9096834987250133
65064_mask.png,10,1473.0,140.46803743153546,1.0674765112093798,45.0,0.938118243103966
65064_mask.png,11,1325.0,134.22539674441617,1.0995324264167976,42.80186911806539,0.9241795400048586
65064_mask.png,12,1478.0,141.29646455628165,1.0603418218585,44.91102314577124,0.9302971864015575
65064_mask.png,13,1765.0,155.53910524340094,1.0924851835789415,50.0,0.9168016392598339
65064_mask.png,14,1442.0,139.0538238691624,1.0506785659274147,44.01136216933077,0.9371503078271904
65064_mask.png,15,1266.0,131.05382386916236,1.0441604559952316,40.8166632639171,0.9262840272984684
65064_mask.png,16,1860.0,158.61017305526642,1.0399679473982582,49.64876634922564,0.9290962994331184
65064_mask.png,17,1640.0,149.78174593052023,1.0488351151557276,47.38143096192854,0.9186200809119551
65064_mask.png,18,1552.0,144.46803743153546,1.0079862091427068,44.82186966202994,0.9344542312910135
65064_mask.png,19,1613.0,147.29646455628165,1.0407097548409734,46.22769732530488,0.9342424257474727
65064_mask.png,20,1741.0,153.29646455628168,1.0586301801701694,49.20365840057018,0.9309885876198695
