image,label,area,perimeter,aspect_ratio,max_diameter,circularity
65065_mask.png,1,1602.0,147.88225099390857,1.0297194916233183,46.09772228646444,0.9205349257957317
65065_mask.png,2,1780.0,156.12489168102783,1.0668448020050878,49.57822102496216,0.9176679545805976
65065_mask.png,3,1411.0,136.8111831820431,1.073635511135637,44.204072210600685,0.9473133990988962
65065_mask.png,4,2195.0,179.43860018001263,1.0374702565839622,53.600373133029585,0.8566681949371726
65065_mask.png,5,1444.0,140.22539674441617,1.1008478212231396,45.221676218380054,0.922834245411891
65065_mask.png,6,1436.0,138.12489168102783,1.044695033645781,44.384682042344295,0.9458459378894394
65065_mask.png,7,1727.0,154.71067811865476,1.0787701614552871,49.39635614091387,0.9066958379697873
65065_mask.png,8,1439.0,139.88225099390857,1.0292976011246406,43.60045871318328,0.9241563100586362
65065_mask.png,9,1880.0,160.95331880577405,1.0629362856020554,50.60632371551998,0.9119433085846088
65065_mask.png,10,1832.0,157.53910524340094,1.017548851850552,49.24428900898052,0.9275953957665454
65065_mask.png,11,1828.0,156.95331880577405,1.0055066222824893,48.33218389437829,0.9324918584429874
65065_mask.png,12,1707.0,150.46803743153546,1.048693847949405,47.43416490252569,0.9474468848867994
65065_mask.png,13,1047.0,119.9827560572969,1.2867597103210124,41.340053217188775,0.9139425107513496
65065_mask.png,14,1585.0,146.71067811865476,1.0778381768819219,46.32493928760188,0.9253705664247337
65065_mask.png,15,2003.0,166.02438661763952,1.044379641394598,52.0,0.9131603471214433
65065_mask.png,16,1314.0,133.05382386916236,1.0445513652442742,41.43669871020132,0.9327183231264361
