image,label,area,perimeter,aspect_ratio,max_diameter,circularity
65067_mask.png,1,1586.0,146.95331880577402,1.0412696403197217,45.70557952810576,0.922899157827528
65067_mask.png,2,1542.0,144.71067811865476,1.0358363497021146,44.94441010848846,0.9253224103312917
65067_mask.png,3,1389.0,135.88225099390857,1.0100804713285405,42.44997055358225,0.9453369741269415
65067_mask.png,4,1497.0,141.53910524340094,1.012189352329045,44.14748010928823,0.9390284982090078
65067_mask.png,5,1601.0,147.53910524340094,1.0304248302970953,46.32493928760188,0.9242445647415878
65067_mask.png,6,1613.0,149.29646455628165,1.0621929000195254,46.61544808322666,0.9093795518437511
65067_mask.png,7,1652.0,150.71067811865478,1.0575173349369904,47.20169488482379,0.9139698282140605
65067_mask.png,8,1345.0,135.05382386916236,1.0294691663853954,42.01190307520001,0.9266556499214951
65067_mask.png,9,1522.0,143.19595949289334,1.0264781985071336,44.91102314577124,0.9327451270267101
65067_mask.png,10,1617.0,148.71067811865476,1.0332772701857873,45.89117562233506,0.9188308660599551
65067_mask.png,11,1542.0,145.53910524340094,1.057256022682134,45.12205669071391,0.9148182850272254
65067_mask.png,12,1604.0,147.78174593052023,1.0371596220483308,46.87216658103186,0.9229382427646445
65067_mask.png,13,1599.0,147.29646455628165,1.0171174310006836,45.60701700396552,0.9261336880162485
65067_mask.png,14,1537.0,144.71067811865476,1.0658277107015999,45.5411901469428,0.9223220134106326
65067_mask.png,15,1841.0,157.4386001800126,1.0453033825792597,49.49747468305833,0.9333428677801797
65067_mask.png,16,1522.0,143.29646455628165,1.041566287083829,45.35416188179427,0.9314371710652171
65067_mask.png,17,1699.0,152.12489168102786,1.039770616612417,47.20169488482379,0.9225771179246847
65067_mask.png,18,2099.0,169.78174593052023,1.0834679435848882,55.21775076911409,0.9150404905677285
65067_mask.png,19,1599.0,148.2253967444162,1.1249878680415093,48.16637831516918,0.9145618575021712
