image,label,area,perimeter,aspect_ratio,max_diameter,circularity
65069_mask.png,1,1832.0,158.36753236814712,1.0772001684149692,50.21951811795888,0.9179161983846892
65069_mask.png,2,1928.0,160.36753236814712,1.0682474892478369,50.96076922496363,0.9420717925307822
65069_mask.png,3,1579.0,146.12489168102786,1.0966032431156827,47.29693436154187,0.9292735790868072
65069_mask.png,4,1657.0,150.46803743153546,1.0578270145466506,47.80167361086848,0.9196950722070455
65069_mask.png,5,1894.0,160.61017305526642,1.0700773126103291,50.48762224545735,0.9226643457057951
65069_mask.png,6,1516.0,144.12489168102786,1.165160361188716,47.01063709417264,0.9171303753468959
65069_mask.png,7,1689.0,150.71067811865476,1.0280588904224028,47.01063709417264,0.9344400967636491
65069_mask.png,8,2355.0,181.58073580374355,1.0171909448724377,55.326304774492215,0.8975553341160493
65069_mask.png,9,973.0,115.9827560572969,1.3721539154740505,40.718546143004666,0.9089413379459126
65069_mask.png,10,1807.0,155.88225099390857,1.0136606456088104,48.60041152089147,0.9344900455749643
65069_mask.png,11,1754.0,154.12489168102783,1.059369198804359,48.91829923454004,0.9278844236171617
65069_mask.png,12,2202.0,174.02438661763952,1.002487904043528,53.53503525729669,0.9137070067276055
65069_mask.png,13,1613.0,148.71067811865476,1.0283710580986198,46.22769732530488,0.9165579387475
65069_mask.png,14,1609.0,147.53910524340094,1.0408190521309693,46.22769732530488,0.9288629011050685
65069_mask.png,15,2092.0,169.4386001800126,1.030446446667207,52.69724850502159,0.9156865487253318
65069_mask.png,16,1239.0,129.1543289325507,1.079055156394251,42.01190307520001,0.9333901982515608
65069_mask.png,17,1697.0,151.53910524340094,1.0328263315711084,47.70744176750625,0.928629057721745
65069_mask.png,18,1591.0,146.46803743153546,1.1045172364789875,47.634021455258214,0.9319536615098951
