image,label,area,perimeter,aspect_ratio,max_diameter,circularity
65066_mask.png,1,1569.0,145.78174593052023,1.0135613712145846,45.39823785126467,0.9277404943492198
65066_mask.png,2,743.0,100.9116882454314,1.2258177444339926,34.17601498127012,0.9168868283874057
65066_mask.png,3,1432.0,139.05382386916236,1.0219353948758165,43.01162633521314,0.9306513459143809
65066_mask.png,4,1887.0,159.78174593052023,1.0286807704532026,50.00999900019995,0.9288111909621182
65066_mask.png,5,2116.0,170.61017305526642,1.0423916338797818,53.71219600798314,0.9135149947450328
65066_mask.png,6,1764.0,156.95331880577405,1.0492204827093399,49.040799340956916,0.8998444410795567
65066_mask.png,7,864.0,109.25483399593904,1.1844048821577722,35.84689665786984,0.9095828925138422
65066_mask.png,8,1829.0,158.12489168102783,1.0438136247257375,49.73932046178355,0.9192276673132905
65066_mask.png,9,1684.0,158.36753236814715,1.0408276251240363,47.67598976424087,0.8437613963317774
65066_mask.png,10,1625.0,148.71067811865476,1.0165909459155724,45.803929962395145,0.9233767206848652
65066_mask.png,11,1248.0,129.39696961967,1.065227532394388,40.792156108742276,0.9366476291517833
65066_mask.png,12,1776.0,154.12489168102783,1.0402428816925886,48.46648326421054,0.9395226547001592
65066_mask.png,13,1810.0,157.29646455628165,1.097183204479239,50.80354318352215,0.9192857245981705
65066_mask.png,14,1582.0,145.29646455628165,1.0196296761916046,45.31004303683677,0.9416862939004084
65066_mask.png,15,1542.0,173.71677477306463,1.2220114457030649,48.41487374764082,0.6421119056792307
65066_mask.png,16,1693.0,151.78174593052023,1.114233941221581,48.41487374764082,0.9234805093298031
