image,label,area,perimeter,aspect_ratio,max_diameter,circularity
65077_mask.png,1,1853.0,158.61017305526644,1.0363749498575432,49.39635614091387,0.925599700456757
65077_mask.png,2,2030.0,168.2670273047588,1.1482196241051668,55.65968020030299,0.9009648695768313
65077_mask.png,3,1510.0,144.95331880577405,1.021172059465559,44.40720662234904,0.9030888593103347
65077_mask.png,4,1776.0,154.36753236814712,1.0493251197330642,48.76474136094644,0.936571421938811
65077_mask.png,5,1694.0,152.0243866176395,1.0401102453541444,47.53945729601885,0.9210787234496363
65077_mask.png,6,1519.0,145.63961030678928,1.1353342757680347,47.70744176750625,0.8999297758065395
65077_mask.png,7,1705.0,152.61017305526642,1.1068314321245019,48.54894437575342,0.9199564690957724
65077_mask.png,8,1260.0,130.22539674441617,1.1026973331173786,41.773197148410844,0.9336605967676046
65077_mask.png,9,1790.0,157.78174593052023,1.0366174396118406,48.877397639399746,0.9035441536245581
65077_mask.png,10,1677.0,153.29646455628168,1.0829962860708697,49.51767361255979,0.8967649979543486
65077_mask.png,11,2232.0,174.50966799187808,1.0311412151919295,54.3323108288245,0.9210115356451435
65077_mask.png,12,1998.0,166.36753236814715,1.055641891138171,51.478150704935004,0.9071272177629182
65077_mask.png,13,1508.0,142.12489168102783,1.038893533473355,44.40720662234904,0.9381470389430854
65077_mask.png,14,1435.0,139.29646455628165,1.0247374282385942,42.95346318982906,0.9293548663708944
65077_mask.png,15,1177.0,133.0538238691624,1.3816010041654598,46.17358552246078,0.8354714355554146
65077_mask.png,16,1523.0,143.29646455628165,1.072466788589926,45.12205669071391,0.9320491534377962
65077_mask.png,17,1491.0,140.81118318204307,1.0379381678031774,44.654227123532216,0.9449595360278004
