image,label,area,perimeter,aspect_ratio,max_diameter,circularity
65073_mask.png,1,1826.0,156.71067811865473,1.0634887537803688,49.92995093127971,0.9343583206540638
65073_mask.png,2,325.0,72.31980515339464,1.2311145286451077,22.825424421026653,0.7808699858333236
65073_mask.png,3,1784.0,155.78174593052023,1.0464985893695484,48.662100242385755,0.923786434005055
65073_mask.png,4,1608.0,147.29646455628165,1.0553470051297424,46.647615158762406,0.9313464479863213
65073_mask.png,5,1724.0,153.1959594928933,1.0219347754299148,47.16990566028302,0.9231079759841294
65073_mask.png,6,1798.0,156.12489168102783,1.0124610706962112,48.16637831516918,0.9269477428853453
65073_mask.png,7,559.0,87.84062043356595,1.3853377853298552,31.400636936215164,0.9103971357173143
65073_mask.png,8,531.0,85.25483399593905,1.0925633486619375,27.65863337187866,0.9180500506614446
65073_mask.png,9,1515.0,143.53910524340094,1.066777710346206,45.221676218380054,0.9240213957341415
65073_mask.png,10,1376.0,137.05382386916236,1.0835292913541472,43.829214001622255,0.9205470355399239
65073_mask.png,11,791.0,104.32590180780453,1.1632753478452358,34.40930106817051,0.9132760158783209
65073_mask.png,12,1950.0,162.0243866176395,1.033930492930733,50.695167422546305,0.9334341881125591
65073_mask.png,13,1798.0,155.88225099390854,1.0634812306638664,50.0,0.9298356955970041
65073_mask.png,14,1562.0,144.71067811865476,1.0350862937117076,45.27692569068709,0.9373239980139285
65073_mask.png,15,2086.0,168.95331880577405,1.083424869833085,54.70831746635972,0.9183129605428114
65073_mask.png,16,1579.0,145.0538238691624,1.0475918687875028,46.22769732530488,0.9430476342942177
65073_mask.png,17,2127.0,170.0243866176395,1.0451485895129966,53.41348144429457,0.9246021956402003
