image,label,area,perimeter,aspect_ratio,max_diameter,circularity
65079_mask.png,1,1857.0,158.61017305526642,1.0974374997783294,51.07837115648854,0.927597757014678
65079_mask.png,2,1224.0,133.63961030678928,1.489276805690853,47.853944456021594,0.861233432906149
65079_mask.png,3,1613.0,147.53910524340097,1.1052531638340026,46.87216658103186,0.9311720692868086
65079_mask.png,4,1584.0,145.63961030678928,1.0764899190631985,46.51881339845203,0.9384389498864771
65079_mask.png,5,2270.0,177.09545442950497,1.0779348444555812,56.08029957123981,0.9095380933193586
65079_mask.png,6,1345.0,135.63961030678928,1.0880852295534154,43.46262762420146,0.9186690423489011
65079_mask.png,7,1758.0,155.53910524340097,1.0994746388071435,49.4064773081425,0.9131655987641856
65079_mask.png,8,1726.0,153.78174593052023,1.032100903428723,48.104053883222775,0.9171515003619213
65079_mask.png,9,1700.0,150.95331880577405,1.120934475344102,49.24428900898052,0.9375047007081626
65079_mask.png,10,1271.0,130.22539674441617,1.0489011377058557,41.0,0.9418116019774805
65079_mask.png,11,1484.0,149.91778489984128,1.3355887584175181,51.478150704935004,0.8297312584374607
65079_mask.png,12,1634.0,147.29646455628165,1.0814696096950887,47.20169488482379,0.946405532344309
65079_mask.png,13,1852.0,158.12489168102786,1.030262392875926,49.64876634922564,0.930787118569827
65079_mask.png,14,1262.0,129.63961030678928,1.0982440577318362,41.88078318274385,0.94361271689796
65079_mask.png,15,1507.0,144.95331880577405,1.012036296765055,44.721359549995796,0.9012946430335593
65079_mask.png,16,1652.0,149.29646455628165,1.069435416159294,47.53945729601885,0.9313670301586341
65079_mask.png,17,1432.0,139.29646455628165,1.0416828197154322,43.46262762420146,0.927411964211234
65079_mask.png,18,1632.0,148.71067811865476,1.0414607119620989,46.61544808322666,0.9273543434816615
65079_mask.png,19,1663.0,150.71067811865476,1.0849239300393252,47.43416490252569,0.9200555837288033
65079_mask.png,20,1799.0,156.36753236814715,1.0281187853736482,48.507731342539614,0.924587168799564
65079_mask.png,21,1662.0,150.36753236814712,1.0902816431059106,47.53945729601885,0.9237038165230653
65079_mask.png,22,1289.0,131.88225099390854,1.0316382157538047,40.85339643163099,0.9313010209338294
65079_mask.png,23,1142.0,125.39696961967,1.0783639053342593,39.698866482558415,0.9126450135401287
65079_mask.png,24,1665.0,150.71067811865476,1.1258659176151287,48.60041152089147,0.9211620847314836
