image,label,area,perimeter,aspect_ratio,max_diameter,circularity
65083_mask.png,1,1292.0,131.39696961967,1.024183340828755,40.85339643163099,0.9403763083961756
65083_mask.png,2,1255.0,129.63961030678928,1.0274505003670102,40.496913462633174,0.9383787319389381
65083_mask.png,3,1374.0,137.29646455628165,1.0523989403343779,42.720018726587654,0.9159629107376286
65083_mask.png,4,1641.0,148.95331880577405,1.0804125412758894,47.634021455258214,0.9294329755911025
65083_mask.png,5,1765.0,154.36753236814712,1.0879824266690032,49.47726750741192,0.9307705854290549
65083_mask.png,6,1411.0,137.63961030678928,1.0618555178891727,43.46262762420146,0.9359443115057955
65083_mask.png,7,1695.0,151.53910524340094,1.082547418454076,47.853944456021594,0.9275346215900752
65083_mask.png,8,1904.0,160.95331880577405,1.0575357910425611,50.00999900019995,0.9235851380559017
65083_mask.png,9,1641.0,148.95331880577405,1.0116286651453106,45.70557952810576,0.9294329755911025
65083_mask.png,10,1661.0,148.71067811865476,1.0291546788616128,46.61544808322666,0.9438330664969606
65083_mask.png,11,1438.0,139.0538238691624,1.0336847527150659,43.41658669218482,0.9345507230620665
65083_mask.png,12,1868.0,160.0243866176395,1.0075278467028188,49.64876634922564,0.9166729025768294
65083_mask.png,13,1876.0,159.4386001800126,1.0323960810036614,50.28916384272063,0.9273757868622358
65083_mask.png,14,1544.0,144.36753236814712,1.0488703323050539,44.94441010848846,0.9309322881292142
65083_mask.png,15,1842.0,157.78174593052023,1.052988307232089,49.64876634922564,0.9297923636739865
65083_mask.png,16,1522.0,143.88225099390857,1.033649542629013,44.82186966202994,0.9238683074540973
65083_mask.png,17,1340.0,133.63961030678928,1.0282176106127021,42.190046219457976,0.9428535948482348
65083_mask.png,18,1791.0,156.02438661763952,1.0398187984272804,48.27007354458868,0.9245288801453307
65083_mask.png,19,1571.0,146.12489168102783,1.0263375444849092,45.45327270945405,0.9245654165581855
65083_mask.png,20,1458.0,140.12489168102786,1.0268298172040204,43.68065933568311,0.9331185180473308
65083_mask.png,21,1374.0,137.05382386916236,1.0707452146529588,43.46262762420146,0.919209031127802
65083_mask.png,22,2068.0,166.2670273047588,1.0283099308280559,52.172789842982326,0.9400438971227513
