image,label,area,perimeter,aspect_ratio,max_diameter,circularity
65080_mask.png,1,1346.0,134.8111831820431,1.0364233118237454,42.5440947723653,0.9306857904675071
65080_mask.png,2,1394.0,137.88225099390857,1.0244929820061932,42.80186911806539,0.9214163367939999
65080_mask.png,3,1815.0,156.71067811865473,1.0051865258580435,48.877397639399746,0.9287296560718103
65080_mask.png,4,1333.0,134.22539674441617,1.1265447558265318,43.86342439892262,0.9297594919445105
65080_mask.png,5,1574.0,146.12489168102786,1.1220510062109972,47.885279575251516,0.9263309775064182
65080_mask.png,6,807.0,108.32590180780451,1.484207010999814,40.311288741492746,0.8642089751962787
65080_mask.png,7,1807.0,156.12489168102783,1.0430043876561947,49.39635614091387,0.9315876370377192
65080_mask.png,8,1770.0,157.53910524340094,1.0834304710091376,51.62363799656123,0.8962029751674593
65080_mask.png,9,747.0,101.84062043356595,1.0136813975697037,32.2490309931942,0.9050829691768194
65080_mask.png,10,1909.0,162.61017305526644,1.0796512493930146,50.96076922496363,0.9072361948807058
65080_mask.png,11,1589.0,146.95331880577402,1.0367960883651128,45.89117562233506,0.9246448687187527
65080_mask.png,12,1557.0,145.0538238691624,1.0624998600809714,45.803929962395145,0.9299082752350202
65080_mask.png,13,2441.0,183.095454429505,1.0043362415672616,55.97320787662612,0.9150030008009495
65080_mask.png,14,1467.0,142.12489168102786,1.0762523389958196,44.294469180700204,0.9126403886800437
65080_mask.png,15,1135.0,125.22539674441617,1.0332609427203938,39.92492955535426,0.9095380933193585
65080_mask.png,16,1412.0,138.46803743153546,1.0773747196270949,43.93176527297759,0.9254340765189014
65080_mask.png,17,1531.0,143.88225099390857,1.0603713239603239,45.35416188179427,0.9293313920579652
65080_mask.png,18,1966.0,163.4386001800126,1.0302893254330552,50.80354318352215,0.9248772769837921
65080_mask.png,19,1663.0,153.29646455628168,1.2096428808291741,51.62363799656123,0.889278587715016
65080_mask.png,20,1551.0,143.88225099390854,1.017775854099982,44.82186966202994,0.941471580066561
65080_mask.png,21,1669.0,150.12489168102783,1.0469810934831316,47.01063709417264,0.9305951538697154
65080_mask.png,22,1805.0,157.53910524340094,1.045323138874479,49.20365840057018,0.9139245029250079
65080_mask.png,23,1837.0,157.1959594928933,1.0233033950159796,48.82622246293481,0.9341922552448862
