image,label,area,perimeter,aspect_ratio,max_diameter,circularity
65102_mask.png,1,1392.0,137.29646455628165,1.0415290179635026,42.95346318982906,0.9279624248520952
65102_mask.png,2,1963.0,163.7817459305202,1.0625595597218302,51.264022471905186,0.9196004407940153
65102_mask.png,3,1584.0,147.29646455628165,1.0585518446297224,46.09772228646444,0.9174457547327941
65102_mask.png,4,1743.0,152.95331880577405,1.028824663711011,47.853944456021594,0.9362448493779381
65102_mask.png,5,1970.0,164.02438661763955,1.0318348209157107,50.695167422546305,0.9201513030593254
65102_mask.png,6,1615.0,147.05382386916236,1.0403272505858312,46.14108798023731,0.9384902101040128
65102_mask.png,7,2248.0,174.2670273047588,1.0924799412642663,55.60575509783138,0.9301986931565475
65102_mask.png,8,1760.0,153.53910524340094,1.0072012667380765,47.53945729601885,0.9381764367959061
65102_mask.png,9,1412.0,138.46803743153546,1.0175789426835722,42.720018726587654,0.9254340765189014
65102_mask.png,10,1786.0,156.12489168102786,1.065750674822148,49.4064773081425,0.9207612173488464
65102_mask.png,11,1595.0,147.29646455628168,1.1162552011729232,47.50789408087881,0.9238169058073271
65102_mask.png,12,2183.0,182.50966799187808,1.1572070607357896,59.682493245507096,0.8235535613985772
65102_mask.png,13,1560.0,145.29646455628165,1.0130982722329926,45.17742799230607,0.928590782860074
65102_mask.png,14,1764.0,153.88225099390857,1.0248229752476774,47.92702786528704,0.9361196977188053
65102_mask.png,15,1460.0,140.46803743153546,1.0073653581904274,43.41658669218482,0.9298388560297287
65102_mask.png,16,2092.0,167.78174593052023,1.0361084446656643,52.55473337388365,0.9338607566201544
65102_mask.png,17,1797.0,156.12489168102783,1.0852662102330028,50.0,0.926432199090637
65102_mask.png,18,1711.0,151.53910524340094,1.017325065293471,47.12748667179272,0.9362901106434328
65102_mask.png,19,1338.0,134.8111831820431,1.0486788248228502,42.15447781671598,0.9251542255910287
65102_mask.png,20,701.0,99.01219330881976,1.1251612997433926,33.12099032335839,0.8985671134394903
65102_mask.png,21,753.0,109.84062043356595,1.4416077867345385,36.49657518178932,0.7842939872677425
