image,label,area,perimeter,aspect_ratio,max_diameter,circularity
65104_mask.png,1,1407.0,137.63961030678928,1.1784108271259264,45.79301256742124,0.9332910320968494
65104_mask.png,2,1684.0,150.36753236814712,1.0973801932195342,48.83646178829912,0.935930942854899
65104_mask.png,3,1498.0,141.63961030678928,1.046686604961052,44.654227123532216,0.9383227173059329
65104_mask.png,4,1170.0,126.56854249492379,1.0765643672518377,40.607881008493905,0.9177917885908028
65104_mask.png,5,1631.0,150.71067811865476,1.0620698703450988,46.87216658103186,0.9023515676859158
65104_mask.png,6,1418.0,139.29646455628165,1.082634651400149,44.384682042344295,0.9183450874661521
65104_mask.png,7,1224.0,129.0538238691624,1.0940262497026825,40.607881008493905,0.9235268521776072
65104_mask.png,8,1606.0,147.29646455628165,1.061914555322863,46.400431032480725,0.9301880568818607
65104_mask.png,9,1672.0,151.1959594928933,1.0176097256577503,46.87216658103186,0.9191063494556023
65104_mask.png,10,1625.0,148.71067811865476,1.1228450168855288,48.27007354458868,0.9233767206848652
65104_mask.png,11,1539.0,145.63961030678928,1.076215028816624,46.87216658103186,0.9117787524465203
65104_mask.png,12,1566.0,145.53910524340094,1.0706363747243368,45.70557952810576,0.9290567019148086
65104_mask.png,13,1692.0,150.95331880577402,1.0274815789273697,46.87216658103186,0.933092913881301
65104_mask.png,14,1792.0,156.95331880577405,1.0465351590300576,48.662100242385755,0.9141276861760577
65104_mask.png,15,1401.0,137.63961030678928,1.0719915763017336,43.41658669218482,0.9293111129834299
65104_mask.png,16,1751.0,153.78174593052023,1.0644748844162086,49.040799340956916,0.9304358500195389
65104_mask.png,17,1787.0,155.78174593052023,1.1074484096722301,50.60632371551998,0.9253398865286061
65104_mask.png,18,1862.0,158.95331880577402,1.0791871066374457,50.28916384272063,0.9260839139847501
65104_mask.png,19,1640.0,148.71067811865476,1.0859694628346428,47.53945729601885,0.9319001981065715
65104_mask.png,20,863.0,108.5685424949238,1.070478513880451,35.17101079013795,0.9200525738123487
65104_mask.png,21,1351.0,135.29646455628165,1.151603619195197,44.294469180700204,0.927453867824315
65104_mask.png,22,1558.0,145.53910524340097,1.070663861337897,45.803929962395145,0.9243105629522804
65104_mask.png,23,1761.0,154.95331880577405,1.0453810202936873,48.877397639399746,0.921653029816867
65104_mask.png,24,1390.0,136.22539674441617,1.0466331909256608,43.04648650006177,0.9412576121004341
