image,label,area,perimeter,aspect_ratio,max_diameter,circularity
65109_mask.png,1,1590.0,146.71067811865476,1.06144411024663,46.238512086787566,0.9282897164765467
65109_mask.png,2,1417.0,140.46803743153546,1.047124574258478,44.01136216933077,0.9024531910918667
65109_mask.png,3,1196.0,128.81118318204307,1.0231219864106351,40.607881008493905,0.9058033130987397
65109_mask.png,4,1574.0,144.71067811865476,1.033928333408108,45.69463863518345,0.9445249506235104
65109_mask.png,5,1669.0,150.71067811865476,1.0457268734830014,47.50789408087881,0.9233750867368447
65109_mask.png,6,1632.0,149.88225099390854,1.071508440392,47.70744176750625,0.9129134480262943
65109_mask.png,7,1691.0,151.78174593052023,1.0620275229938159,47.70744176750625,0.9223895695668618
65109_mask.png,8,1551.0,144.22539674441617,1.1037490895683166,47.20169488482379,0.9369969499468095
65109_mask.png,9,1928.0,161.19595949289334,1.0191906355433022,50.32891812864648,0.9324135803227617
65109_mask.png,10,2106.0,168.61017305526642,1.0419987645750879,52.80151512977634,0.9308949677690855
65109_mask.png,11,1514.0,143.29646455628165,1.013745469220372,44.41846462902562,0.9265413120845852
65109_mask.png,12,1403.0,137.88225099390857,1.0750167626660185,43.68065933568311,0.9273652227560845
65109_mask.png,13,656.0,94.91168824543142,1.276615446620118,32.984845004941285,0.9151121181029238
65109_mask.png,14,1567.0,145.53910524340094,1.0588748770150815,45.803929962395145,0.9296499692851247
65109_mask.png,15,1839.0,158.12489168102783,1.0164656921726858,49.39635614091387,0.9242535156856978
65109_mask.png,16,1683.0,153.4386001800126,1.0387169007630543,47.70744176750625,0.8983068770058728
65109_mask.png,17,1358.0,137.05382386916236,1.0217145345988055,42.43819034784589,0.9085049958308261
65109_mask.png,18,1987.0,165.4386001800126,1.1017230888958547,52.392747589718944,0.9122923594938671
65109_mask.png,19,399.0,75.84062043356595,1.3753768230598842,26.076809620810597,0.8717240046406692
65109_mask.png,20,1845.0,159.19595949289334,1.0127307786464839,49.8196748283246,0.9148336965838489
