image,label,area,perimeter,aspect_ratio,max_diameter,circularity
65103_mask.png,1,2038.0,167.4386001800126,1.027620058328209,52.0,0.9134880587770834
65103_mask.png,2,1851.0,157.4386001800126,1.0723514387635893,49.8196748283246,0.9384126280614409
65103_mask.png,3,1247.0,130.22539674441617,1.1534655926971837,42.190046219457976,0.9240275906104785
65103_mask.png,4,1510.0,143.88225099390857,1.1990874888190952,48.25971404805462,0.9165841946489401
65103_mask.png,5,446.0,78.66904755831213,1.417430734812314,28.792360097775937,0.9056010935851357
65103_mask.png,6,1712.0,153.88225099390854,1.1487527154349335,50.47771785649585,0.9085243324799294
65103_mask.png,7,1827.0,157.78174593052023,1.102773072398484,51.10772935672255,0.9222207646212667
65103_mask.png,8,1686.0,150.71067811865476,1.0294339771312306,47.16990566028302,0.9327803452596286
65103_mask.png,9,1835.0,158.36753236814712,1.119124586844254,51.10772935672255,0.9194193362641401
65103_mask.png,10,1686.0,150.95331880577405,1.0572164408172409,47.4236228055175,0.9297840737611544
65103_mask.png,11,1949.0,164.61017305526642,1.1694819782129198,54.12947441089743,0.9038749700614854
65103_mask.png,12,1937.0,162.95331880577405,1.0660354419139846,51.22499389946279,0.91667009791706
65103_mask.png,13,1568.0,145.88225099390854,1.010158142351132,44.82186966202994,0.9258721279284918
65103_mask.png,14,2020.0,166.0243866176395,1.0483160596599177,52.172789842982326,0.9209105847155846
65103_mask.png,15,1591.0,145.88225099390854,1.0827146973537438,46.95742752749558,0.9394531604172389
65103_mask.png,16,1165.0,124.8111831820431,1.0289019606313552,39.11521443121589,0.9397856059268398
65103_mask.png,17,1699.0,151.53910524340094,1.0756192434419143,48.010415536631214,0.9297234938534147
65103_mask.png,18,1280.0,130.81118318204307,1.0221603714926666,40.8166632639171,0.9400048317976619
65103_mask.png,19,1903.0,162.61017305526644,1.1986719840450952,53.600373133029585,0.9043847453420553
65103_mask.png,20,2076.0,169.43860018001263,1.009529845503712,52.009614495783374,0.9086832099205489
65103_mask.png,21,2195.0,173.19595949289334,1.0670065699500184,54.378304497290095,0.9195362959833744
65103_mask.png,22,1295.0,132.22539674441617,1.06969258346594,41.7612260356422,0.9307860694832573
