image,label,area,perimeter,aspect_ratio,max_diameter,circularity
65114_mask.png,1,1927.0,161.78174593052023,1.0462657416392624,50.60632371551998,0.9251934356700422
65114_mask.png,2,276.0,67.698484809835,1.788087037556782,24.041630560342615,0.7567650188568205
65114_mask.png,3,1444.0,138.71067811865476,1.1027180704705815,44.9221548904324,0.9430989633693924
65114_mask.png,4,1946.0,162.95331880577402,1.040346218245427,51.40038910358559,0.9209292775150228
65114_mask.png,5,1736.0,153.29646455628165,1.0152376196530926,47.885279575251516,0.9283148696772507
65114_mask.png,6,1387.0,136.22539674441617,1.065757031252205,43.41658669218482,0.9392261208512965
65114_mask.png,7,1916.0,161.43860018001263,1.038787621195105,50.635955604688654,0.923826896851722
65114_mask.png,8,1292.0,133.39696961967,1.0898774805923033,42.01190307520001,0.9123898600306966
65114_mask.png,9,1414.0,138.22539674441617,1.0577584127897222,43.266615305567875,0.9300013589741156
65114_mask.png,10,1549.0,144.71067811865476,1.0746115581968108,45.803929962395145,0.9295229660202144
65114_mask.png,11,1507.0,143.05382386916236,1.0382588523194354,45.0,0.9253886619138746
65114_mask.png,12,1576.0,146.12489168102783,1.0279032905530223,45.880278987817846,0.9275080181385743
65114_mask.png,13,1504.0,142.46803743153546,1.0689333754633075,45.45327270945405,0.9311567950321982
65114_mask.png,14,1654.0,149.29646455628165,1.0265667575540733,47.01063709417264,0.9324945931491408
65114_mask.png,15,1490.0,141.05382386916236,1.0870041461887918,45.221676218380054,0.9410796976928868
65114_mask.png,16,334.0,68.76955262170047,1.0197709836773838,21.37755832643195,0.8874909491559458
65114_mask.png,17,1775.0,155.53910524340094,1.045028772993854,49.24428900898052,0.9219959828250455
65114_mask.png,18,1594.0,147.53910524340094,1.0449520128471534,46.2709412050371,0.9202035204235421
65114_mask.png,19,1577.0,146.12489168102786,1.0334420155463455,45.45327270945405,0.9280965384546517
65114_mask.png,20,1990.0,163.78174593052023,1.0023166570401665,50.60632371551998,0.9322490459399336
