image,label,area,perimeter,aspect_ratio,max_diameter,circularity
65119_mask.png,1,1558.0,145.29646455628165,1.0275893425683202,44.82186966202994,0.9274002818564073
65119_mask.png,2,1601.0,147.53910524340094,1.0291084206096648,45.803929962395145,0.9242445647415878
65119_mask.png,3,1499.0,142.46803743153546,1.041814873575755,44.654227123532216,0.9280611939848835
65119_mask.png,4,1926.0,161.19595949289334,1.0475406902460325,50.47771785649585,0.9314463463182774
65119_mask.png,5,1399.0,137.05382386916236,1.0728709617660037,43.829214001622255,0.9359340862793267
65119_mask.png,6,1523.0,142.71067811865476,1.0525906173331814,44.91102314577124,0.9397164465908603
65119_mask.png,7,1316.0,133.05382386916236,1.0487354549731895,41.88078318274385,0.9341379857187138
65119_mask.png,8,547.0,85.01219330881976,1.1331591055281467,27.80287754891569,0.9511187607243806
65119_mask.png,9,1738.0,152.36753236814712,1.0519521975672412,48.27007354458868,0.9407511717980573
65119_mask.png,10,1512.0,143.29646455628165,1.0516311638045819,44.91102314577124,0.9253173473394273
65119_mask.png,11,1770.0,156.02438661763952,1.116265464146885,49.73932046178355,0.9136885080163235
65119_mask.png,12,1106.0,145.98275605729688,1.5976341510466674,50.24937810560445,0.6521715866167006
65119_mask.png,13,1803.0,156.95331880577405,1.0182485833054802,48.76474136094644,0.9197389610353973
65119_mask.png,14,1828.0,156.36753236814712,1.0520283546376346,49.72926703662542,0.9394915756340211
65119_mask.png,15,1357.0,136.8111831820431,1.116265485441608,43.104524124504614,0.9110590237967415
65119_mask.png,16,1276.0,130.8111831820431,1.139882689511295,42.638011210655684,0.9370673166982938
65119_mask.png,17,1686.0,151.53910524340097,1.0403008537327434,47.4236228055175,0.9226096589975612
65119_mask.png,18,2013.0,164.95331880577402,1.0592742039026584,52.49761899362675,0.929675793755537
65119_mask.png,19,1551.0,144.46803743153546,1.0571257620421979,46.04345773288535,0.9338521344925013
65119_mask.png,20,692.0,100.08326112068524,1.5334177725192988,36.40054944640259,0.8681465875225562
