image,label,area,perimeter,aspect_ratio,max_diameter,circularity
65115_mask.png,1,1480.0,157.05382386916236,1.1514530784325034,47.50789408087881,0.7540055623723232
65115_mask.png,2,1807.0,156.71067811865473,1.0959365013461992,50.32891812864648,0.9246360818301715
65115_mask.png,3,1580.0,145.88225099390857,1.1000013122388765,47.12748667179272,0.9329578840095769
65115_mask.png,4,1845.0,158.95331880577405,1.0706333129775707,50.32891812864648,0.917628797691656
65115_mask.png,5,1638.0,149.53910524340094,1.0745668219652298,47.20169488482379,0.9204796805270856
65115_mask.png,6,1547.0,145.53910524340094,1.0600510950681943,46.32493928760188,0.9177846218788052
65115_mask.png,7,1603.0,148.12489168102786,1.054066363195519,46.486557196677836,0.918094307951624
65115_mask.png,8,1761.0,171.02438661763955,1.0832578348626678,51.62363799656123,0.7565770042350365
65115_mask.png,9,1663.0,148.95331880577405,1.0595999734890738,47.29693436154187,0.941893381113957
65115_mask.png,10,1970.0,163.53910524340094,1.0751634860478954,51.478150704935004,0.9256202678297147
65115_mask.png,11,1624.0,147.88225099390857,1.0120256904148923,46.22769732530488,0.9331764790838128
65115_mask.png,12,1403.0,136.71067811865476,1.03098207416821,42.579337712087536,0.9433278579401477
