image,label,area,perimeter,aspect_ratio,max_diameter,circularity
65111_mask.png,1,1201.0,127.63961030678928,1.0459210327771644,39.6232255123179,0.9263645608121576
65111_mask.png,2,1209.0,134.12489168102783,1.2971363703931833,45.880278987817846,0.8445345015797981
65111_mask.png,3,1293.0,131.39696961967,1.0470146598744468,41.617304093369626,0.9411041538361108
65111_mask.png,4,1755.0,154.12489168102783,1.0313627090034996,48.27007354458868,0.9284134341209342
65111_mask.png,5,1963.0,162.95331880577405,1.0739655713820617,51.86520991955976,0.9289743945333964
65111_mask.png,6,1642.0,149.88225099390857,1.0598168462593855,47.80167361086848,0.9185072804284158
65111_mask.png,7,1453.0,138.8111831820431,1.05088704479082,44.10215414239989,0.9476033039375753
65111_mask.png,8,2005.0,164.95331880577405,1.0549033245328145,51.66236541235796,0.9259811060505967
65111_mask.png,9,1769.0,154.36753236814712,1.055457043081905,48.60041152089147,0.9328799805235115
65111_mask.png,10,1610.0,147.29646455628165,1.0999010949633188,47.29693436154187,0.9325048390907819
65111_mask.png,11,1672.0,149.88225099390854,1.129818040479209,49.73932046178355,0.9352887776347819
65111_mask.png,12,1573.0,145.88225099390854,1.0211085329405423,45.0,0.9288245262956109
65111_mask.png,13,2086.0,168.95331880577402,1.0269682190657337,53.150729063673246,0.9183129605428118
65111_mask.png,14,1718.0,151.88225099390857,1.0729965717347865,48.82622246293481,0.9358774292491683
65111_mask.png,15,1708.0,152.95331880577405,1.0403539498620515,47.43416490252569,0.9174447520008712
65111_mask.png,16,2023.0,166.85281374238568,1.035825803700156,52.55473337388365,0.9131427537841853
65111_mask.png,17,749.0,104.08326112068522,1.2946424165217378,35.22782990761707,0.8688201800319956
65111_mask.png,18,1481.0,141.63961030678928,1.0211586694984187,44.10215414239989,0.9276741951469203
65111_mask.png,19,1217.0,127.39696961966999,1.0460704499396132,39.92492955535426,0.9422849334082986
