image,label,area,perimeter,aspect_ratio,max_diameter,circularity
65118_mask.png,1,2054.0,167.68124086713186,1.083843671912205,53.600373133029585,0.9179971754925949
65118_mask.png,2,1540.0,143.29646455628165,1.0188591459053447,44.94441010848846,0.9424528537716389
65118_mask.png,3,2190.0,173.43860018001263,1.0481137161911422,53.9351462406472,0.9148764731684156
65118_mask.png,4,432.0,83.62741699796953,1.4031025199819271,28.653097563788805,0.7762404050308879
65118_mask.png,5,1477.0,140.22539674441617,1.0214525009352304,44.204072210600685,0.9439239476962347
65118_mask.png,6,1640.0,149.29646455628168,1.0382217358551573,46.75467891024384,0.9246016522155928
65118_mask.png,7,1669.0,150.36753236814712,1.0691368261890857,47.53945729601885,0.927594265810467
65118_mask.png,8,1539.0,144.71067811865476,1.0977260998313725,46.400431032480725,0.9235221721788962
65118_mask.png,9,2009.0,174.61017305526642,1.215438425018504,61.05735008989499,0.8280388532566356
65118_mask.png,10,213.0,53.62741699796952,1.0359653413915917,17.11724276862369,0.9307128470599627
65118_mask.png,11,1867.0,158.95331880577402,1.1061529499780989,51.478150704935004,0.9285707128944836
65118_mask.png,12,1499.0,142.95331880577405,1.0205376185319548,44.40720662234904,0.9217709394876965
65118_mask.png,13,1716.0,151.88225099390857,1.05427888213562,48.54894437575342,0.9347879328239656
65118_mask.png,14,1846.0,158.71067811865478,1.0602701688199891,50.32891812864648,0.9209356099446123
65118_mask.png,15,1949.0,162.36753236814715,1.04194783361457,51.478150704935004,0.9290162751521502
