image,label,area,perimeter,aspect_ratio,max_diameter,circularity
65125_mask.png,1,1583.0,146.61017305526642,1.0620323998914791,46.389654018972806,0.9254704706937136
65125_mask.png,2,1747.0,155.1959594928933,1.052693723794701,48.507731342539614,0.9114690966057425
65125_mask.png,3,1398.0,137.88225099390857,1.093613508894834,44.01136216933077,0.924060286110482
65125_mask.png,4,1609.0,148.36753236814715,1.0347265388102718,46.32493928760188,0.9185190350609809
65125_mask.png,5,1286.0,131.63961030678928,1.0502699765410228,41.617304093369626,0.9325618749935455
65125_mask.png,6,1857.0,157.78174593052023,1.023914476412069,48.877397639399746,0.9373639627267062
65125_mask.png,7,1320.0,135.39696961967,1.131879588765274,43.41658669218482,0.9048277399375027
65125_mask.png,8,1876.0,159.19595949289334,1.0357375463963976,50.0,0.9302048860657455
65125_mask.png,9,1862.0,159.19595949289334,1.0591831059819923,49.8196748283246,0.9232630585577922
65125_mask.png,10,1813.0,156.95331880577405,1.0488594427863576,49.20365840057018,0.9248401199984333
65125_mask.png,11,1934.0,163.19595949289334,1.0446767728237043,50.48762224545735,0.9125307956421336
65125_mask.png,12,1387.0,136.46803743153546,1.0559408449805199,42.95346318982906,0.9358891948282833
65125_mask.png,13,1442.0,140.95331880577402,1.0992821157226709,44.721359549995796,0.912062316533208
65125_mask.png,14,1725.0,154.36753236814712,1.0976915675348928,48.54894437575342,0.909676634484487
65125_mask.png,15,1930.0,162.02438661763952,1.0314974017237473,50.24937810560445,0.923860504131917
65125_mask.png,16,1597.0,147.29646455628165,1.1195650607095233,47.80167361086848,0.924975296911788
65125_mask.png,17,1697.0,151.53910524340094,1.086676292546464,48.41487374764082,0.928629057721745
65125_mask.png,18,1123.0,123.05382386916236,1.0478112289426753,38.63935817272331,0.9319645490963681
65125_mask.png,19,1483.0,141.53910524340094,1.0649583133844505,45.17742799230607,0.9302466685664386
65125_mask.png,20,1458.0,138.81118318204307,1.067844625942042,44.82186966202994,0.9508641549490607
65125_mask.png,21,1677.0,150.71067811865476,1.037982120488581,47.20169488482379,0.9278010907475666
65125_mask.png,22,1666.0,150.12489168102783,1.0375727737382414,47.20169488482379,0.9289224244139879
65125_mask.png,23,2481.0,183.92388155425118,1.0576855440491661,57.688820407423826,0.9216380168562186
