image,label,area,perimeter,aspect_ratio,max_diameter,circularity
65128_mask.png,1,1879.0,180.8528137423857,1.03289614593485,49.4064773081425,0.7219150639015923
65128_mask.png,2,671.0,95.49747468305833,1.2096879941002572,31.622776601683793,0.9245887599960194
65128_mask.png,3,1832.0,156.95331880577402,1.0412062877132529,49.040799340956916,0.934532322028202
65128_mask.png,4,1872.0,160.61017305526642,1.0794314849850535,50.60632371551998,0.9119470196205113
65128_mask.png,5,1888.0,162.02438661763952,1.0897281879372487,50.47771785649585,0.9037557677725696
65128_mask.png,6,1582.0,146.4680374315355,1.0796173199854404,47.01063709417264,0.9266817677615673
65128_mask.png,7,1410.0,139.05382386916236,1.0449689201007342,43.41658669218482,0.916353629706199
65128_mask.png,8,1803.0,156.46803743153546,1.0452825657152376,49.8196748283246,0.925452899011179
65128_mask.png,9,1962.0,165.53910524340097,1.0368784695308415,52.354560450833695,0.8997205916013595
65128_mask.png,10,1504.0,144.12489168102786,1.0446754646099676,44.82186966202994,0.9098707681541766
65128_mask.png,11,1448.0,141.8111831820431,1.0477071642459095,45.27692569068709,0.9048101522341331
65128_mask.png,12,671.0,106.5685424949238,1.9158086014529687,40.718546143004666,0.7424621727985892
65128_mask.png,13,418.0,74.18376618407356,1.2432380087661015,25.0,0.9544834223877942
65128_mask.png,14,1495.0,142.8111831820431,1.098314188435457,46.09772228646444,0.9211420794842753
65128_mask.png,15,1691.0,151.53910524340094,1.0102863075888815,46.69047011971501,0.9253457493267359
65128_mask.png,16,1962.0,163.78174593052023,1.0501431179956333,51.419840528729765,0.9191319739367587
65128_mask.png,17,864.0,108.32590180780451,1.1867968223777239,36.40054944640259,0.9252497578309601
