image,label,area,perimeter,aspect_ratio,max_diameter,circularity
65129_mask.png,1,1786.0,155.53910524340094,1.0686302808941732,49.03060268852505,0.9277097607467781
65129_mask.png,2,1796.0,156.36753236814712,1.0619117854455233,49.4064773081425,0.9230453336097932
65129_mask.png,3,1518.0,144.12489168102783,1.0223689229755037,44.28317965096906,0.9183403098790163
65129_mask.png,4,1390.0,137.0538238691624,1.0341454532926193,43.01162633521314,0.9299130664247774
65129_mask.png,5,1247.0,129.39696961967,1.0470368977185665,41.048751503547585,0.9358971102181682
65129_mask.png,6,1371.0,136.22539674441617,1.0212017581845174,42.43819034784589,0.9283915008558958
65129_mask.png,7,1573.0,145.88225099390857,1.1098580860327847,46.69047011971501,0.9288245262956105
65129_mask.png,8,1490.0,141.53910524340094,1.050135729613288,44.553338819890925,0.9346375833877233
65129_mask.png,9,423.0,73.94112549695429,1.1189710389396017,24.20743687382041,0.9722503710651548
65129_mask.png,10,1549.0,143.88225099390854,1.094945290912846,46.400431032480725,0.9402575612657014
65129_mask.png,11,1588.0,146.46803743153546,1.0282491877649633,45.48626166217664,0.930196363593786
65129_mask.png,12,1569.0,146.12489168102786,1.0510513259157142,45.65084884205331,0.9233883759260294
65129_mask.png,13,1625.0,147.88225099390857,1.0181371498092815,46.09772228646444,0.9337510951423621
65129_mask.png,14,1428.0,139.88225099390857,1.0226725272019273,43.86342439892262,0.9170918768337265
65129_mask.png,15,1714.0,155.78174593052023,1.0391169775998792,49.040799340956916,0.8875392084555292
65129_mask.png,16,1388.0,140.0538238691624,1.0599066803226667,44.01136216933077,0.8892203407374445
65129_mask.png,17,1553.0,144.71067811865476,1.0388844082120234,45.31004303683677,0.9319232835567419
65129_mask.png,18,1652.0,149.53910524340094,1.0412285101943932,46.8187996428785,0.9283470282238983
65129_mask.png,19,2091.0,168.8528137423857,1.0731897288027892,53.85164807134504,0.92161024248447
65129_mask.png,20,1491.0,141.53910524340094,1.0732600851247982,45.39823785126467,0.9352648569336209
