image,label,area,perimeter,aspect_ratio,max_diameter,circularity
65127_mask.png,1,1697.0,151.78174593052023,1.0776275094374255,48.25971404805462,0.9256623888556857
65127_mask.png,2,2003.0,164.26702730475878,1.0439947081871375,51.78802950489621,0.9328031790228676
65127_mask.png,3,338.0,77.94112549695429,1.3434271984584443,24.041630560342615,0.6991867966891819
65127_mask.png,4,1422.0,138.4680374315355,1.075896211771577,43.73785545725808,0.931988142216627
65127_mask.png,5,511.0,81.59797974644667,1.1216508110176109,26.68332812825267,0.9644327540292249
65127_mask.png,6,1788.0,154.95331880577405,1.040298024645569,49.040799340956916,0.9357839962024749
65127_mask.png,7,1521.0,144.12489168102786,1.031098055168785,44.40720662234904,0.9201552116771956
65127_mask.png,8,1658.0,149.88225099390857,1.0707038048172095,47.634021455258214,0.927457412271811
65127_mask.png,9,1251.0,128.8111831820431,1.0089203126256892,40.0,0.9474581477312064
65127_mask.png,10,1705.0,151.53910524340094,1.1048289013364259,48.76474136094644,0.9330068022484238
65127_mask.png,11,1690.0,151.19595949289334,1.059173465361656,47.70744176750625,0.9290010350358656
65127_mask.png,12,2052.0,166.61017305526642,1.048325276031756,52.20153254455275,0.9289325683606298
65127_mask.png,13,1581.0,147.29646455628165,1.1787592478657438,48.703182647543684,0.9157081680761032
65127_mask.png,14,1145.0,123.9827560572969,1.0675700205202578,39.81205847478876,0.9360364875831377
65127_mask.png,15,788.0,102.32590180780451,1.067025282787546,32.202484376209235,0.945725109391774
65127_mask.png,16,1665.0,149.78174593052023,1.0901846853946333,47.80167361086848,0.9326234358039057
65127_mask.png,17,1573.0,145.88225099390857,1.0569452775572366,45.617978911828175,0.9288245262956105
65127_mask.png,18,1828.0,157.53910524340094,1.0426975817632274,50.0,0.9255700783085399
65127_mask.png,19,545.0,85.01219330881976,1.161249370407583,28.792360097775937,0.9476411784182586
65127_mask.png,20,1810.0,160.2670273047588,1.1542482663261167,52.630789467763066,0.8855234690826299
65127_mask.png,21,1783.0,156.71067811865476,1.0245134468736503,48.41487374764082,0.9123553591052546
