image,label,area,perimeter,aspect_ratio,max_diameter,circularity
65122_mask.png,1,1617.0,175.43860018001263,1.2343407802495268,51.10772935672255,0.6601909657358305
65122_mask.png,2,1927.0,161.5391052434009,1.0751502451412116,52.009614495783374,0.9279749066766835
65122_mask.png,3,1598.0,147.88225099390857,1.0412617341530706,45.803929962395145,0.918236461561535
65122_mask.png,4,1750.0,155.29646455628168,1.07216429611144,49.040799340956916,0.9118528821072632
65122_mask.png,5,1524.0,143.88225099390857,1.0207070685187376,44.598206241955516,0.9250823262549568
65122_mask.png,6,381.0,71.35533905932736,1.0893257263400846,22.80350850198276,0.9403334632990622
65122_mask.png,7,840.0,106.32590180780453,1.1271033078849326,34.713109915419565,0.9337078289763835
65122_mask.png,8,1724.0,152.95331880577402,1.043792642592823,48.010415536631214,0.9260390822303878
65122_mask.png,9,1927.0,162.36753236814712,1.0171861301480452,50.0,0.9185296881571031
65122_mask.png,10,1797.0,156.61017305526642,1.0465957863007909,48.84669896727925,0.9206997012054509
65122_mask.png,11,1871.0,184.50966799187808,1.0981246346092282,51.62363799656123,0.6906299319254556
65122_mask.png,12,1686.0,150.46803743153546,1.0512266544793443,47.80167361086848,0.9357911235613029
65122_mask.png,13,1710.0,152.12489168102783,1.0454390012419228,47.80167361086848,0.9285502481761104
65122_mask.png,14,1585.0,146.71067811865476,1.038980640226057,45.60701700396552,0.9253705664247337
