image,label,area,perimeter,aspect_ratio,max_diameter,circularity
65131_mask.png,1,2247.0,175.3380951166243,1.0222246684284693,54.74486277268398,0.9184602565935852
65131_mask.png,2,1440.0,140.46803743153546,1.089723640868363,45.0,0.9171013374539789
65131_mask.png,3,1289.0,131.63961030678928,1.023359577249081,41.182520563948,0.9347373692586937
65131_mask.png,4,1742.0,154.36753236814712,1.0395669219213783,48.104053883222775,0.9186415636359283
65131_mask.png,5,2057.0,169.4386001800126,1.1201223441491348,54.56189146281496,0.9003667450898698
65131_mask.png,6,1943.0,162.8528137423857,1.1074587233420523,51.62363799656123,0.9206448569163865
65131_mask.png,7,1993.0,167.6812408671319,1.104225165799111,52.55473337388365,0.8907343577199323
65131_mask.png,8,1451.0,141.29646455628165,1.0434400928503988,43.9089968002003,0.9133025828610689
65131_mask.png,9,1573.0,145.63961030678928,1.0753963593831275,46.61544808322666,0.9319220127344877
65131_mask.png,10,1853.0,158.36753236814715,1.0583886070975144,50.0,0.9284381635408454
65131_mask.png,11,632.0,94.22539674441617,1.1389616171702375,31.25699921617557,0.8945219313044906
65131_mask.png,12,1630.0,148.71067811865476,1.0514600763191437,46.861498055439924,0.926217879825434
65131_mask.png,13,1865.0,158.36753236814712,1.070589847410514,50.774009099144415,0.9344507150586492
65131_mask.png,14,1957.0,164.8528137423857,1.0301851017575512,51.62363799656123,0.9049153628387915
65131_mask.png,15,2100.0,168.36753236814712,1.0984742804385899,54.405882034941776,0.9309202234909427
65131_mask.png,16,1790.0,155.4386001800126,1.0199020415872344,48.373546489791295,0.9309902697202616
65131_mask.png,17,1277.0,132.22539674441617,1.050973281834933,41.340053217188775,0.9178485024943008
65131_mask.png,18,1817.0,156.61017305526642,1.0226488186383318,48.703182647543684,0.9309467763440759
65131_mask.png,19,1833.0,157.53910524340094,1.0111159053831649,48.877397639399746,0.9281017251310468
65131_mask.png,20,1909.0,161.19595949289334,1.0542349606914683,50.44799302251776,0.9232248572801618
65131_mask.png,21,1239.0,128.8111831820431,1.051217182377675,40.311288741492746,0.9383698201750318
65131_mask.png,22,2064.0,168.36753236814715,1.0466038416998624,53.009433122794285,0.9149615910882404
65131_mask.png,23,1185.0,125.9827560572969,1.0985285030685839,40.496913462633174,0.9382228471660728
