image,label,area,perimeter,aspect_ratio,max_diameter,circularity
65132_mask.png,1,1436.0,151.29646455628168,1.0956886482697752,44.654227123532216,0.7883276230447683
65132_mask.png,2,404.0,87.84062043356596,1.1111764592806792,26.30589287593181,0.6579614361892574
65132_mask.png,3,1338.0,135.0538238691624,1.0390663291575744,41.78516483155236,0.921832906762052
65132_mask.png,4,1563.0,144.46803743153546,1.0390772906224308,45.79301256742124,0.9410772960746482
65132_mask.png,5,1943.0,163.53910524340094,1.0818754347439872,52.69724850502159,0.912934101722404
65132_mask.png,6,1572.0,145.63961030678928,1.0359942095248782,46.09772228646444,0.9313295639024886
65132_mask.png,7,1644.0,149.29646455628165,1.0773844572259057,47.634021455258214,0.9268567781966068
65132_mask.png,8,606.0,90.08326112068524,1.120865591531028,29.274562336608895,0.9384135902143448
65132_mask.png,9,1983.0,166.61017305526642,1.132208080813974,53.31041174104736,0.8976965317052285
65132_mask.png,10,1723.0,152.95331880577405,1.0431742496485017,47.634021455258214,0.9255019365910426
65132_mask.png,11,1632.0,158.95331880577402,1.0806939851258464,47.634021455258214,0.8116911641370097
65132_mask.png,12,1678.0,153.19595949289334,1.057842854598625,48.54894437575342,0.8984774847455733
65132_mask.png,13,1207.0,129.0538238691624,1.0963926686321068,41.048751503547585,0.910700090341807
65132_mask.png,14,1531.0,143.29646455628165,1.0784925031092574,45.60701700396552,0.936945012418428
65132_mask.png,15,1128.0,122.5685424949238,1.0222131570548485,38.41874542459709,0.9435413120966188
65132_mask.png,16,1511.0,142.46803743153546,1.0407295965714918,44.553338819890925,0.9354906364984383
65132_mask.png,17,1768.0,156.36753236814712,1.0234025378244287,48.25971404805462,0.9086548718385937
65132_mask.png,18,1912.0,162.61017305526644,1.150591042528775,52.839379254491625,0.9086619196500312
