image,label,area,perimeter,aspect_ratio,max_diameter,circularity
65139_mask.png,1,1407.0,137.63961030678928,1.1461458603513828,45.221676218380054,0.9332910320968494
65139_mask.png,2,1455.0,140.71067811865476,1.1010753240736382,44.94441010848846,0.9234613964865909
65139_mask.png,3,1887.0,162.02438661763952,1.0620127684385878,51.92301994298868,0.9032770835735374
65139_mask.png,4,1801.0,158.61017305526642,1.0228610064997132,48.662100242385755,0.8996249652037884
65139_mask.png,5,1663.0,150.95331880577405,1.0669644586688716,47.265209192385896,0.9171001866339262
65139_mask.png,6,1842.0,157.53910524340094,1.0926847111207236,50.80354318352215,0.9326586894115594
65139_mask.png,7,2056.0,166.95331880577405,1.0706820965801604,52.80151512977634,0.9269212977928123
65139_mask.png,8,1978.0,162.36753236814715,1.0497915791946169,51.10772935672255,0.9428395034638035
65139_mask.png,9,1472.0,141.0538238691624,1.0747324373697085,45.31004303683677,0.9297109496670664
65139_mask.png,10,1790.0,154.95331880577405,1.0543182000086766,48.84669896727925,0.9368307344532607
65139_mask.png,11,1669.0,150.71067811865476,1.0426892176601663,47.4236228055175,0.9233750867368447
65139_mask.png,12,1550.0,144.12489168102783,1.081215728188202,46.09772228646444,0.9376992623929349
65139_mask.png,13,1556.0,144.22539674441617,1.0562907807039494,45.45327270945405,0.9400175719646908
65139_mask.png,14,1677.0,150.71067811865476,1.0360810012006412,46.69047011971501,0.9278010907475666
65139_mask.png,15,1924.0,165.53910524340094,1.1131978065560877,52.478567053607705,0.8822948105203956
65139_mask.png,16,1466.0,140.12489168102783,1.0311032055552072,43.93176527297759,0.9382385099159036
65139_mask.png,17,1640.0,148.95331880577405,1.0125295884051797,46.389654018972806,0.9288665935218818
65139_mask.png,18,1708.0,152.71067811865476,1.0599138133853347,48.41487374764082,0.9203625083603806
