image,label,area,perimeter,aspect_ratio,max_diameter,circularity
65148_mask.png,1,800.0,103.98275605729691,1.1758554003708697,34.92849839314596,0.9297735827655852
65148_mask.png,2,1574.0,146.22539674441617,1.1265088299851136,47.80167361086848,0.9250580254726678
65148_mask.png,3,1990.0,164.8528137423857,1.0666477563850068,52.392747589718944,0.9201745386045963
65148_mask.png,4,1839.0,158.95331880577405,1.0356673258212756,49.4064773081425,0.9146446389999757
65148_mask.png,5,1459.0,139.88225099390857,1.021332325650688,43.382023926967726,0.9370007341039265
65148_mask.png,6,1658.0,150.12489168102783,1.0466836680479212,46.61544808322666,0.924461812532048
65148_mask.png,7,1627.0,149.19595949289334,1.045001918623926,47.29693436154187,0.918508740490362
65148_mask.png,8,1983.0,163.78174593052023,1.0492730693386647,51.419840528729765,0.9289697779391399
65148_mask.png,9,1685.0,151.29646455628165,1.1384667380285722,49.658836071740545,0.9250223153415287
65148_mask.png,10,197.0,53.21320343559643,1.8503846113204787,20.396078054371138,0.8742533028152186
65148_mask.png,11,1690.0,150.12489168102783,1.0474945692040725,47.50789408087881,0.9423042600598076
65148_mask.png,12,1702.0,151.29646455628165,1.0760074480464523,48.05205510693585,0.9343548846951227
65148_mask.png,13,1626.0,149.19595949289334,1.1019945775239073,47.16990566028302,0.9179441991624637
65148_mask.png,14,1869.0,158.61017305526642,1.0989135237067424,50.60632371551998,0.93359192668844
65148_mask.png,15,1430.0,139.05382386916236,1.0341949515762292,43.56604182158393,0.929351553531819
65148_mask.png,16,1626.0,148.95331880577405,1.0367956563322835,46.17358552246078,0.9209372445527926
65148_mask.png,17,1479.0,141.0538238691624,1.1091649831468917,45.45327270945405,0.9341321294548853
65148_mask.png,18,1799.0,156.12489168102783,1.0692703595047093,49.76946855251722,0.9274632866800534
65148_mask.png,19,1878.0,161.53910524340097,1.0618928824388871,50.32891812864648,0.9043782432479555
65148_mask.png,20,1460.0,140.22539674441617,1.0501862323684732,44.41846462902562,0.9330595556103608
65148_mask.png,21,1489.0,142.46803743153546,1.1259868675535314,45.70557952810576,0.9218699918902545
65148_mask.png,22,1977.0,164.02438661763952,1.0208385388520156,50.99019513592785,0.9234208762174045
