image,label,area,perimeter,aspect_ratio,max_diameter,circularity
65155_mask.png,1,1299.0,136.22539674441617,1.25961668655858,47.16990566028302,0.8796357108765928
65155_mask.png,2,1762.0,154.12489168102783,1.0586357716365709,48.60041152089147,0.9321165076473426
65155_mask.png,3,1668.0,150.95331880577405,1.0694578786606004,47.29693436154187,0.919857553400715
65155_mask.png,4,1317.0,134.22539674441617,1.0139719432424077,41.23105625617661,0.9185995880652066
65155_mask.png,5,1401.0,137.29646455628165,1.058953981606374,43.56604182158393,0.9339621819093287
65155_mask.png,6,1572.0,145.29646455628165,1.0391936786428266,45.48626166217664,0.9357337888820746
65155_mask.png,7,2016.0,165.78174593052023,1.0386655913457405,51.66236541235796,0.9217793476875245
65155_mask.png,8,1409.0,138.71067811865476,1.1836276009042654,46.04345773288535,0.9202399164733199
65155_mask.png,9,1679.0,150.36753236814712,1.01965319746913,46.69047011971501,0.933152050506755
65155_mask.png,10,1607.0,147.53910524340094,1.0593781236829207,46.400431032480725,0.9277083170141983
65155_mask.png,11,1646.0,150.12489168102786,1.0154052513797305,46.400431032480725,0.9177708947091378
65155_mask.png,12,1534.0,144.71067811865476,1.0260315455772535,44.82186966202994,0.920521775258237
65155_mask.png,13,1319.0,133.63961030678928,1.0437965125895463,41.593268686170845,0.9280775310483745
65155_mask.png,14,953.0,116.46803743153548,1.4154093572512256,41.340053217188775,0.8828547336358415
65155_mask.png,15,1972.0,163.53910524340097,1.0618383304257697,52.009614495783374,0.9265599838376634
65155_mask.png,16,725.0,110.29036790187179,1.8845156006515058,40.607881008493905,0.7489842750056103
65155_mask.png,17,1329.0,135.12489168102786,1.0698616162227261,43.174066289845804,0.9146693519580962
65155_mask.png,18,1405.0,137.29646455628165,1.0469032555348363,43.68065933568311,0.9366287406014325
65155_mask.png,19,1530.0,144.12489168102783,1.0245260271261991,44.553338819890925,0.9255999170717356
65155_mask.png,20,1994.0,165.68124086713192,1.0397576327442857,51.66236541235796,0.9128267132318869
65155_mask.png,21,1617.0,147.29646455628165,1.0415449865827051,46.400431032480725,0.936559207956394
65155_mask.png,22,1821.0,157.19595949289334,1.01513860312927,48.54894437575342,0.9260555780081311
