image,label,area,perimeter,aspect_ratio,max_diameter,circularity
65163_mask.png,1,772.0,106.66904755831214,1.0221571221321164,34.0147027033899,0.8526098187461737
65163_mask.png,2,1137.0,129.88225099390857,1.119418837560324,41.773197148410844,0.8469752410350363
65163_mask.png,3,1465.0,141.53910524340094,1.0468493895404085,44.181444068749045,0.9189557447402782
65163_mask.png,4,1346.0,136.95331880577402,1.1801331733622444,44.77722635447622,0.901799108958952
65163_mask.png,5,1467.0,140.81118318204307,1.014820589951974,43.93176527297759,0.9297489197537111
65163_mask.png,6,1751.0,154.36753236814715,1.0806275970634862,48.84669896727925,0.9233877025984557
65163_mask.png,7,2102.0,167.7817459305202,1.0307156450154868,52.80151512977634,0.9383247181718762
65163_mask.png,8,1546.0,144.71067811865476,1.0801528968928709,45.803929962395145,0.927722727867819
65163_mask.png,9,1650.0,151.78174593052023,1.1511923819176475,49.92995093127971,0.9000253044265654
65163_mask.png,10,1804.0,157.1959594928933,1.051861211080135,49.24428900898052,0.9174103584440799
65163_mask.png,11,1646.0,149.1959594928933,1.0669792878779307,47.51841748206689,0.9292350257204282
65163_mask.png,12,1256.0,131.05382386916236,1.1707389094923086,42.95346318982906,0.9189674078095389
65163_mask.png,13,1741.0,153.53910524340094,1.0511526227410826,48.84669896727925,0.9280483957168594
65163_mask.png,14,1887.0,159.78174593052023,1.0160167168993606,49.4064773081425,0.9288111909621182
65163_mask.png,15,1234.0,129.29646455628165,1.115159574853836,42.2965719651132,0.9275807433461359
65163_mask.png,16,378.0,69.59797974644667,1.1407705555352186,22.825424421026653,0.980637275058657
65163_mask.png,17,1385.0,138.71067811865476,1.0244464687280157,42.44997055358225,0.9045651414588702
