image,label,area,perimeter,aspect_ratio,max_diameter,circularity
65166_mask.png,1,1741.0,154.95331880577405,1.0984085720290726,49.040799340956916,0.9111856473090095
65166_mask.png,2,585.0,92.66904755831213,1.6753412381642594,34.785054261852174,0.8560444802047456
65166_mask.png,3,2185.0,172.95331880577405,1.0816022974314603,56.08029957123981,0.9179171943271777
65166_mask.png,4,1822.0,157.29646455628165,1.1279963086660456,50.96076922496363,0.9253804365844568
65166_mask.png,5,1548.0,145.29646455628165,1.0882349039238897,46.17358552246078,0.9214477768380736
65166_mask.png,6,1485.0,142.22539674441617,1.0934803970982394,45.48626166217664,0.9225332114267014
65166_mask.png,7,1650.0,148.71067811865476,1.0077435551594858,46.647615158762406,0.9375825163877093
65166_mask.png,8,1306.0,133.05382386916236,1.0531898514213778,41.86884283091664,0.9270396727573254
65166_mask.png,9,1416.0,139.29646455628165,1.099811908703401,44.553338819890925,0.9170498193597119
65166_mask.png,10,851.0,109.1543289325507,1.2720663082168076,36.61966684720111,0.8975476126913605
65166_mask.png,11,1486.0,141.29646455628165,1.0250342471811915,44.384682042344295,0.9353326244876281
65166_mask.png,12,865.0,112.46803743153546,1.2814707276918087,37.656340767525464,0.859345363171131
65166_mask.png,13,2201.0,171.4386001800126,1.0251756865970816,53.75872022286245,0.9410499644488745
65166_mask.png,14,1334.0,132.81118318204307,1.0934872262027495,43.46262762420146,0.950378060657644
65166_mask.png,15,943.0,114.22539674441619,1.1852056350160176,37.20215047547655,0.9082307597261152
65166_mask.png,16,1989.0,164.02438661763952,1.0243263174312103,50.99019513592785,0.929025858774111
65166_mask.png,17,1945.0,162.61017305526642,1.0390018044325917,50.44799302251776,0.9243448921126106
65166_mask.png,18,1738.0,153.53910524340094,1.070439187039992,48.373546489791295,0.9264492313359572
65166_mask.png,19,1580.0,147.88225099390857,1.0520278748373255,46.09772228646444,0.9078933725076505
65166_mask.png,20,1483.0,142.95331880577402,1.0791366421628463,44.64302857109943,0.9119321569447997
65166_mask.png,21,1444.0,141.29646455628165,1.1138622225827288,45.89117562233506,0.908896574535757
65166_mask.png,22,1654.0,150.12489168102783,1.0484330589533375,47.53945729601885,0.9222315065910779
65166_mask.png,23,1447.0,140.71067811865476,1.101054931316936,44.41846462902562,0.918383945509345
