image,label,area,perimeter,aspect_ratio,max_diameter,circularity
65162_mask.png,1,1767.0,154.95331880577405,1.034050428503038,48.373546489791295,0.9247932445692243
65162_mask.png,2,1751.0,153.78174593052023,1.0651967935912174,48.507731342539614,0.9304358500195389
65162_mask.png,3,1551.0,144.36753236814712,1.0651770569813626,45.89117562233506,0.935152836067624
65162_mask.png,4,1806.0,156.12489168102786,1.0653217040683176,49.24428900898052,0.9310720932430104
65162_mask.png,5,1459.0,140.46803743153546,1.045899484488985,44.204072210600685,0.9292019801009411
65162_mask.png,6,1628.0,148.12489168102783,1.0233133463143178,45.89117562233506,0.9324126845572329
65162_mask.png,7,1461.0,139.63961030678928,1.0685262177073784,44.384682042344295,0.9415487771181287
65162_mask.png,8,1937.0,162.02438661763952,1.0099447624564122,49.8196748283246,0.9272112935251415
65162_mask.png,9,845.0,107.49747468305833,1.166063525210432,35.510561809129406,0.9189038032053628
65162_mask.png,10,1386.0,136.22539674441617,1.063485565001337,43.01162633521314,0.9385489571015839
65162_mask.png,11,2097.0,170.2670273047588,1.1171444755442743,55.072679252057455,0.9089650546609301
65162_mask.png,12,1877.0,166.02438661763952,1.1363208546945547,55.54277630799526,0.8557174096589861
65162_mask.png,13,1822.0,157.1959594928933,1.0382722077920865,49.040799340956916,0.9265641203354287
65162_mask.png,14,1717.0,152.95331880577405,1.091085649699228,48.60041152089147,0.922279062754974
65162_mask.png,15,1637.0,148.71067811865476,1.079070024787606,48.02082881417188,0.9301955026222303
65162_mask.png,16,1538.0,145.29646455628165,1.0772314002654417,46.09772228646444,0.9154952718197397
65162_mask.png,17,1629.0,148.46803743153546,1.0459887202190112,46.22769732530488,0.9286776909639348
65162_mask.png,18,1493.0,141.88225099390857,1.0411442546239862,44.41846462902562,0.9319948910616317
65162_mask.png,19,1537.0,143.88225099390857,1.0332783136373598,44.94441010848846,0.9329734484605439
65162_mask.png,20,1414.0,139.0538238691624,1.096723273197555,44.04543109109048,0.9189532144713226
65162_mask.png,21,1261.0,131.0538238691624,1.0340966427367195,40.80441152620633,0.9226257175540034
