image,label,area,perimeter,aspect_ratio,max_diameter,circularity
65165_mask.png,1,1332.0,134.46803743153546,1.017520928472909,41.617304093369626,0.9257121334191445
65165_mask.png,2,1679.0,149.88225099390857,1.0621113852662474,47.80167361086848,0.9392044603162669
65165_mask.png,3,1764.0,154.12489168102783,1.051580603929876,48.60041152089147,0.9331745286548878
65165_mask.png,4,1384.0,139.88225099390854,1.1394683913700796,44.41846462902562,0.8888341439340882
65165_mask.png,5,1848.0,158.8528137423857,1.0156520614448978,49.64876634922564,0.9202842876532867
65165_mask.png,6,1705.0,151.78174593052023,1.02914104923767,47.265209192385896,0.9300261479074509
65165_mask.png,7,1834.0,159.53910524340094,1.0810591446159439,50.24937810560445,0.9054717209661111
65165_mask.png,8,1705.0,151.88225099390857,1.057744853569369,47.80167361086848,0.9287957024853504
65165_mask.png,9,1527.0,143.88225099390857,1.0509437715905672,45.48626166217664,0.926903354456246
65165_mask.png,10,1589.0,146.46803743153546,1.1161161099474401,47.43416490252569,0.9307821295658224
65165_mask.png,11,1437.0,139.0538238691624,1.0526073512504124,43.60045871318328,0.9339008268707855
65165_mask.png,12,1431.0,140.46803743153546,1.096148946567352,44.384682042344295,0.9113694540948916
65165_mask.png,13,1847.0,159.5391052434009,1.0186799302059801,49.73932046178355,0.9118900047025125
65165_mask.png,14,1822.0,157.1959594928933,1.055437121426283,49.09175083453431,0.9265641203354287
65165_mask.png,15,1221.0,129.0538238691624,1.1764870397656686,42.20189569201838,0.9212633059712895
65165_mask.png,16,1849.0,160.12489168102783,1.1361180076346733,51.97114584074513,0.906210473559775
65165_mask.png,17,1347.0,134.2253967444162,1.0283437210294128,41.677331968349414,0.9395244078389009
65165_mask.png,18,1450.0,140.81118318204307,1.0883923271282574,45.45327270945405,0.918974733226231
65165_mask.png,19,2212.0,175.23759005323595,1.0879902757397042,57.42821606144492,0.9051914492136344
65165_mask.png,20,1596.0,146.12489168102786,1.0059353240014297,45.35416188179427,0.9392784244601293
65165_mask.png,21,1309.0,132.22539674441617,1.0776356541971817,41.97618372363071,0.9408486215857789
65165_mask.png,22,1543.0,144.46803743153546,1.0792814920263143,45.5411901469428,0.9290353601044031
65165_mask.png,23,1402.0,137.0538238691624,1.0067824467345972,42.43819034784589,0.9379410928975094
