image,label,area,perimeter,aspect_ratio,max_diameter,circularity
65177_mask.png,1,1519.0,144.46803743153546,1.0476549399765016,45.45327270945405,0.9145850369401092
65177_mask.png,2,1377.0,136.46803743153546,1.0925921193890635,43.41658669218482,0.929141615918202
65177_mask.png,3,1431.0,138.81118318204307,1.1648453142991568,46.647615158762406,0.9332555594870411
65177_mask.png,4,2062.0,168.0243866176395,1.049040748652854,52.392747589718944,0.9178123297652077
65177_mask.png,5,1312.0,133.0538238691624,1.0147503225588423,41.0,0.9312986605341579
65177_mask.png,6,2041.0,166.36753236814712,1.047524289935322,52.630789467763066,0.9266499757027612
65177_mask.png,7,1460.0,140.4680374315355,1.0568554331047453,43.93176527297759,0.9298388560297284
65177_mask.png,8,1887.0,160.61017305526644,1.0655289057494657,50.695167422546305,0.9192542874059316
65177_mask.png,9,1190.0,127.29646455628165,1.0480517835078067,40.44749683231337,0.9228351782422589
65177_mask.png,10,1295.0,132.12489168102783,1.0494685443508585,41.593268686170845,0.9322026730035732
65177_mask.png,11,1693.0,151.29646455628165,1.0437360294349505,47.634021455258214,0.9294141126843964
65177_mask.png,12,1368.0,136.46803743153546,1.1085460887685403,44.294469180700204,0.9230687948991287
65177_mask.png,13,1601.0,146.12489168102786,1.0140962487433407,45.79301256742124,0.9422210260405182
65177_mask.png,14,1693.0,150.95331880577405,1.0683791811444558,47.67598976424087,0.9336443872346585
65177_mask.png,15,1577.0,146.71067811865476,1.0807527278065856,46.32493928760188,0.9206999263418328
65177_mask.png,16,1170.0,125.88225099390856,1.0670662003074487,40.024992192379,0.9278263992822052
65177_mask.png,17,1453.0,139.78174593052023,1.014345007779225,43.73785545725808,0.9344897818249731
65177_mask.png,18,1325.0,133.29646455628165,1.0330098357531041,41.78516483155236,0.937105487198653
65177_mask.png,19,1810.0,158.36753236814712,1.1056228760360565,50.32891812864648,0.9068931872687158
65177_mask.png,20,1635.0,150.36753236814715,1.1067066097139535,48.104053883222775,0.9086977978430875
65177_mask.png,21,1784.0,156.0243866176395,1.0683960390929088,49.36598018878993,0.9209154227689953
65177_mask.png,22,1739.0,153.53910524340094,1.0717789381617895,49.040799340956916,0.9269822861295912
