image,label,area,perimeter,aspect_ratio,max_diameter,circularity
65175_mask.png,1,1443.0,139.88225099390857,1.067939229360586,44.40720662234904,0.9267251948676943
65175_mask.png,2,1598.0,146.71067811865476,1.0791203215252803,46.8187996428785,0.9329603565594475
65175_mask.png,3,1278.0,132.12489168102786,1.126737430545796,43.289721643826724,0.9199652633965761
65175_mask.png,4,1764.0,154.36753236814712,1.057769076172211,48.54894437575342,0.9302432366554406
65175_mask.png,5,2185.0,171.78174593052023,1.046613136413689,53.85164807134504,0.9304805093071957
65175_mask.png,6,1722.0,153.53910524340097,1.0552654263265242,48.54894437575342,0.9179203546378123
65175_mask.png,7,1908.0,160.12489168102783,1.0264074054487113,50.21951811795888,0.9351268704986755
65175_mask.png,8,1461.0,139.88225099390857,1.0836049106212537,44.384682042344295,0.9382851765084554
65175_mask.png,9,1619.0,147.88225099390857,1.1198110497718017,48.373546489791295,0.9303033987910672
65175_mask.png,10,1696.0,151.53910524340094,1.074612549418976,48.27007354458868,0.9280818396559101
65175_mask.png,11,1848.0,158.95331880577405,1.1202026741897924,51.40038910358559,0.919120877037496
65175_mask.png,12,2033.0,167.53910524340094,1.03445514618159,52.49761899362675,0.9101539520393683
65175_mask.png,13,1660.0,152.61017305526642,1.2360435536410344,52.773099207835045,0.8956760930785819
65175_mask.png,14,1327.0,133.39696961967,1.0348438429547389,42.190046219457976,0.9371063036073795
65175_mask.png,15,1696.0,151.53910524340094,1.0764057783908778,47.853944456021594,0.9280818396559101
65175_mask.png,16,1904.0,160.36753236814715,1.0253635552917555,49.76946855251722,0.9303447577689878
65175_mask.png,17,1663.0,149.88225099390854,1.0354475504273373,46.75467891024384,0.9302543284728721
65175_mask.png,18,1551.0,144.36753236814712,1.0461046378273704,45.5411901469428,0.935152836067624
65175_mask.png,19,1695.0,151.53910524340094,1.122824662831814,49.92995093127971,0.9275346215900752
65175_mask.png,20,1632.0,149.53910524340094,1.11964511238812,48.84669896727925,0.9171079600855944
65175_mask.png,21,1494.0,141.63961030678928,1.0125382285958533,44.40720662234904,0.9358171826802828
65175_mask.png,22,1406.0,139.29646455628165,1.079886280269237,44.94441010848846,0.9105734788275104
