image,label,area,perimeter,aspect_ratio,max_diameter,circularity
65186_mask.png,1,2040.0,166.61017305526644,1.0377315911353204,51.86520991955976,0.92350021415969
65186_mask.png,2,1295.0,133.0538238691624,1.0209725014839688,41.048751503547585,0.9192315284997977
65186_mask.png,3,1559.0,145.53910524340094,1.0164416885045913,44.721359549995796,0.9249038303225969
65186_mask.png,4,1415.0,138.4680374315355,1.0380644507672758,43.266615305567875,0.9274002962282188
65186_mask.png,5,1673.0,150.12489168102786,1.016288043389397,46.647615158762406,0.9328254598106849
65186_mask.png,6,2163.0,173.095454429505,1.0366182255192482,53.33854141237835,0.9071833211416455
65186_mask.png,7,1322.0,134.4680374315355,1.053147037995091,41.773197148410844,0.9187623426277092
65186_mask.png,8,1195.0,127.63961030678928,1.0950390370496805,41.0,0.9217365946465681
65186_mask.png,9,355.0,69.698484809835,1.2880668555810173,24.698178070456937,0.9183147142468873
65186_mask.png,10,2182.0,172.2670273047588,1.0528499262380457,53.85164807134504,0.9239751503999574
65186_mask.png,11,1765.0,155.53910524340094,1.2614315320403426,53.41348144429457,0.9168016392598339
65186_mask.png,12,2047.0,169.4386001800126,1.3292895827593763,58.89821729050889,0.8959896583368805
65186_mask.png,13,1834.0,158.02438661763952,1.0424866826058021,49.64876634922564,0.9229134365066073
65186_mask.png,14,1325.0,133.88225099390857,1.0323450002925136,41.593268686170845,0.9289230319308964
65186_mask.png,15,1403.0,136.95331880577402,1.0259845718779508,43.174066289845804,0.9399882242714781
65186_mask.png,16,1761.0,153.78174593052023,1.033734944922001,48.46648326421054,0.9357495898825859
65186_mask.png,17,1380.0,136.46803743153546,1.0218978174512463,42.485291572496,0.9311658895912264
65186_mask.png,18,1585.0,148.12489168102786,1.0646817346289457,46.486557196677836,0.9077850767955857
65186_mask.png,19,1847.0,161.1959594928933,1.0867035459961287,50.35871324805669,0.8932406031411522
65186_mask.png,20,1830.0,156.95331880577402,1.0088962106716606,48.46648326421054,0.9335120902355948
65186_mask.png,21,1994.0,165.1959594928933,1.0956656488057894,52.92447448959697,0.9181976490744709
65186_mask.png,22,1528.0,143.88225099390857,1.0046012217313884,44.654227123532216,0.927510363856676
65186_mask.png,23,2171.0,172.50966799187808,1.0292451152924347,53.75872022286245,0.9167328811526874
65186_mask.png,24,608.0,93.49747468305833,1.5827089108195784,33.83784863137726,0.8740045254761704
