image,label,area,perimeter,aspect_ratio,max_diameter,circularity
65183_mask.png,1,1645.0,148.71067811865476,1.0842928086386023,47.853944456021594,0.9347413572471404
65183_mask.png,2,1799.0,156.12489168102783,1.0364279664713665,49.040799340956916,0.9274632866800534
65183_mask.png,3,1712.0,165.095454429505,1.3229833994579334,56.4003546088143,0.7893023436691423
65183_mask.png,4,1791.0,157.78174593052023,1.1041536948161592,50.0,0.9040489268947393
65183_mask.png,5,1744.0,153.05382386916236,1.0054258093468393,47.634021455258214,0.9355520953849045
65183_mask.png,6,1760.0,153.53910524340097,1.0271025594201626,48.104053883222775,0.9381764367959058
65183_mask.png,7,1471.0,140.46803743153546,1.0460726377611782,44.27188724235731,0.936844491246391
65183_mask.png,8,1936.0,162.36753236814712,1.0125649456687615,50.0,0.922819655564168
65183_mask.png,9,1752.0,153.19595949289334,1.0148372336233011,47.53945729601885,0.9381004489119456
65183_mask.png,10,1343.0,135.0538238691624,1.0495051548568408,42.20189569201838,0.9252777233045111
65183_mask.png,11,1773.0,155.53910524340094,1.1002982138418806,49.8196748283246,0.9209571141120032
65183_mask.png,12,1567.0,144.71067811865476,1.0799027205117018,46.32493928760188,0.9403243949345876
65183_mask.png,13,1674.0,151.88225099390857,1.115599489738694,48.82622246293481,0.9119085078947077
65183_mask.png,14,1677.0,149.88225099390857,1.0628488161614869,47.16990566028302,0.9380856938358426
65183_mask.png,15,1614.0,149.88225099390857,1.0126075311786653,46.69047011971501,0.9028445497024746
65183_mask.png,16,1545.0,144.12489168102786,1.0226159466015765,44.77722635447622,0.9346744260626347
65183_mask.png,17,1960.0,163.4386001800126,1.0238930240634274,50.695167422546305,0.9220546606756015
65183_mask.png,18,1769.0,155.53910524340094,1.0844515211549186,49.040799340956916,0.9188793766859185
65183_mask.png,19,1540.0,144.46803743153546,1.0415266883516947,46.238512086787566,0.9272290697088665
65183_mask.png,20,1676.0,150.12489168102786,1.042642187021873,47.43416490252569,0.9344981892664124
65183_mask.png,21,1601.0,147.53910524340094,1.1543028851133998,48.27007354458868,0.9242445647415878
65183_mask.png,22,467.0,83.01219330881975,1.1790847976909067,26.476404589747453,0.8516143426973822
