image,label,area,perimeter,aspect_ratio,max_diameter,circularity
65184_mask.png,1,1919.0,161.68124086713192,1.033608633404613,51.478150704935004,0.9224982936025707
65184_mask.png,2,1486.0,142.71067811865476,1.0834037251704693,45.880278987817846,0.9168868283874053
65184_mask.png,3,1407.0,137.88225099390857,1.0694578945235458,43.60045871318328,0.9300091720725666
65184_mask.png,4,1803.0,156.36753236814715,1.0590703921155191,49.39635614091387,0.9266429490525926
65184_mask.png,5,1683.0,150.71067811865476,1.039286050326798,47.29693436154187,0.931120593755608
65184_mask.png,6,1672.0,150.71067811865476,1.0607011059776374,47.634021455258214,0.9250348382408654
65184_mask.png,7,1710.0,152.12489168102783,1.0279071492851197,47.4236228055175,0.9285502481761104
65184_mask.png,8,1546.0,144.71067811865476,1.111020031179464,47.29693436154187,0.927722727867819
65184_mask.png,9,1836.0,158.36753236814712,1.0304710476659178,49.33558553417604,0.9199203822239571
65184_mask.png,10,654.0,97.25483399593905,1.242142105608303,32.0624390837628,0.8688908394430965
65184_mask.png,11,1976.0,164.61017305526642,1.0578910383180684,51.478150704935004,0.916396583294764
65184_mask.png,12,1785.0,155.19595949289334,1.0584525209683209,48.83646178829912,0.9312949842251002
65184_mask.png,13,1375.0,137.63961030678928,1.0815239275351707,44.01136216933077,0.9120647968252791
65184_mask.png,14,1574.0,147.78174593052023,1.0642565084795867,46.09772228646444,0.9056763055558295
65184_mask.png,15,2059.0,167.1959594928933,1.0462158866897369,52.43090691567332,0.9255814768997446
65184_mask.png,16,1759.0,153.78174593052023,1.0226985983978165,48.08326112068523,0.9346868419099765
65184_mask.png,17,1923.0,178.16652224137044,1.5182950770545691,62.76941930590086,0.7612668924474086
65184_mask.png,18,1557.0,145.05382386916236,1.0724409903004986,46.09772228646444,0.9299082752350205
65184_mask.png,19,365.0,68.76955262170047,1.1113051113850116,22.80350850198276,0.9698628635985636
65184_mask.png,20,1657.0,149.29646455628168,1.0043621193763586,46.52956049652737,0.9341859376349008
65184_mask.png,21,1536.0,144.71067811865476,1.0358479762009047,45.12205669071391,0.9217219340265006
65184_mask.png,22,1560.0,144.22539674441617,1.1009292101175674,47.20169488482379,0.9424340695789958
65184_mask.png,23,1050.0,122.49747468305833,1.055965278246356,38.600518131237564,0.879315830037777
