image,label,area,perimeter,aspect_ratio,max_diameter,circularity
65192_mask.png,1,1844.0,158.0243866176395,1.012067983356133,49.03060268852505,0.9279456798899587
65192_mask.png,2,1391.0,135.63961030678928,1.024946643251926,42.720018726587654,0.9500882066225439
65192_mask.png,3,1818.0,156.71067811865476,1.0720403123920843,49.64876634922564,0.9302647464124245
65192_mask.png,4,1416.0,138.46803743153546,1.0310427266214677,43.01162633521314,0.9280557027979919
65192_mask.png,5,1579.0,146.46803743153546,1.0345431976629536,46.010868281309364,0.9249244698454584
65192_mask.png,6,1822.0,156.71067811865476,1.082147114348091,50.0,0.9323115335332438
65192_mask.png,7,1462.0,140.22539674441617,1.0058764674171239,43.41658669218482,0.9343377193851694
65192_mask.png,8,1955.0,162.61017305526642,1.0577293758189839,51.24451190127583,0.9290973080103618
65192_mask.png,9,1882.0,159.78174593052023,1.0455972515939946,49.678969393496885,0.9263501120247517
65192_mask.png,10,1465.0,140.46803743153546,1.0586033794872898,44.204072210600685,0.9330232356736661
65192_mask.png,11,1684.0,151.78174593052023,1.0583284609139143,47.67598976424087,0.9185712803965672
65192_mask.png,12,1590.0,146.12489168102783,1.0107482673547137,45.12205669071391,0.9357473025636631
65192_mask.png,13,1553.0,143.88225099390854,1.0468796523655033,45.48626166217664,0.9426855988674204
65192_mask.png,14,1524.0,143.53910524340094,1.0465564675254477,45.35416188179427,0.9295106317484036
65192_mask.png,15,1493.0,141.78174593052023,1.0690538113105412,45.5411901469428,0.9333166889428249
65192_mask.png,16,1409.0,138.46803743153546,1.0437018616080485,43.41658669218482,0.9234678568095837
65192_mask.png,17,1574.0,146.12489168102783,1.0065215029909238,45.0,0.9263309775064188
65192_mask.png,18,1434.0,138.46803743153546,1.0142914925522788,43.174066289845804,0.9398530210538985
65192_mask.png,19,1593.0,146.12489168102786,1.0355341908252507,45.89117562233506,0.937512863511896
65192_mask.png,20,1516.0,142.95331880577402,1.040160772943822,44.9221548904324,0.9322246459395255
65192_mask.png,21,1680.0,150.95331880577402,1.006149410927384,46.84015371452148,0.9264752336410081
65192_mask.png,22,1668.0,150.22539674441617,1.0652354240517754,48.41487374764082,0.9287935504824542
