image,label,area,perimeter,aspect_ratio,max_diameter,circularity
65196_mask.png,1,2125.0,169.4386001800126,1.0187714872822744,52.69724850502159,0.9301309350101961
65196_mask.png,2,1386.0,136.46803743153546,1.0233949276372654,42.42640687119285,0.935214436937275
65196_mask.png,3,913.0,114.42640687119285,1.2689657747525835,37.36308338453881,0.8762501796250283
65196_mask.png,4,1897.0,160.95331880577405,1.0176926257256884,49.92995093127971,0.920189604460108
65196_mask.png,5,1854.0,160.95331880577405,1.0243374798377145,50.32891812864648,0.8993313266573748
65196_mask.png,6,1448.0,140.8111831820431,1.1222351374348678,45.45327270945405,0.9177071818700566
65196_mask.png,7,1273.0,144.46803743153546,1.134371239820079,44.204072210600685,0.7664692245060954
65196_mask.png,8,1820.0,157.1959594928933,1.0720247530838456,49.73932046178355,0.9255470356808344
65196_mask.png,9,1534.0,144.12489168102783,1.0114346101216392,44.91102314577124,0.9280197861359756
65196_mask.png,10,1445.0,139.0538238691624,1.0166533080997067,43.41658669218482,0.9390999964010334
65196_mask.png,11,1519.0,143.53910524340094,1.0396095977010313,44.41846462902562,0.9264610561849247
65196_mask.png,12,716.0,105.84062043356595,1.188010434828422,35.11409973215888,0.8031897033675243
65196_mask.png,13,1783.0,156.8528137423857,1.047054213743468,48.46648326421054,0.9107026065716687
65196_mask.png,14,1414.0,139.78174593052023,1.1118265262866212,44.41846462902562,0.9094071242260923
65196_mask.png,15,1855.0,158.12489168102786,1.015573504983283,49.4064773081425,0.9322948730815491
65196_mask.png,16,1647.0,150.12489168102783,1.0307733834723742,46.2709412050371,0.9183284711943805
65196_mask.png,17,2154.0,173.09545442950497,1.0712660250147892,54.037024344425184,0.9034086332589483
65196_mask.png,18,1385.0,137.29646455628165,1.0239985846789432,42.5440947723653,0.9232959471409139
