image,label,area,perimeter,aspect_ratio,max_diameter,circularity
65195_mask.png,1,779.0,102.32590180780451,1.0886368211791952,32.57299494980466,0.934923680477401
65195_mask.png,2,511.0,81.59797974644665,1.0524463728564846,25.80697580112788,0.9644327540292253
65195_mask.png,3,1648.0,149.53910524340094,1.0462474082535358,46.61544808322666,0.9260992145962375
65195_mask.png,4,1567.0,145.88225099390854,1.0745237149097433,46.75467891024384,0.9252816482550682
65195_mask.png,5,1316.0,134.22539674441617,1.0197307047454136,41.400483088968905,0.91790209407275
65195_mask.png,6,1999.0,164.95331880577405,1.0701047826954426,52.80151512977634,0.9232100902718916
65195_mask.png,7,1461.0,139.88225099390854,1.0476629138008804,44.27188724235731,0.9382851765084559
65195_mask.png,8,2164.0,170.8528137423857,1.0547851097737362,53.85164807134504,0.931585777273969
65195_mask.png,9,1354.0,135.53910524340094,1.0578597641656233,43.73785545725808,0.9261883196233662
65195_mask.png,10,1324.0,133.63961030678928,1.0330915917414185,41.677331968349414,0.9315956414769127
65195_mask.png,11,1850.0,158.95331880577405,1.0689868627944172,50.21951811795888,0.9201155966013894
65195_mask.png,12,1486.0,141.88225099390857,1.0171580272011673,44.27188724235731,0.9276251896299964
65195_mask.png,13,2285.0,176.2670273047588,1.0415930420674686,55.0,0.9241743437774612
65195_mask.png,14,1411.0,137.88225099390857,1.065030054105771,43.60045871318328,0.9326531213890485
65195_mask.png,15,1775.0,155.29646455628165,1.0742007815557189,49.51767361255979,0.924879351851653
65195_mask.png,16,1877.0,160.2670273047588,1.0436895506738817,49.64876634922564,0.9183025146232576
65195_mask.png,17,1431.0,137.88225099390857,1.0725395261406332,44.01136216933077,0.945872867971459
65195_mask.png,18,822.0,104.5685424949238,1.0532865583653686,33.54101966249684,0.944668800254796
65195_mask.png,19,1604.0,147.53910524340094,1.0405597372740536,46.238512086787566,0.9259764408778931
65195_mask.png,20,1914.0,160.61017305526642,1.0347883331061174,50.00999900019995,0.9324073694196895
