image,label,area,perimeter,aspect_ratio,max_diameter,circularity
65202_mask.png,1,1620.0,148.12489168102786,1.0959674393790209,48.38388161361178,0.9278308040434377
65202_mask.png,2,1650.0,150.95331880577402,1.0283027871740094,46.389654018972806,0.9099310330402759
65202_mask.png,3,1655.0,148.71067811865476,1.032159829737714,47.12748667179272,0.9404236755282781
65202_mask.png,4,1860.0,158.71067811865476,1.0589864388258483,50.60632371551998,0.9279199536820041
65202_mask.png,5,684.0,97.15432893255071,1.0116100474116647,31.144823004794873,0.9106293695844326
65202_mask.png,6,1975.0,165.78174593052023,1.0274572883835624,51.22499389946279,0.9030328430966572
65202_mask.png,7,1989.0,166.75230867899737,1.1935861764086617,56.568542494923804,0.8988783830843567
65202_mask.png,8,1360.0,134.81118318204307,1.01607170661661,42.20189569201838,0.9403660290013449
65202_mask.png,9,1412.0,137.88225099390857,1.0482903016356107,43.08131845707603,0.9333141087181691
65202_mask.png,10,1683.0,151.78174593052023,1.0136632745381298,46.87216658103186,0.9180258105150967
65202_mask.png,11,1391.0,136.46803743153546,1.0146305647113776,42.485291572496,0.9385882263923159
65202_mask.png,12,1683.0,150.95331880577405,1.0415494034955777,47.07440918375928,0.9281296537010811
65202_mask.png,13,1436.0,139.05382386916236,1.0728786757090283,44.40720662234904,0.9332509306795047
65202_mask.png,14,1299.0,132.22539674441617,1.0368319704477442,41.617304093369626,0.9336610843696921
65202_mask.png,15,1431.0,139.0538238691624,1.0275525593722852,43.08131845707603,0.9300014497230995
65202_mask.png,16,1516.0,144.36753236814715,1.110054676777123,45.880278987817846,0.9140500963755751
65202_mask.png,17,2114.0,170.0243866176395,1.0300273901607706,52.80151512977634,0.918951124392752
65202_mask.png,18,1136.0,122.5685424949238,1.046988381734429,39.11521443121589,0.9502330944519141
65202_mask.png,19,1640.0,149.63961030678928,1.1145133982786162,47.80167361086848,0.9203660176783871
65202_mask.png,20,1820.0,158.95331880577402,1.1191666219960679,50.53711507397311,0.9051948031429887
65202_mask.png,21,1380.0,135.88225099390854,1.0023905347038082,41.97618372363071,0.9392116805580849
65202_mask.png,22,1562.0,145.19595949289334,1.0566574623354332,45.39823785126467,0.9310689239549937
