image,label,area,perimeter,aspect_ratio,max_diameter,circularity
65200_mask.png,1,1925.0,161.78174593052023,1.0631097099207292,50.80354318352215,0.9242331933911943
65200_mask.png,2,1571.0,145.53910524340094,1.1102061757204071,47.07440918375928,0.9320230387663884
65200_mask.png,3,1467.0,140.71067811865476,1.0291471574884519,43.73785545725808,0.9310775729524597
65200_mask.png,4,1607.0,147.53910524340094,1.0318904629582801,45.89117562233506,0.9277083170141983
65200_mask.png,5,342.0,69.59797974644665,1.1977199770224738,23.194827009486403,0.8872432488625948
65200_mask.png,6,669.0,94.91168824543142,1.1217878138532145,30.805843601498726,0.9332469619067928
65200_mask.png,7,1455.0,141.29646455628165,1.0771089942015624,45.35416188179427,0.9158203019041042
65200_mask.png,8,1567.0,145.63961030678928,1.091193698128515,47.43416490252569,0.9283673197424934
65200_mask.png,9,1900.0,162.0243866176395,1.0819217107466668,51.894122981316485,0.909499978160955
65200_mask.png,10,1771.0,154.61017305526642,1.0461986549198858,48.84669896727925,0.9310055987023099
65200_mask.png,11,1428.0,138.71067811865476,1.0689272601297792,44.14748010928823,0.9326491133597593
65200_mask.png,12,308.0,65.35533905932738,1.2610643279754719,22.360679774997898,0.9061465396896613
65200_mask.png,13,1812.0,158.61017305526642,1.050528386206327,49.25444142409901,0.9051196207380704
65200_mask.png,14,1982.0,163.78174593052023,1.0538004507542567,51.86520991955976,0.9285013110818837
65200_mask.png,15,2211.0,175.09545442950497,1.0440570289622118,54.405882034941776,0.906251760337039
65200_mask.png,16,1945.0,165.19595949289334,1.0730793589442638,51.07837115648854,0.8956341160731419
65200_mask.png,17,1509.0,145.05382386916236,1.114306174177672,46.75467891024384,0.9012405827422262
65200_mask.png,18,2205.0,172.61017305526642,1.0267785650594754,53.823786563191554,0.9300058531870056
65200_mask.png,19,1712.0,152.61017305526642,1.0675274716580976,48.33218389437829,0.9237334164762242
65200_mask.png,20,1894.0,159.53910524340097,1.0015664647576237,49.658836071740545,0.9350945689802692
