image,label,area,perimeter,aspect_ratio,max_diameter,circularity
28099_mask.png,1,2229.0,174.26702730475878,1.0362421012076548,54.20332093147061,0.9223366935257763
28099_mask.png,2,1145.0,125.63961030678928,1.0463765551954176,39.44616584663204,0.9115115777825497
28099_mask.png,3,1958.0,164.26702730475878,1.0446497060839932,50.96076922496363,0.9118465424497129
28099_mask.png,4,1621.0,148.36753236814712,1.0462976332191862,46.238512086787566,0.9253693945518027
28099_mask.png,5,1347.0,134.46803743153546,1.0118658809473753,41.593268686170845,0.9361368196062971
28099_mask.png,6,1709.0,153.53910524340097,1.070860123389217,48.05205510693585,0.9109906423205698
28099_mask.png,7,2157.0,172.85281374238568,1.0669490247381148,53.75872022286245,0.90720848222762
28099_mask.png,8,2068.0,167.4386001800126,1.0007416367121686,51.35172830587107,0.926934889868012
28099_mask.png,9,1145.0,123.98275605729688,1.1262064890208046,40.36087214122113,0.936036487583138
28099_mask.png,10,1891.0,158.95331880577402,1.0213803369885588,49.73932046178355,0.9405073476612043
28099_mask.png,11,1358.0,135.29646455628165,1.0957363292350797,43.01162633521314,0.9322593282793634
28099_mask.png,12,1549.0,145.29646455628165,1.0194298417420438,44.82186966202994,0.9220430273399068
28099_mask.png,13,643.0,93.25483399593904,1.1247705925860056,30.265491900843113,0.9291335243761865
28099_mask.png,14,1698.0,153.19595949289334,1.0228824316966414,47.67598976424087,0.909186393979728
28099_mask.png,15,1622.0,148.95331880577405,1.035636113599289,46.61544808322666,0.91867171627591
28099_mask.png,16,1973.0,164.2670273047588,1.0369317915059812,51.03920062069938,0.9188320879740974
28099_mask.png,17,1664.0,155.29646455628162,1.4512528929000037,54.74486277268398,0.8670418261865641
28099_mask.png,18,1901.0,161.43860018001263,1.0426411198190129,50.15974481593781,0.9165944315840936
28099_mask.png,19,2223.0,175.68124086713192,1.0631792392257164,54.70831746635972,0.9051041291143064
28099_mask.png,20,2233.0,173.78174593052023,1.0315922138679339,54.56189146281496,0.92915950690533
28099_mask.png,21,1170.0,126.22539674441617,1.1183872581721581,40.496913462633174,0.922788634550221
28099_mask.png,22,2081.0,168.61017305526642,1.069407685989632,52.773099207835045,0.9198444577053498
28099_mask.png,23,1219.0,128.46803743153546,1.0251630958546045,39.84971769034255,0.9281611590933756
28099_mask.png,24,1489.0,140.71067811865476,1.028858412730585,44.14748010928823,0.9450405631398858
