image,label,area,perimeter,aspect_ratio,max_diameter,circularity
63826_mask.png,1,1709.0,151.88225099390854,1.0798502702596846,47.853944456021594,0.9309746953357562
63826_mask.png,2,1706.0,152.61017305526642,1.0511295357677133,47.853944456021594,0.9204960330072655
63826_mask.png,3,1755.0,153.78174593052023,1.0742394903080923,49.24428900898052,0.9325613459647577
63826_mask.png,4,1616.0,148.36753236814712,1.1047414892583614,47.50789408087881,0.9225150780972938
63826_mask.png,5,1704.0,154.71067811865476,1.2615703603079014,51.86520991955976,0.8946205604519498
63826_mask.png,6,1675.0,150.36753236814712,1.071230648553866,47.853944456021594,0.9309289366282398
63826_mask.png,7,2194.0,172.8528137423857,1.098912374654696,55.10898293381942,0.9227702410789975
63826_mask.png,8,1910.0,161.78174593052023,1.1091698627699693,52.20153254455275,0.9170313762998342
63826_mask.png,9,2168.0,170.8528137423857,1.0317007063064063,53.600373133029585,0.9333077472874144
63826_mask.png,10,1562.0,145.29646455628165,1.0548690525657376,45.880278987817846,0.9297812838637409
63826_mask.png,11,1754.0,154.81118318204307,1.1182729378583993,51.22499389946279,0.9196758732067726
63826_mask.png,12,1397.0,137.63961030678928,1.170147755678219,45.60701700396552,0.9266578335744835
63826_mask.png,13,1835.0,157.53910524340094,1.0253733314431492,49.040799340956916,0.9291143838600496
63826_mask.png,14,1903.0,160.36753236814712,1.038793358718053,50.0,0.9298561313205801
63826_mask.png,15,1500.0,144.12489168102786,1.2848116867546628,49.36598018878993,0.9074508990899366
63826_mask.png,16,1711.0,151.53910524340094,1.0237232278970494,47.16990566028302,0.9362901106434328
63826_mask.png,17,1605.0,146.71067811865476,1.0623796326763983,46.84015371452148,0.9370471666319858
63826_mask.png,18,1730.0,154.36753236814712,1.1367931157688704,50.32891812864648,0.9123133783525581
63826_mask.png,19,1589.0,147.1959594928933,1.0779899354627405,47.16990566028302,0.9215989760152477
63826_mask.png,20,1874.0,159.29646455628168,1.0979506168799995,50.60632371551998,0.9280410276614507
63826_mask.png,21,1550.0,145.29646455628165,1.0797993220558746,45.803929962395145,0.9226382778417402
63826_mask.png,22,1579.0,146.36753236814715,1.059156345293109,46.238512086787566,0.9261951274412994
63826_mask.png,23,1585.0,147.53910524340094,1.0832667258897501,46.69047011971501,0.9150078920146263
