image,label,area,perimeter,aspect_ratio,max_diameter,circularity
63853_mask.png,1,2269.0,178.26702730475878,1.280169693728331,60.67124524847005,0.8972269602943439
63853_mask.png,2,1635.0,149.78174593052023,1.227395318463162,50.24937810560445,0.915819409933565
63853_mask.png,3,1712.0,154.36753236814712,1.1992088917102344,51.15662224971465,0.9028211004275024
63853_mask.png,4,1810.0,156.36753236814712,1.1076372506258785,50.59644256269407,0.9302405644953928
63853_mask.png,5,2134.0,170.2670273047588,1.1676931891427302,56.32051136131489,0.9250030646859442
63853_mask.png,6,1775.0,157.1959594928933,1.2658874772712907,52.92447448959697,0.9026626309524621
63853_mask.png,7,1734.0,153.78174593052023,1.143728901207226,50.15974481593781,0.9214024922523589
63853_mask.png,8,2268.0,176.85281374238568,1.2411149679431024,60.00833275470999,0.9112320082393002
63853_mask.png,9,1817.0,158.12489168102786,1.1416062047193174,50.80354318352215,0.9131966492664015
63853_mask.png,10,1533.0,144.36753236814712,1.0716917415393576,45.5411901469428,0.9242999985117133
63853_mask.png,11,1991.0,165.43860018001263,1.1053540385331222,53.16013544000805,0.9141288816065872
63853_mask.png,12,2036.0,168.26702730475878,1.1698389154931377,54.91812087098393,0.9036278199302605
63853_mask.png,13,1548.0,145.53910524340097,1.0682707545172179,45.89117562233506,0.9183778892491208
63853_mask.png,14,1638.0,149.53910524340094,1.1966911534317008,50.21951811795888,0.9204796805270856
63853_mask.png,15,2218.0,172.8528137423857,1.0068724237601507,53.150729063673246,0.9328643549285398
63853_mask.png,16,1849.0,160.36753236814712,1.2499733233870567,54.08326913195984,0.9034703031065436
63853_mask.png,17,1476.0,148.53910524340094,1.1197479777910964,46.32493928760188,0.8406488330859215
63853_mask.png,18,1667.0,152.61017305526642,1.2643598852095743,52.88667128870941,0.8994530404590337
