image,label,area,perimeter,aspect_ratio,max_diameter,circularity
63878_mask.png,1,1567.0,145.0538238691624,1.0635639775443242,46.32493928760188,0.9358807111710192
63878_mask.png,2,1508.0,144.12489168102786,1.0800331705345239,45.35416188179427,0.9122906372184163
63878_mask.png,3,2679.0,191.4386001800126,1.0747129035828114,61.07372593840988,0.9185939010393306
63878_mask.png,4,1483.0,142.12489168102783,1.081074679212072,45.48626166217664,0.9225942034168406
63878_mask.png,5,1482.0,142.12489168102783,1.1530459925486154,46.32493928760188,0.9219720899957909
63878_mask.png,6,1409.0,139.29646455628165,1.012765913831372,42.7551166528639,0.9125163809871708
63878_mask.png,7,1445.0,141.29646455628165,1.2029605324529296,47.12748667179272,0.9095260042965159
63878_mask.png,8,1437.0,139.63961030678928,1.0353230002580405,43.46262762420146,0.9260818567547918
63878_mask.png,9,2662.0,190.16652224137047,1.036332772935782,59.43904440685432,0.9250171543400008
63878_mask.png,10,1710.0,152.12489168102783,1.138016845795771,50.0,0.9285502481761104
63878_mask.png,11,2692.0,194.16652224137047,1.190800368609239,63.788713735268246,0.8972969998929023
63878_mask.png,12,1637.0,148.71067811865476,1.0843207676706308,47.80167361086848,0.9301955026222303
63878_mask.png,13,1557.0,146.95331880577405,1.2016552299675924,48.60041152089147,0.9060239525456873
63878_mask.png,14,2570.0,188.5096679918781,1.1327155894789975,61.05735008989499,0.908815510226618
63878_mask.png,15,1870.0,160.2670273047588,1.1796566117794725,52.55473337388365,0.9148778382234907
63878_mask.png,16,1880.0,159.78174593052023,1.0721032858077368,50.774009099144415,0.9253656804498052
63878_mask.png,17,1406.0,139.53910524340094,1.194857932825993,46.32493928760188,0.9074094900793407
63878_mask.png,18,1886.0,159.53910524340094,1.035932550825264,50.0,0.931144855911715
63878_mask.png,19,2142.0,171.09545442950497,1.1368841649437658,55.154328932550705,0.919501384142073
63878_mask.png,20,2466.0,184.5096679918781,1.0239456501062654,56.72741841473134,0.9102583709931444
63878_mask.png,21,1418.0,137.88225099390857,1.0722718973805991,43.93176527297759,0.9372800326928923
63878_mask.png,22,1703.0,151.53910524340094,1.0543334991017699,47.80167361086848,0.931912366116754
63878_mask.png,23,2185.0,171.4386001800126,1.0333265446157651,53.85164807134504,0.9342090742029945
