image,label,area,perimeter,aspect_ratio,max_diameter,circularity
63909_mask.png,1,1534.0,144.71067811865476,1.2441875197022705,48.83646178829912,0.920521775258237
63909_mask.png,2,1565.0,147.53910524340094,1.267884747677764,50.48762224545735,0.9034620511059244
63909_mask.png,3,1428.0,139.29646455628165,1.0587937589940104,43.9089968002003,0.9248214279983533
63909_mask.png,4,1896.0,160.95331880577405,1.1636964768301719,52.630789467763066,0.9197045282321373
63909_mask.png,5,2160.0,172.2670273047588,1.1065468346297695,55.326304774492215,0.9146591772978496
63909_mask.png,6,1661.0,150.12489168102783,1.0901991683691272,47.43416490252569,0.9261345419877755
63909_mask.png,7,1530.0,145.53910524340094,1.0747202058306184,45.45327270945405,0.9076990765834336
63909_mask.png,8,1757.0,154.61017305526642,1.1568959391943836,51.35172830587107,0.9236458706493272
63909_mask.png,9,1705.0,151.0538238691624,1.045657399667677,48.010415536631214,0.9390112595485849
63909_mask.png,10,1776.0,154.71067811865476,1.0982973727494316,50.21951811795888,0.9324214292034407
63909_mask.png,11,1418.0,140.12489168102783,1.2828624480472115,47.70744176750625,0.907518558704469
63909_mask.png,12,1532.0,144.12489168102786,1.2434320106349501,49.24428900898052,0.9268098516038552
63909_mask.png,13,1763.0,157.53910524340094,1.166516575899796,51.73973328110612,0.8926586696159496
63909_mask.png,14,2668.0,190.16652224137044,1.062776449347273,59.90826320300064,0.9271020915774316
63909_mask.png,15,1643.0,150.71067811865476,1.203443659118702,49.73932046178355,0.9089905737019986
63909_mask.png,16,1967.0,166.2670273047588,1.198541507156391,54.70831746635972,0.8941326623019592
63909_mask.png,17,1570.0,147.29646455628165,1.1261532783049928,47.265209192385896,0.90933701700157
63909_mask.png,18,1682.0,150.95331880577405,1.1777418390397254,50.0,0.9275781803477233
63909_mask.png,19,1739.0,152.71067811865476,1.117600535896284,49.72926703662542,0.9370669801163359
63909_mask.png,20,1850.0,158.36753236814712,1.1018506681775455,51.10772935672255,0.9269350256613947
63909_mask.png,21,1748.0,154.12489168102786,1.0429898521103085,49.040799340956916,0.9247103605945257
63909_mask.png,22,2033.0,167.4386001800126,1.1032132964100825,53.03772242470448,0.9112469202619284
