image,label,area,perimeter,aspect_ratio,max_diameter,circularity
63913_mask.png,1,1569.0,145.88225099390854,1.0830568141879084,46.32493928760188,0.9264626076019157
63913_mask.png,2,1461.0,140.71067811865476,1.0821432863762266,44.721359549995796,0.9272694847195253
63913_mask.png,3,1239.0,129.63961030678928,1.1524076765002114,42.44997055358225,0.9264153377468879
63913_mask.png,4,1209.0,127.9827560572969,1.0946665489391623,41.400483088968905,0.9275412830169525
63913_mask.png,5,1193.0,127.63961030678927,1.1151800581367275,40.85339643163099,0.9201939392580385
63913_mask.png,6,1327.0,134.22539674441617,1.0607457733111465,42.20189569201838,0.9255745279897715
63913_mask.png,7,1634.0,148.36753236814712,1.1002410319670721,47.53945729601885,0.932790617333526
63913_mask.png,8,1746.0,154.12489168102786,1.1299717708434234,50.00999900019995,0.9236523395869806
63913_mask.png,9,1766.0,155.1959594928933,1.0405643735688883,48.76474136094644,0.9213820404154214
63913_mask.png,10,1972.0,164.0243866176395,1.0951520916947712,52.0,0.9210854668187771
63913_mask.png,11,1388.0,136.8111831820431,1.0375835397919642,42.720018726587654,0.9318717207294601
63913_mask.png,12,2546.0,187.92388155425115,1.2552544361740399,63.41135544995076,0.9059501786557399
63913_mask.png,13,1698.0,153.19595949289334,1.1392259017875612,49.39635614091387,0.909186393979728
63913_mask.png,14,1542.0,144.95331880577402,1.173912984056268,48.507731342539614,0.9222271662626071
63913_mask.png,15,1724.0,154.81118318204307,1.259654732134524,52.392747589718944,0.9039459551929737
63913_mask.png,16,1659.0,149.29646455628165,1.0841453330911173,47.75981574503821,0.9353135006254079
63913_mask.png,17,1879.0,159.4386001800126,1.0790838581867341,50.47771785649585,0.928858797182378
63913_mask.png,18,1629.0,149.53910524340097,1.0332379786997754,46.486557196677836,0.9154220998648485
63913_mask.png,19,1356.0,135.05382386916236,1.0809034177565227,43.04648650006177,0.934234246314905
63913_mask.png,20,746.0,100.32590180780451,1.25911427392323,34.785054261852174,0.9313706479999696
63913_mask.png,21,1437.0,139.63961030678928,1.1057889635228713,44.94441010848846,0.9260818567547918
63913_mask.png,22,1795.0,157.53910524340097,1.1237942222007422,51.10772935672255,0.9088612092799937
