image,label,area,perimeter,aspect_ratio,max_diameter,circularity
63926_mask.png,1,1594.0,148.46803743153546,1.2737041982704171,50.15974481593781,0.9087245177388042
63926_mask.png,2,1705.0,151.29646455628165,1.1003221971711983,48.82622246293481,0.9360018086986982
63926_mask.png,3,2184.0,171.1959594928933,1.0788822920057377,54.56189146281496,0.936430342217891
63926_mask.png,4,1586.0,147.0538238691624,1.0812114718326322,47.20169488482379,0.9216380639163864
63926_mask.png,5,1733.0,153.29646455628165,1.1338894743541175,50.24937810560445,0.9267106389116795
63926_mask.png,6,1941.0,163.43860018001263,1.0840520835271639,51.97114584074513,0.9131163756996643
63926_mask.png,7,1752.0,155.53910524340094,1.171863286941347,50.695167422546305,0.910048992625059
63926_mask.png,8,1850.0,159.1959594928933,1.0927653842579477,50.80354318352215,0.9173129206938324
63926_mask.png,9,1655.0,149.53910524340094,1.0998827378853613,48.02082881417188,0.9300328884446438
63926_mask.png,10,1425.0,140.8111831820431,1.1070294277174342,46.09772228646444,0.9031303412740543
63926_mask.png,11,1308.0,133.0538238691624,1.0614073079039823,42.190046219457976,0.9284593353496027
63926_mask.png,12,1976.0,166.0243866176395,1.1748321610267665,54.12947441089743,0.9008511462366313
63926_mask.png,13,1672.0,150.12489168102783,1.0889584535170647,48.02082881417188,0.9322678833254429
63926_mask.png,14,1380.0,138.22539674441617,1.1255885297504478,45.60701700396552,0.9076392329450351
63926_mask.png,15,1682.0,151.78174593052023,1.0737374086134177,48.16637831516918,0.917480340633626
63926_mask.png,16,1322.0,135.98275605729688,1.223781955573197,45.31004303683677,0.898408063119957
63926_mask.png,17,2009.0,166.36753236814715,1.152867405031885,53.71219600798314,0.9121214116545058
63926_mask.png,18,1404.0,139.0538238691624,1.2132953173862713,45.89117562233506,0.9124542525585128
63926_mask.png,19,2154.0,170.8528137423857,1.0320994591982742,53.009433122794285,0.9272808522403554
63926_mask.png,20,2029.0,165.78174593052023,1.1026139572321356,53.823786563191554,0.9277233613382873
63926_mask.png,21,1030.0,119.15432893255073,1.0181576546764757,37.64306044943742,0.9116485352934016
63926_mask.png,22,1355.0,136.12489168102786,1.021747891727955,42.579337712087536,0.918912300216841
63926_mask.png,23,2089.0,168.0243866176395,1.0278970006644987,52.172789842982326,0.9298302409696987
63926_mask.png,24,1956.0,162.95331880577405,1.1100972280414867,52.630789467763066,0.9256616992905365
