image,label,area,perimeter,aspect_ratio,max_diameter,circularity
63961_mask.png,1,1493.0,141.63961030678928,1.062786860870096,44.64302857109943,0.9351907990238704
63961_mask.png,2,1809.0,157.78174593052023,1.1085683494982832,50.60632371551998,0.9131348457580031
63961_mask.png,3,1433.0,138.22539674441617,1.066500127679809,44.41846462902562,0.9424978411668371
63961_mask.png,4,1450.0,140.46803743153546,1.1644087485812602,46.84015371452148,0.9234700967418538
63961_mask.png,5,2013.0,165.1959594928933,1.113857267259045,53.41348144429457,0.9269467741158024
63961_mask.png,6,2647.0,190.99494936611666,1.0081746878081201,59.665735560705194,0.9118429387889208
63961_mask.png,7,1565.0,145.88225099390857,1.036987710657193,45.617978911828175,0.9241006889082202
63961_mask.png,8,1947.0,165.19595949289334,1.0744667848437346,51.85556864985669,0.8965550766038085
63961_mask.png,9,2022.0,168.0243866176395,1.120674483185515,53.600373133029585,0.9000080168696653
63961_mask.png,10,1742.0,153.88225099390854,1.0777299635058712,49.92995093127971,0.9244447355023581
63961_mask.png,11,2095.0,168.02438661763952,1.0451545508898576,52.92447448959697,0.9325008879040297
63961_mask.png,12,1931.0,161.1959594928933,1.102400031649321,52.20153254455275,0.9338644313294883
63961_mask.png,13,1554.0,148.22539674441617,1.4076510574530416,51.78802950489621,0.8888237189233111
63961_mask.png,14,1843.0,157.29646455628168,1.0532541595239637,50.47771785649585,0.9360461825604571
63961_mask.png,15,2184.0,174.0243866176395,1.0658320244166994,54.45181356024793,0.906238012122203
63961_mask.png,16,2011.0,165.4386001800126,1.1370483978942898,54.12947441089743,0.9233114921701896
63961_mask.png,17,1218.0,128.22539674441617,1.0844755296476571,41.23105625617661,0.9309129017155185
63961_mask.png,18,2716.0,193.4386001800126,1.0372238285699695,60.4648658313239,0.9121228763702428
63961_mask.png,19,2557.0,189.58073580374355,1.1261829073310567,61.814237842102365,0.8940301869316157
63961_mask.png,20,2012.0,166.02438661763952,1.0483392434536358,51.66236541235796,0.9172634140830475
63961_mask.png,21,1901.0,161.1959594928933,1.0614641182361535,50.99019513592785,0.9193559212622253
63961_mask.png,22,2575.0,186.50966799187808,1.03838470656569,58.66856057549052,0.9302172726550079
63961_mask.png,23,1733.0,154.12489168102786,1.0893593814291795,49.20365840057018,0.9167752030379365
