image,label,area,perimeter,aspect_ratio,max_diameter,circularity
63967_mask.png,1,1714.0,151.78174593052023,1.105231941548545,48.83646178829912,0.9349353768406866
63967_mask.png,2,1618.0,148.12489168102783,1.1025699162530875,47.01063709417264,0.9266853339149894
63967_mask.png,3,1727.0,154.71067811865476,1.1667050737704163,51.97114584074513,0.9066958379697873
63967_mask.png,4,1734.0,154.4680374315355,1.0921181434892613,49.678969393496885,0.9132332170637019
63967_mask.png,5,2246.0,174.95331880577402,1.0757546648254708,56.08029957123981,0.9220941044695206
63967_mask.png,6,1568.0,146.71067811865476,1.140794110070727,47.80167361086848,0.9154454562485693
63967_mask.png,7,1582.0,151.88225099390857,1.197697435046773,48.60041152089147,0.8617916723353808
63967_mask.png,8,1528.0,145.0538238691624,1.1010130227626649,46.22769732530488,0.9125882110206236
63967_mask.png,9,1804.0,158.71067811865473,1.1120198192150383,51.10772935672255,0.8999825787324388
63967_mask.png,10,2006.0,165.78174593052023,1.1184180861874684,53.41348144429457,0.91720702949463
63967_mask.png,11,1603.0,147.29646455628165,1.0542286054660455,46.238512086787566,0.9284504702251698
63967_mask.png,12,1644.0,149.19595949289334,1.1277490628632247,49.040799340956916,0.9281059430646313
63967_mask.png,13,1644.0,149.78174593052023,1.0430852446340144,47.07440918375928,0.9208606176946673
63967_mask.png,14,1508.0,143.63961030678928,1.1894509671542977,48.02082881417188,0.9184653338247809
63967_mask.png,15,1675.0,150.36753236814712,1.1364992777751426,49.64876634922564,0.9309289366282398
63967_mask.png,16,1603.0,147.29646455628168,1.2144227468116973,50.32891812864648,0.9284504702251695
63967_mask.png,17,1956.0,163.78174593052023,1.090868467403642,52.40229002629561,0.9163211727932211
63967_mask.png,18,1398.0,136.4680374315355,1.0576214767072412,43.174066289845804,0.9433115316293723
63967_mask.png,19,1789.0,154.36753236814712,1.1215499663814843,50.92150822589606,0.9434269559957955
63967_mask.png,20,2735.0,194.5096679918781,1.2326028634485742,66.21933252457322,0.9084160725829009
63967_mask.png,21,1722.0,152.12489168102783,1.0869937720218923,48.91829923454004,0.9350663902685742
63967_mask.png,22,1829.0,157.88225099390857,1.0796665269581918,51.22499389946279,0.9220552609411424
