image,label,area,perimeter,aspect_ratio,max_diameter,circularity
63960_mask.png,1,2019.0,167.68124086713192,1.0903411880637424,53.2634959423431,0.9023545751312307
63960_mask.png,2,2107.0,170.2670273047588,1.09255798284501,54.037024344425184,0.9132996519649881
63960_mask.png,3,1448.0,139.88225099390857,1.1129299006679607,44.82186966202994,0.9299363008790169
63960_mask.png,4,1734.0,152.71067811865473,1.0205755808865644,47.43416490252569,0.9343727104782789
63960_mask.png,5,1608.0,147.29646455628165,1.0945421242609832,47.07440918375928,0.9313464479863213
63960_mask.png,6,1364.0,135.39696961967,1.0782355032295385,43.41658669218482,0.9349886646020861
63960_mask.png,7,2038.0,165.53910524340094,1.0599947648399966,52.81098370604357,0.9345721537632882
63960_mask.png,8,1769.0,154.71067811865476,1.1277315406013058,50.80354318352215,0.9287463447414901
63960_mask.png,9,1767.0,153.29646455628165,1.0454045585229763,48.703182647543684,0.9448919209214874
63960_mask.png,10,1562.0,145.63961030678928,1.021215479240412,45.45327270945405,0.9254050755824983
63960_mask.png,11,2706.0,196.16652224137047,1.3231614113776426,67.26812023536856,0.8836654414396038
63960_mask.png,12,1902.0,160.95331880577405,1.106948872041131,51.97114584074513,0.9226149855999606
63960_mask.png,13,1503.0,143.63961030678928,1.1982563385108387,47.51841748206689,0.9154200243624971
63960_mask.png,14,1609.0,146.71067811865476,1.0620784338638436,46.61544808322666,0.9393824866734362
63960_mask.png,15,2632.0,190.16652224137044,1.148372072501189,61.98386886924694,0.9145924681528487
63960_mask.png,16,1884.0,159.53910524340094,1.1413355204070874,51.97114584074513,0.9301574276445765
63960_mask.png,17,1461.0,140.8111831820431,1.0950898138959333,45.31004303683677,0.9259462656851883
63960_mask.png,18,2061.0,167.78174593052023,1.0359509606980417,52.839379254491625,0.9200224758098176
63960_mask.png,19,1547.0,145.53910524340094,1.149401796311235,47.67598976424087,0.9177846218788052
63960_mask.png,20,2580.0,187.095454429505,1.0321420430394008,58.60034129593445,0.9261964189416868
