image,label,area,perimeter,aspect_ratio,max_diameter,circularity
63964_mask.png,1,1752.0,154.12489168102783,1.1214211167593617,50.00999900019995,0.9268264026096165
63964_mask.png,2,1772.0,155.53910524340094,1.0638295633070918,48.91829923454004,0.920437679755482
63964_mask.png,3,1753.0,155.29646455628165,1.096539254312424,49.678969393496885,0.9134160584765902
63964_mask.png,4,1845.0,157.5391052434009,1.0663110393892743,50.08991914547278,0.9341776775050639
63964_mask.png,5,2171.0,174.16652224137047,1.299472388312096,60.08327554319921,0.8993739983840348
63964_mask.png,6,1608.0,148.12489168102786,1.1118558099613745,47.12748667179272,0.9209579832727457
63964_mask.png,7,2087.0,169.43860018001263,1.075683081412253,53.2634959423431,0.9134980053488369
63964_mask.png,8,1847.0,157.53910524340094,1.0824025511992008,50.00999900019995,0.9351903362340663
63964_mask.png,9,1815.0,156.95331880577405,1.0721702749875532,50.21951811795888,0.9258603517910405
63964_mask.png,10,1925.0,162.36753236814712,1.1501205578836475,52.839379254491625,0.9175763620666443
63964_mask.png,11,769.0,111.78174593052023,1.8917988539707027,41.617304093369626,0.7733826529503328
63964_mask.png,12,1870.0,160.95331880577402,1.1435401535456777,51.78802950489621,0.9070925463049038
63964_mask.png,13,2126.0,171.6812408671319,1.1539612501579717,55.31726674375732,0.9064157369131931
63964_mask.png,14,2409.0,182.50966799187808,1.0497270051632765,57.48912940721924,0.9088138018365426
63964_mask.png,15,2674.0,190.99494936611666,1.0784425273260934,60.440052945046304,0.9211439434535603
63964_mask.png,16,1657.0,152.12489168102786,1.0705404174147906,47.29693436154187,0.8997706206010608
63964_mask.png,17,1805.0,157.0538238691624,1.0683344274032023,50.0,0.9195811081635424
63964_mask.png,18,2285.0,176.50966799187808,1.1096118940902417,56.61271941887264,0.921635240147137
63964_mask.png,19,1934.0,160.95331880577405,1.0462095938702447,50.32891812864648,0.9381374248950177
63964_mask.png,20,1740.0,153.29646455628165,1.0151722011010782,47.50789408087881,0.9304538440313459
63964_mask.png,21,1273.0,129.63961030678928,1.0455683902829696,41.048751503547585,0.9518375504049945
63964_mask.png,22,1800.0,156.71067811865476,1.0675430936142927,49.8196748283246,0.9210542043687371
63964_mask.png,23,1630.0,149.53910524340094,1.0434754298619575,47.01063709417264,0.915984053271764
63964_mask.png,24,2026.0,168.8528137423857,1.05301296052286,53.41348144429457,0.8929614305468849
