image,label,area,perimeter,aspect_ratio,max_diameter,circularity
63986_mask.png,1,1586.0,147.53910524340094,1.1337416768413198,47.50789408087881,0.9155851840600614
63986_mask.png,2,1602.0,148.36753236814712,1.138128310690524,47.67598976424087,0.9145229920246687
63986_mask.png,3,1623.0,149.53910524340094,1.170531338261972,49.39635614091387,0.9120503794233576
63986_mask.png,4,1644.0,150.71067811865476,1.0981937913957274,48.25971404805462,0.9095438242033389
63986_mask.png,5,1671.0,152.46803743153546,1.0430451798357219,47.50789408087881,0.9032931019363417
63986_mask.png,6,1864.0,161.53910524340094,1.3757191402181534,56.568542494923804,0.8976363394111766
63986_mask.png,7,1298.0,133.0538238691624,1.195676662625731,44.384682042344295,0.9213610223882142
63986_mask.png,8,1905.0,160.95331880577405,1.1124663809205577,51.66236541235796,0.9240702142838723
63986_mask.png,9,1124.0,121.9827560572969,1.0253749029020132,38.01315561749642,0.9492471288950903
63986_mask.png,10,2029.0,166.02438661763952,1.1160389458206017,53.75872022286245,0.9250136516771885
63986_mask.png,11,1812.0,156.36753236814712,1.126012788992755,50.80354318352215,0.9312684546219071
63986_mask.png,12,1454.0,140.46803743153546,1.0989037180355448,44.91102314577124,0.9260176004570038
63986_mask.png,13,1470.0,141.53910524340094,1.1027785578193283,45.5411901469428,0.9220921124697672
63986_mask.png,14,1584.0,147.19595949289334,1.1274611503463323,47.01063709417264,0.9186990421700137
63986_mask.png,15,1751.0,154.36753236814712,1.121961601334933,50.0,0.9233877025984562
63986_mask.png,16,1464.0,141.29646455628165,1.0957593604960212,45.27692569068709,0.9214851697509338
63986_mask.png,17,1762.0,154.71067811865476,1.017838448783152,47.853944456021594,0.9250712602795397
63986_mask.png,18,1558.0,145.29646455628165,1.0464260921798818,45.60701700396552,0.9274002818564073
63986_mask.png,19,2009.0,165.19595949289334,1.0695175270718873,52.20153254455275,0.925104853054469
63986_mask.png,20,1448.0,140.71067811865476,1.0298062007525894,43.60045871318328,0.9190186268815008
63986_mask.png,21,1373.0,137.29646455628165,1.1405762754667934,44.94441010848846,0.9152962710646027
63986_mask.png,22,1345.0,134.12489168102783,1.0508317746007267,42.7551166528639,0.9395359012612311
63986_mask.png,23,1443.0,139.29646455628165,1.1553100500849471,45.70557952810576,0.9345359387966555
