image,label,area,perimeter,aspect_ratio,max_diameter,circularity
63998_mask.png,1,2982.0,205.58073580374358,1.2900719498657875,69.6419413859206,0.8866509237661666
63998_mask.png,2,1917.0,162.61017305526642,1.0614678624519895,50.80354318352215,0.9110381275989073
63998_mask.png,3,1756.0,155.29646455628168,1.1521444222240427,51.40038910358559,0.9149792348459167
63998_mask.png,4,2324.0,178.26702730475878,1.072814770697183,56.61271941887264,0.9189755203719944
63998_mask.png,5,1642.0,148.71067811865476,1.0240865207414365,46.04345773288535,0.933036661762799
63998_mask.png,6,1329.0,133.63961030678928,1.004675822618873,41.23105625617661,0.9351137519054509
63998_mask.png,7,1666.0,149.78174593052023,1.0678286581182488,47.43416490252569,0.9331835699995837
63998_mask.png,8,1780.0,154.36753236814712,1.0659336494914167,49.24428900898052,0.9386808170332677
63998_mask.png,9,2196.0,173.43860018001263,1.021088573628071,53.53503525729669,0.9173829840538086
63998_mask.png,10,1828.0,158.2670273047588,1.0350876343963369,49.25444142409901,0.9170756558335391
63998_mask.png,11,2155.0,172.02438661763952,1.0123586167120928,53.823786563191554,0.9151180100041608
63998_mask.png,12,2215.0,173.78174593052023,1.0714442301519864,55.362442142665635,0.9216696407502489
63998_mask.png,13,1848.0,157.78174593052023,1.0688381791902903,50.21951811795888,0.9328210032950744
63998_mask.png,14,2140.0,172.71067811865476,1.2170578131563576,58.7962583843564,0.9015405359052422
63998_mask.png,15,1714.0,152.12489168102786,1.010877781677243,47.01063709417264,0.9307222955402645
63998_mask.png,16,1972.0,163.78174593052023,1.085243998658014,52.49761899362675,0.9238166425093213
63998_mask.png,17,1697.0,151.63961030678925,1.0499866245441698,48.41487374764082,0.9273984954374346
63998_mask.png,18,1574.0,146.46803743153546,1.1379514677108908,48.010415536631214,0.9219956399852764
63998_mask.png,19,1381.0,137.0538238691624,1.0564620607103155,43.41658669218482,0.9238920465702284
63998_mask.png,20,1727.0,152.95331880577405,1.0595950386591086,48.84669896727925,0.9276505191484218
63998_mask.png,21,1875.0,161.78174593052023,1.1115574647465578,51.62363799656123,0.9002271364199943
63998_mask.png,22,1997.0,164.8528137423857,1.0399293411283568,51.19570294468082,0.9234113334640096
63998_mask.png,23,2270.0,175.3380951166243,1.0591926352813348,55.78530272392541,0.9278614964252062
63998_mask.png,24,1361.0,136.46803743153546,1.0514028836369278,42.720018726587654,0.9183454896620719
