image,label,area,perimeter,aspect_ratio,max_diameter,circularity
64018_mask.png,1,1550.0,144.71067811865476,1.1797011174663816,48.46648326421054,0.9301230454043463
64018_mask.png,2,1821.0,157.19595949289334,1.1342787764835491,50.695167422546305,0.9260555780081311
64018_mask.png,3,1819.0,158.02438661763952,1.1138039187967335,51.264022471905186,0.9153650714315805
64018_mask.png,4,1709.0,152.12489168102783,1.0371532806486379,47.43416490252569,0.9280072363350717
64018_mask.png,5,1864.0,162.8528137423857,1.0993843929173985,51.78802950489621,0.8832125647411964
64018_mask.png,6,1963.0,163.4386001800126,1.1056173689208653,52.630789467763066,0.9234659688296968
64018_mask.png,7,1596.0,147.53910524340097,1.1407080271918233,47.853944456021594,0.921358104514412
64018_mask.png,8,1569.0,145.53910524340094,1.1485057176402982,47.70744176750625,0.9308365040257566
64018_mask.png,9,1810.0,157.53910524340094,1.0238050440921271,48.703182647543684,0.9164561497475149
64018_mask.png,10,1413.0,137.63961030678928,1.1508872852591683,45.48626166217664,0.9372709512102687
64018_mask.png,11,1557.0,144.95331880577405,1.0615688898712594,45.89117562233506,0.9311982476464841
64018_mask.png,12,1701.0,154.36753236814715,1.329031853267606,53.45091205957107,0.8970202639177459
64018_mask.png,13,1881.0,160.3675323681471,1.0570894921112748,50.32891812864648,0.9191063494556027
64018_mask.png,14,1602.0,147.29646455628165,1.063234809076909,47.01063709417264,0.9278712746729395
64018_mask.png,15,1706.0,151.53910524340097,1.0488029196416688,47.50789408087881,0.933554020314258
64018_mask.png,16,1662.0,150.12489168102783,1.0291629178420325,46.61544808322666,0.9266921184730178
64018_mask.png,17,1661.0,155.19595949289334,1.0896563914900323,47.80167361086848,0.8665999825198271
64018_mask.png,18,1217.0,127.9827560572969,1.1725815601874447,41.78516483155236,0.9336788597449389
64018_mask.png,19,1701.0,152.36753236814712,1.0344916974207474,47.20169488482379,0.9207236727436683
64018_mask.png,20,2548.0,185.92388155425118,1.0310391829590437,57.706152185014034,0.9262728453490459
64018_mask.png,21,1449.0,139.63961030678928,1.0552096168144338,44.04543109109048,0.9338153169364604
64018_mask.png,22,1794.0,158.36753236814715,1.2262470662995524,53.41348144429457,0.8988764519116441
64018_mask.png,23,1482.0,141.53910524340094,1.0451637525728597,45.12205669071391,0.9296193950205408
