image,label,area,perimeter,aspect_ratio,max_diameter,circularity
64055_mask.png,1,733.0,115.88225099390856,2.2587880221642234,47.634021455258214,0.6859303088607472
64055_mask.png,2,2303.0,176.8528137423857,1.1108008161279388,58.180752831155424,0.9252942305886718
64055_mask.png,3,2006.0,166.26702730475878,1.152847872747124,54.817880294662984,0.9118607628763248
64055_mask.png,4,1756.0,154.12489168102786,1.0352136723429421,48.104053883222775,0.9289424446247065
64055_mask.png,5,2040.0,170.26702730475878,1.2275077836488404,56.4003546088143,0.8842578500278008
64055_mask.png,6,1422.0,138.71067811865476,1.0877959146078764,44.10215414239989,0.9287304196061468
64055_mask.png,7,1622.0,149.29646455628168,1.2430363540915255,50.60632371551998,0.9144535853010315
64055_mask.png,8,2318.0,177.095454429505,1.096086011894958,56.4003546088143,0.9287706168785342
64055_mask.png,9,1396.0,140.46803743153546,1.1868352581686856,47.12748667179272,0.8890787965873296
64055_mask.png,10,1641.0,152.61017305526642,1.381433737516699,53.009433122794285,0.8854243787602126
64055_mask.png,11,1948.0,164.02438661763952,1.1345381561153567,53.150729063673246,0.9098755017053637
64055_mask.png,12,1682.0,150.46803743153546,1.0528922945170849,47.01063709417264,0.9335709785469225
64055_mask.png,13,3979.0,232.79393923934,1.0195129775859146,72.18032973047436,0.9226573899114031
64055_mask.png,14,1726.0,153.29646455628165,1.1746058239491852,50.00999900019995,0.9229674337920132
64055_mask.png,15,1790.0,157.63961030678925,1.0793603857327947,51.66236541235796,0.9051742478516013
64055_mask.png,16,1841.0,158.36753236814715,1.002320118928691,48.76474136094644,0.9224256120230416
64055_mask.png,17,1539.0,143.88225099390857,1.078200080975513,46.647615158762406,0.9341874672614033
64055_mask.png,18,2059.0,166.95331880577405,1.081750066286041,53.31041174104736,0.9282738094141053
64055_mask.png,19,1658.0,150.12489168102786,1.0770410859311006,48.46648326421054,0.9244618125320476
64055_mask.png,20,1660.0,152.36753236814712,1.0752963053952407,47.80167361086848,0.8985310386563723
64055_mask.png,21,1802.0,157.78174593052023,1.1180877520623644,50.53711507397311,0.9096014328667338
64055_mask.png,22,1688.0,153.19595949289334,1.2899856765331414,52.952809179494906,0.9038319393626507
64055_mask.png,23,1771.0,156.36753236814712,1.302476342873953,54.08326913195984,0.9101967070283651
64055_mask.png,24,1729.0,152.95331880577402,1.1174803311032806,50.0,0.9287248104271115
