image,label,area,perimeter,aspect_ratio,max_diameter,circularity
56533_mask.png,1,2413.0,181.09545442950497,1.0836853407773592,57.48912940721924,0.9245961633223161
56533_mask.png,2,1778.0,155.78174593052023,1.0307037119186204,48.25971404805462,0.9206795289579527
56533_mask.png,3,1674.0,151.9827560572969,1.1862203587179534,51.73973328110612,0.9107028300853823
56533_mask.png,4,2020.0,165.4386001800126,1.1231726047770623,53.150729063673246,0.9274436669238105
56533_mask.png,5,3176.0,212.89444430272832,1.0948361806385087,66.06814663663572,0.8805655714613341
56533_mask.png,6,1798.0,156.02438661763952,1.0544306578034282,49.49747468305833,0.9281423375216665
56533_mask.png,7,2081.0,168.2670273047588,1.0452614083616565,52.61178575186362,0.9235999475809782
56533_mask.png,8,529.0,86.76955262170047,1.4364903137241931,30.805843601498726,0.8829392423670721
56533_mask.png,9,2167.0,171.19595949289334,1.0254885612993268,53.2634959423431,0.9291412781987954
56533_mask.png,10,1883.0,160.61017305526642,1.1816699965863402,53.16013544000805,0.9173056826631533
56533_mask.png,11,1459.0,139.88225099390854,1.0553159936463108,44.384682042344295,0.9370007341039268
56533_mask.png,12,2273.0,176.50966799187808,1.0863912879969329,55.47071299343465,0.9167951426058829
56533_mask.png,13,2206.0,174.0243866176395,1.1889064097286208,57.706152185014034,0.9153667833065842
56533_mask.png,14,2137.0,169.4386001800126,1.0708350782805376,53.600373133029585,0.9353834391137831
56533_mask.png,15,2747.0,192.50966799187808,1.022661940396035,60.21627686929839,0.9314583353120528
56533_mask.png,16,1886.0,162.71067811865476,1.1358285093045646,54.589376255824725,0.8951986988797171
56533_mask.png,17,1966.0,164.2670273047588,1.0369009816443675,51.264022471905186,0.9155721667293845
56533_mask.png,18,1815.0,157.19595949289334,1.0992264651084913,50.00999900019995,0.9230043240443483
56533_mask.png,19,2519.0,186.50966799187808,1.0199624071814355,58.309518948453004,0.9099873047836756
56533_mask.png,20,1823.0,165.4386001800126,1.4029590510852419,59.77457653551382,0.8369949528723301
56533_mask.png,21,1480.0,141.63961030678928,1.1301271393436967,45.880278987817846,0.9270478114905076
