image,label,area,perimeter,aspect_ratio,max_diameter,circularity
56579_mask.png,1,1998.0,165.78174593052023,1.0359540154302778,51.478150704935004,0.9135491749403144
56579_mask.png,2,1663.0,149.0538238691624,1.0487651974582866,47.634021455258214,0.9406235963367892
56579_mask.png,3,2045.0,166.95331880577402,1.0556495090409952,52.630789467763066,0.9219620885147383
56579_mask.png,4,2337.0,178.2670273047588,1.0378343619278096,55.60575509783138,0.9241160891176204
56579_mask.png,5,1530.0,142.81118318204307,1.051982330739372,45.45327270945405,0.9427072786695262
56579_mask.png,6,1559.0,145.29646455628165,1.0791396053598714,46.400431032480725,0.9279955323582407
56579_mask.png,7,3285.0,212.40916292848976,1.0575472059469477,66.40030120413611,0.9149529105452998
56579_mask.png,8,2016.0,166.0243866176395,1.1544511109257958,54.405882034941776,0.9190869993993163
56579_mask.png,9,1768.0,155.78174593052023,1.0901555651916297,49.47726750741192,0.9155013538794491
56579_mask.png,10,1769.0,157.53910524340094,1.0575006964018645,49.4064773081425,0.8956966458029579
56579_mask.png,11,1922.0,162.61017305526642,1.050190037815066,51.19570294468082,0.9134143355477828
56579_mask.png,12,1721.0,154.95331880577402,1.092700765542026,48.91829923454004,0.900718264801152
56579_mask.png,13,2299.0,176.2670273047588,1.029823985980279,55.0,0.9298366811135157
56579_mask.png,14,1830.0,157.78174593052023,1.0391041918451929,49.09175083453431,0.9237350844318106
56579_mask.png,15,2446.0,182.8528137423857,1.0775696750555572,58.412327466040935,0.9193121953908622
56579_mask.png,16,1587.0,146.36753236814712,1.0945608866561019,47.01063709417264,0.9308876930014837
56579_mask.png,17,2221.0,174.0243866176395,1.10571952656873,56.61271941887264,0.9215909454777531
56579_mask.png,18,1734.0,156.95331880577405,1.3552992654403546,54.20332093147061,0.8845409641904486
