image,label,area,perimeter,aspect_ratio,max_diameter,circularity
56587_mask.png,1,1425.0,139.29646455628165,1.1576631676836373,45.89117562233506,0.9228785258386929
56587_mask.png,2,1561.0,145.29646455628165,1.1314784893853038,47.07440918375928,0.9291860333619074
56587_mask.png,3,1448.0,139.05382386916236,1.0819840683959474,44.77722635447622,0.9410496849748767
56587_mask.png,4,1601.0,148.71067811865476,1.0783292418902546,46.861498055439924,0.9097391568101347
56587_mask.png,5,2230.0,177.6812408671319,1.1414934657393216,57.0087712549569,0.8876291783646664
56587_mask.png,6,1742.0,166.12489168102786,1.2345262864972517,53.823786563191554,0.7932107532613857
56587_mask.png,7,1981.0,169.29646455628165,1.476970785629836,60.40695324215582,0.8685574745048836
56587_mask.png,8,2436.0,182.50966799187808,1.0583705634012772,57.55866572463264,0.9189997597649721
56587_mask.png,9,2287.0,177.4386001800126,1.0558535852069544,55.97320787662612,0.9128088106048511
56587_mask.png,10,1886.0,160.02438661763952,1.1293802457380906,51.62363799656123,0.9255059391112953
56587_mask.png,11,1558.0,145.53910524340094,1.1867184214796835,48.507731342539614,0.9243105629522809
56587_mask.png,12,1770.0,155.78174593052023,1.1647124657740988,51.07837115648854,0.9165369888951498
56587_mask.png,13,1691.0,152.12489168102783,1.1423044934907556,49.09175083453431,0.9182330231963758
56587_mask.png,14,1981.0,165.1959594928933,1.1235184612055706,53.46026561849464,0.9122114056251388
56587_mask.png,15,1797.0,155.78174593052023,1.039632599004372,48.60041152089147,0.9305180616071097
56587_mask.png,16,1556.0,145.53910524340094,1.1101214889765887,47.07440918375928,0.923124028211649
56587_mask.png,17,2331.0,178.2670273047588,1.1336218548699435,58.180752831155424,0.9217435189273313
56587_mask.png,18,1821.0,157.53910524340094,1.0456385940218298,49.20365840057018,0.9220257727570301
