image,label,area,perimeter,aspect_ratio,max_diameter,circularity
56588_mask.png,1,1647.0,148.95331880577402,1.0880548930612421,47.43416490252569,0.932831268006427
56588_mask.png,2,1552.0,145.29646455628165,1.1643264344019286,47.70744176750625,0.9238287788454069
56588_mask.png,3,2381.0,180.26702730475878,1.027625859822153,55.54277630799526,0.9207392676473035
56588_mask.png,4,2153.0,170.95331880577402,1.080242605699183,55.154328932550705,0.9257608720101711
56588_mask.png,5,1815.0,156.12489168102786,1.02055858745128,49.39635614091387,0.9357119873953843
56588_mask.png,6,1996.0,164.02438661763952,1.0273867764341869,50.92150822589606,0.93229543193219
56588_mask.png,7,1390.0,137.88225099390857,1.0757064178145397,43.60045871318328,0.9187723874775178
56588_mask.png,8,1962.0,163.4386001800126,1.0855092725073283,51.78802950489621,0.9229955327783316
56588_mask.png,9,1893.0,159.78174593052023,1.0186695682121534,49.64876634922564,0.931764485686958
56588_mask.png,10,2793.0,195.09545442950497,1.0886571763097361,61.91122676865643,0.9221179967791804
56588_mask.png,11,1405.0,137.39696961967,1.1040760123942597,45.0,0.9352589651068186
56588_mask.png,12,2942.0,200.2670273047588,1.1222065885923136,65.21502894272147,0.921793475234352
56588_mask.png,13,1965.0,165.19595949289334,1.089124344029262,52.15361924162119,0.9048437213798066
56588_mask.png,14,1781.0,155.78174593052023,1.0179701422349199,48.507731342539614,0.9222329814815039
56588_mask.png,15,2391.0,181.33809511662426,1.1661167999092745,59.405386961116584,0.9137162348119067
56588_mask.png,16,2113.0,169.53910524340094,1.0575516978905015,53.85164807134504,0.92378219517133
56588_mask.png,17,1637.0,148.95331880577402,1.1225742158749619,49.040799340956916,0.9271674473142203
56588_mask.png,18,1551.0,145.0538238691624,1.0103198826358286,44.82186966202994,0.926324813673421
56588_mask.png,19,1498.0,142.71067811865476,1.0659906463148576,45.27692569068709,0.9242910288858232
56588_mask.png,20,1634.0,149.78174593052023,1.0492653915603334,46.84015371452148,0.915259275737887
56588_mask.png,21,1461.0,140.46803743153546,1.0134041878516977,43.60045871318328,0.9304757319585161
56588_mask.png,22,2510.0,185.68124086713186,1.0485625868148816,58.25804665451803,0.9148450151120959
56588_mask.png,23,2165.0,170.8528137423857,1.0351632482331015,53.36665625650534,0.9320162697773303
