image,label,area,perimeter,aspect_ratio,max_diameter,circularity
56582_mask.png,1,1375.0,136.22539674441617,1.1194168819703743,44.64302857109943,0.9311001558547459
56582_mask.png,2,1560.0,145.53910524340094,1.0323385178423312,45.35416188179427,0.9254970976929128
56582_mask.png,3,1886.0,159.19595949289334,1.0162913785319085,49.39635614091387,0.9351633342857122
56582_mask.png,4,1669.0,149.53910524340094,1.0436094942595595,47.16990566028302,0.9379002361414566
56582_mask.png,5,2116.0,169.6812408671319,1.0635586853518162,53.33854141237835,0.9235445810648785
56582_mask.png,6,1861.0,160.53910524340094,1.0312524917830717,50.60632371551998,0.9073911953816581
56582_mask.png,7,2064.0,168.8528137423857,1.0167821809403708,52.20153254455275,0.90970996675655
56582_mask.png,8,1890.0,160.12489168102786,1.0727902468735222,50.695167422546305,0.9263049188901971
56582_mask.png,9,1175.0,126.22539674441617,1.2427381634121948,43.174066289845804,0.9267321757235125
56582_mask.png,10,2388.0,180.50966799187808,1.0243682271849757,55.569775957799216,0.9209652669523033
56582_mask.png,11,2099.0,168.61017305526642,1.0512724952156718,52.839379254491625,0.9278008249512395
56582_mask.png,12,1385.0,136.46803743153546,1.044729473676959,43.01162633521314,0.934539679046267
56582_mask.png,13,1758.0,154.12489168102783,1.0882292071211495,49.09175083453431,0.930000465632252
56582_mask.png,14,1513.0,142.71067811865476,1.0075222015196699,43.965895873961216,0.9335462795088454
56582_mask.png,15,2102.0,168.95331880577402,1.0290954326947706,52.80151512977634,0.9253565882363328
56582_mask.png,16,2273.0,175.09545442950497,1.1007334143973582,56.32051136131489,0.9316645188810898
56582_mask.png,17,1684.0,150.95331880577402,1.0989838078310457,48.507731342539614,0.9286811270544391
56582_mask.png,18,2139.0,173.6812408671319,1.1555251350586857,56.568542494923804,0.8910761546672347
56582_mask.png,19,1387.0,137.88225099390854,1.0711279253022101,43.68065933568311,0.9167894254901567
56582_mask.png,20,1370.0,136.46803743153544,1.048294787049614,42.7551166528639,0.9244183106811453
56582_mask.png,21,1978.0,164.36753236814712,1.1310276266522146,52.952809179494906,0.9200344318382536
56582_mask.png,22,1857.0,159.53910524340094,1.0634708787093083,50.53711507397311,0.916827146038205
