image,label,area,perimeter,aspect_ratio,max_diameter,circularity
56583_mask.png,1,1528.0,144.36753236814712,1.1418021203341433,46.61544808322666,0.9212853214128494
56583_mask.png,2,2203.0,172.95331880577402,1.0190425323798853,53.907327887774215,0.9254789835710633
56583_mask.png,3,2267.0,175.6812408671319,1.0328144078805943,55.036351623268054,0.923018920693717
56583_mask.png,4,1953.0,163.78174593052023,1.1118626455260245,52.55473337388365,0.9149157722214526
56583_mask.png,5,1918.0,161.53910524340094,1.0618231622595926,51.088159097779204,0.9236408256387535
56583_mask.png,6,2853.0,201.23759005323592,1.3438692084018873,69.65629906907199,0.8853060257412283
56583_mask.png,7,2212.0,174.36753236814712,1.2149404350504296,57.9396237474839,0.9142474204516134
56583_mask.png,8,1676.0,150.95331880577405,1.042738446757009,47.75981574503821,0.9242693402275768
56583_mask.png,9,2646.0,191.3380951166243,1.0342480405679149,59.23681287847955,0.9082320260041218
56583_mask.png,10,2696.0,191.92388155425118,1.1190579571505188,62.03224967708329,0.9197540631279135
56583_mask.png,11,1953.0,162.36753236814712,1.0884829196128485,51.78802950489621,0.9309229273330683
56583_mask.png,12,1932.0,162.61017305526642,1.218659049599424,54.405882034941776,0.9181667514455341
56583_mask.png,13,1887.0,160.36753236814712,1.0717400162677995,50.32891812864648,0.9220381081460507
56583_mask.png,14,1243.0,128.81118318204307,1.04113557230225,40.496913462633174,0.9413992626937571
56583_mask.png,15,1745.0,153.78174593052023,1.0467852329173541,48.104053883222775,0.9272476061017106
56583_mask.png,16,1690.0,150.71067811865476,1.0052059139589482,46.61544808322666,0.9349933472649895
56583_mask.png,17,1881.0,160.12489168102786,1.0576181799558269,50.60632371551998,0.9218939430859581
56583_mask.png,18,1542.0,143.63961030678928,1.0283053468699395,45.0,0.9391734381683106
