image,label,area,perimeter,aspect_ratio,max_diameter,circularity
56586_mask.png,1,1656.0,149.29646455628165,1.0670015314118786,47.53945729601885,0.9336221561396476
56586_mask.png,2,2467.0,183.4386001800126,1.0472955967661488,58.137767414994535,0.9212925478267049
56586_mask.png,3,1642.0,148.71067811865476,1.0832389337416957,47.16990566028302,0.933036661762799
56586_mask.png,4,1626.0,148.71067811865476,1.0484823972481252,46.647615158762406,0.9239449525129788
56586_mask.png,5,1631.0,154.8111831820431,1.171676964314143,50.44799302251776,0.855183209350197
56586_mask.png,6,2494.0,183.92388155425118,1.0514859959613598,57.97413216254298,0.9264672366140303
56586_mask.png,7,1978.0,173.1959594928933,1.430297836905582,61.032778078668514,0.8286299742392322
56586_mask.png,8,2315.0,179.92388155425118,1.024320619903693,55.78530272392541,0.8986348065448343
56586_mask.png,9,1895.0,160.36753236814712,1.1135947742778605,51.31276644267,0.9259471197333154
56586_mask.png,10,1947.0,162.36753236814712,1.1691782690245411,54.20332093147061,0.9280629490616917
56586_mask.png,11,1668.0,151.5391052434009,1.1249433663373898,48.76474136094644,0.9127597338125345
56586_mask.png,12,1964.0,163.78174593052023,1.1221311770829785,52.23983154643591,0.9200689076512713
56586_mask.png,13,2015.0,166.61017305526642,1.0466212358140454,51.419840528729765,0.9121828095744
56586_mask.png,14,1912.0,160.95331880577402,1.017863930762091,50.0,0.9274657478796662
56586_mask.png,15,1681.0,151.53910524340094,1.104801695720734,48.91829923454004,0.9198735686683872
56586_mask.png,16,2424.0,181.92388155425118,1.1273518749916582,58.82176467941097,0.9203712676133827
