image,label,area,perimeter,aspect_ratio,max_diameter,circularity
56592_mask.png,1,2186.0,174.16652224137044,1.1775196761225233,58.54912467321779,0.9055880057427457
56592_mask.png,2,2083.0,167.78174593052023,1.066806306777116,53.600373133029585,0.929843191223605
56592_mask.png,3,1760.0,155.19595949289334,1.062123599586272,49.040799340956916,0.9182516371071016
56592_mask.png,4,1438.0,141.0538238691624,1.1241100268572162,45.803929962395145,0.9082366478405174
56592_mask.png,5,2077.0,171.88225099390854,1.155840812719536,57.688820407423826,0.883454719845212
56592_mask.png,6,1271.0,130.46803743153546,1.0149126650858913,40.44749683231337,0.9383117514454882
56592_mask.png,7,1955.0,165.92388155425118,1.2667995612118967,55.226805085936306,0.8923573970689692
56592_mask.png,8,2150.0,172.0243866176395,1.0453286678802194,53.75872022286245,0.9129947663614602
56592_mask.png,9,1576.0,147.0538238691624,1.1938659203060062,49.39635614091387,0.9158269790241014
56592_mask.png,10,1928.0,167.3380951166243,1.148090169455498,57.56735185849702,0.8652213984438253
56592_mask.png,11,1761.0,162.75230867899737,1.4126892558397364,58.215118311311535,0.8354393061146963
56592_mask.png,12,2042.0,172.2670273047588,1.3221631823367699,59.665735560705194,0.8646916852047264
56592_mask.png,13,2611.0,191.58073580374355,1.1824185400709661,63.28506932918696,0.8939496568417504
56592_mask.png,14,1683.0,153.88225099390854,1.3509485645456818,54.3415126767741,0.8931346095582484
56592_mask.png,15,2273.0,178.16652224137047,1.1731729046797346,57.706152185014034,0.8998230091175035
56592_mask.png,16,1901.0,163.6812408671319,1.2144206229708432,53.85164807134504,0.8916494855908297
56592_mask.png,17,1525.0,144.22539674441617,1.1806511418181131,48.16637831516918,0.9212897154538261
56592_mask.png,18,1559.0,146.71067811865476,1.1766064992775898,48.83646178829912,0.9101909861553059
56592_mask.png,19,1659.0,156.22539674441617,1.3181197913984644,53.600373133029585,0.8541870392956525
56592_mask.png,20,2200.0,173.78174593052023,1.0558411946095358,54.56189146281496,0.9154280856210149
56592_mask.png,21,2439.0,182.75230867899737,1.1285065979085116,58.52349955359813,0.9176898330978837
56592_mask.png,22,1608.0,146.71067811865476,1.0529341916602606,46.61544808322666,0.9387986566630737
56592_mask.png,23,1827.0,156.95331880577402,1.0591897484744608,49.76946855251722,0.931981742546684
