image,label,area,perimeter,aspect_ratio,max_diameter,circularity
60692_mask.png,1,2593.0,186.8528137423857,1.0218801418028858,58.180752831155424,0.9332824444394845
60692_mask.png,2,1795.0,156.36753236814712,1.0370788921397665,48.41487374764082,0.922531388546536
60692_mask.png,3,1914.0,164.2670273047588,1.3136725224163532,55.00909015790027,0.8913556089115168
60692_mask.png,4,1837.0,166.02438661763952,1.6191063787991047,60.40695324215582,0.8374815564963013
60692_mask.png,5,1831.0,163.78174593052023,1.2907993958849302,55.80322571321482,0.8577628156361903
60692_mask.png,6,2174.0,171.53910524340094,1.1298216817645368,56.938563381947034,0.9284170828853114
60692_mask.png,7,2014.0,165.19595949289334,1.0854987717759799,52.69724850502159,0.9274072543811351
60692_mask.png,8,1793.0,157.0538238691624,1.2247362770490628,52.81098370604357,0.9134675495497129
60692_mask.png,9,2234.0,173.43860018001263,1.0482963215205094,54.70831746635972,0.9332575529946303
60692_mask.png,10,2254.0,176.99494936611666,1.2615846058804503,59.682493245507096,0.90415320946348
60692_mask.png,11,2362.0,179.6812408671319,1.1175258497367593,57.97413216254298,0.9193571987309441
60692_mask.png,12,2644.0,192.40916292848974,1.2593040901944719,66.09841147864296,0.89746974006668
60692_mask.png,13,2035.0,171.095454429505,1.3550690793673892,59.682493245507096,0.8735692421704565
60692_mask.png,14,2104.0,171.43860018001263,1.1203907005853115,54.817880294662984,0.8995770673332265
60692_mask.png,15,2057.0,168.61017305526642,1.0392007350021326,52.43090691567332,0.9092359680441637
60692_mask.png,16,1507.0,144.36753236814712,1.230975197029138,48.25971404805462,0.9086236775976204
60692_mask.png,17,1861.0,161.6812408671319,1.3482374119071516,55.60575509783138,0.8946166359533011
60692_mask.png,18,1732.0,156.12489168102783,1.2872088983846062,54.589376255824725,0.8929218524346041
60692_mask.png,19,1467.0,140.46803743153546,1.1633425410218627,47.01063709417264,0.934296987531241
