image,label,area,perimeter,aspect_ratio,max_diameter,circularity
62481_mask.png,1,1396.0,136.22539674441617,1.041025943803011,43.266615305567875,0.9453205945987094
62481_mask.png,2,1550.0,143.29646455628165,1.0997518694756498,46.8187996428785,0.9485726774974287
62481_mask.png,3,1861.0,159.78174593052023,1.0891186790863,51.31276644267,0.9160135804878125
62481_mask.png,4,2747.0,194.26702730475878,1.1337274909475428,63.631753079732135,0.9146824244525794
62481_mask.png,5,2164.0,172.85281374238568,1.215841689955501,58.66856057549052,0.9101525987670699
62481_mask.png,6,1717.0,152.71067811865476,1.005009318793956,47.20169488482379,0.9252121937088836
62481_mask.png,7,1572.0,146.95331880577402,1.148135989179906,47.853944456021594,0.914752507001812
62481_mask.png,8,1730.0,152.95331880577402,1.0733949999432963,48.373546489791295,0.9292619560664563
62481_mask.png,9,1486.0,143.53910524340097,1.1201081138737785,45.880278987817846,0.9063338574659628
62481_mask.png,10,2062.0,166.61017305526642,1.0385431615820255,52.69724850502159,0.9334595301947458
62481_mask.png,11,1856.0,159.53910524340097,1.0229342510114745,49.040799340956916,0.9163334319046356
62481_mask.png,12,1846.0,158.36753236814712,1.092425361042445,50.695167422546305,0.9249308418221267
62481_mask.png,13,1794.0,156.61017305526642,1.1077093203292783,50.21951811795888,0.9191626399346572
62481_mask.png,14,1655.0,151.5391052434009,1.1016424913123284,48.27007354458868,0.9056458989566815
62481_mask.png,15,2215.0,174.26702730475878,1.0917158403240128,55.47071299343465,0.9165436411662604
62481_mask.png,16,1830.0,158.6101730552664,1.1299042177883967,51.07837115648854,0.9141108752487136
62481_mask.png,17,1540.0,144.12489168102783,1.0593686614136106,45.70557952810576,0.9316495897323354
62481_mask.png,18,1340.0,136.12489168102786,1.1266536331093873,44.384682042344295,0.9087398393288316
62481_mask.png,19,2361.0,179.6812408671319,1.0640678433857544,56.568542494923804,0.9189679704503636
62481_mask.png,20,2052.0,166.36753236814712,1.0741893748306317,53.600373133029585,0.9316441695943488
62481_mask.png,21,1906.0,161.19595949289334,1.1265020909494055,52.20153254455275,0.9217740062734356
62481_mask.png,22,1687.0,152.71067811865476,1.1569695996768905,50.47771785649585,0.9090465758805398
62481_mask.png,23,2199.0,172.61017305526642,1.0626357380323985,54.589376255824725,0.9274752250150682
62481_mask.png,24,1790.0,156.95331880577402,1.2574198535559764,52.92447448959697,0.9131074543834508
