image,label,area,perimeter,aspect_ratio,max_diameter,circularity
61200_mask.png,1,2405.0,181.19595949289334,1.0322050619488754,56.85068161420758,0.9205087616426625
61200_mask.png,2,1536.0,144.12489168102786,1.0329351458748406,44.91102314577124,0.9292297206680951
61200_mask.png,3,2082.0,177.095454429505,1.105602761331352,55.14526271584895,0.834210709379253
61200_mask.png,4,1726.0,152.4680374315355,1.0601632013489344,48.33218389437829,0.9330244727361612
61200_mask.png,5,2329.0,176.8528137423857,1.0259406014819927,55.21775076911409,0.9357404529053481
61200_mask.png,6,1556.0,146.22539674441617,1.2228216663145635,48.05205510693585,0.9144792170492194
61200_mask.png,7,2229.0,177.36753236814712,1.173024844903823,58.008620049092706,0.8903723907407882
61200_mask.png,8,1851.0,160.71067811865476,1.0554570438537851,50.11985634456667,0.9005893680459697
61200_mask.png,9,1924.0,167.43860018001257,1.0323034020530086,51.40038910358559,0.862390100631555
61200_mask.png,10,2038.0,168.36753236814715,1.0932132982411626,53.23532661682466,0.9034359121307336
61200_mask.png,11,2000.0,184.12489168102783,2.0262421949864446,72.83543093852057,0.7413355912948271
61200_mask.png,12,1525.0,144.46803743153546,1.0457354286911285,45.31004303683677,0.9181976177311827
