image,label,area,perimeter,aspect_ratio,max_diameter,circularity
61455_mask.png,1,1725.0,152.95331880577402,1.0746306217320727,48.54894437575342,0.9265762278697324
61455_mask.png,2,2373.0,180.61017305526642,1.0330006656956348,56.08029957123981,0.9141620425433217
61455_mask.png,3,1590.0,147.88225099390854,1.1427833956838875,47.70744176750625,0.9136395330931423
61455_mask.png,4,1857.0,158.12489168102783,1.1130419364083912,51.31276644267,0.9333000427560308
61455_mask.png,5,2703.0,218.99494936611666,2.156642908222545,84.8528137423857,0.7082518406920669
61455_mask.png,6,2110.0,170.8528137423857,1.087482862358399,53.71219600798314,0.9083391820924558
61455_mask.png,7,1696.0,151.19595949289334,1.0273141077930827,47.07440918375928,0.9322992635626203
61455_mask.png,8,1725.0,155.36753236814715,1.1227593573321704,50.0,0.8980043227533987
61455_mask.png,9,1918.0,162.36753236814712,1.1580138177543535,52.88667128870941,0.9142397207500382
61455_mask.png,10,1758.0,156.12489168102783,1.2169302246276656,52.55473337388365,0.9063259910970172
61455_mask.png,11,1705.0,152.12489168102783,1.0606358693081226,47.80167361086848,0.9258351889709171
61455_mask.png,12,2187.0,173.095454429505,1.04810721417555,54.405882034941776,0.9172491554955058
61455_mask.png,13,1919.0,163.6812408671319,1.0500826061937119,50.35871324805669,0.9000922476847987
61455_mask.png,14,1798.0,156.36753236814715,1.11169963706075,50.60632371551998,0.924073223736307
61455_mask.png,15,1902.0,162.2670273047588,1.0998108371478335,51.62363799656123,0.9077365371429288
61455_mask.png,16,1925.0,160.61017305526642,1.0967431855118555,51.61395160225576,0.9377660324623314
61455_mask.png,17,2111.0,170.02438661763952,1.0664377360318011,53.600373133029585,0.9176470310279559
61455_mask.png,18,1941.0,164.46803743153546,1.108781815931555,52.20153254455275,0.9017214053656684
61455_mask.png,19,2263.0,200.61017305526642,1.5830676133056294,70.00714249274856,0.7066242098747898
61455_mask.png,20,1588.0,147.29646455628165,1.1101871131680867,47.29693436154187,0.9197625369417153
61455_mask.png,21,1866.0,159.19595949289334,1.063870837994114,50.00999900019995,0.9252464378457789
61455_mask.png,22,1632.0,151.05382386916236,1.1496497774261796,49.040799340956916,0.8988072584066223
61455_mask.png,23,1858.0,159.095454429505,1.10701225968399,52.61178575186362,0.9224440433904516
61455_mask.png,24,1631.0,151.88225099390854,1.2278689782974865,51.088159097779204,0.8884843347528485
