image,label,area,perimeter,aspect_ratio,max_diameter,circularity
63498_mask.png,1,849.0,131.1126983722081,2.3164790818109604,48.27007354458868,0.6206232528844375
63498_mask.png,2,1615.0,147.53910524340094,1.0700035085384505,46.69047011971501,0.9323266533776791
63498_mask.png,3,1287.0,131.63961030678928,1.0762155077986386,42.20189569201838,0.9332870397485948
63498_mask.png,4,1423.0,137.53910524340094,1.068914969278378,44.64302857109943,0.9452841471922985
63498_mask.png,5,1626.0,150.36753236814712,1.291298450951129,51.478150704935004,0.9036957916164285
63498_mask.png,6,1096.0,120.56854249492379,1.038162305173884,38.07886552931954,0.9474414835451449
63498_mask.png,7,1835.0,158.95331880577405,1.1768533189943222,52.20153254455275,0.9126551998721889
63498_mask.png,8,1490.0,141.63961030678928,1.0533859589015788,45.0,0.9333116480546328
63498_mask.png,9,1533.0,143.63961030678928,1.0311839449778397,44.82186966202994,0.9336918811361997
63498_mask.png,10,1770.0,154.71067811865476,1.0569466809067813,48.877397639399746,0.9292713568074831
63498_mask.png,11,1860.0,159.4386001800126,1.0494985748100847,50.44799302251776,0.9194663984881443
63498_mask.png,12,2106.0,169.78174593052026,1.1351901575122063,54.78138369920935,0.9180920786734806
63498_mask.png,13,1402.0,138.46803743153546,1.0385349428568844,43.41658669218482,0.9188800108211755
63498_mask.png,14,1846.0,161.19595949289334,1.2344875981036594,54.42425929675111,0.8927569861389097
63498_mask.png,15,1832.0,157.4386001800126,1.0575534391454868,50.00999900019995,0.9287800835270446
63498_mask.png,16,1903.0,161.78174593052023,1.095537037077264,50.80354318352215,0.9136705283238663
63498_mask.png,17,1991.0,166.26702730475878,1.064402264706833,52.81098370604357,0.9050422626554152
63498_mask.png,18,1968.0,163.43860018001263,1.0603604454366262,51.92301994298868,0.925818149086522
63498_mask.png,19,1496.0,141.88225099390857,1.0899154842260008,44.91102314577124,0.9338676202466183
63498_mask.png,20,1385.0,136.46803743153546,1.1378619942892263,44.68780594300866,0.934539679046267
63498_mask.png,21,1793.0,156.95331880577405,1.2562759432961517,53.71219600798314,0.9146378020723613
63498_mask.png,22,1616.0,148.12489168102786,1.160822349752476,49.64876634922564,0.9255398637865404
63498_mask.png,23,1693.0,152.36753236814712,1.1363584352383378,49.24428900898052,0.9163934026778544
