image,label,area,perimeter,aspect_ratio,max_diameter,circularity
63504_mask.png,1,2225.0,174.61017305526642,1.0674202592107336,55.44366510251645,0.9170664253340042
63504_mask.png,2,2192.0,173.43860018001263,1.092762595553178,55.78530272392541,0.91571197679688
63504_mask.png,3,2135.0,171.43860018001263,1.1308158532259924,54.74486277268398,0.912831292184619
63504_mask.png,4,2160.0,171.7817459305202,1.127477403820014,55.54277630799526,0.9198342792235897
63504_mask.png,5,1832.0,157.53910524340094,1.0416049079794427,49.4064773081425,0.9275953957665454
63504_mask.png,6,1698.0,150.95331880577405,1.0451244063737337,47.885279575251516,0.9364017540014472
63504_mask.png,7,1646.0,149.29646455628165,1.1421224525398492,49.20365840057018,0.9279843411871136
63504_mask.png,8,1539.0,144.71067811865476,1.1030051058707135,46.32493928760188,0.9235221721788962
63504_mask.png,9,1138.0,123.88225099390857,1.106977122359018,39.293765408777,0.9318241244769379
63504_mask.png,10,1312.0,135.53910524340094,1.2857082652556973,45.70557952810576,0.8974586967103815
63504_mask.png,11,1548.0,146.53910524340094,1.0622704213365448,45.35416188179427,0.9058864204545856
63504_mask.png,12,2143.0,175.68124086713192,1.1966026434310213,57.8013840664737,0.8725317807881054
63504_mask.png,13,1969.0,164.61017305526642,1.0868635152924822,52.49761899362675,0.9131502391231734
63504_mask.png,14,1674.0,153.1959594928933,1.2519836495349508,51.61395160225576,0.8963357028987428
63504_mask.png,15,1767.0,155.78174593052023,1.2307275708132441,53.23532661682466,0.9149835363715987
