image,label,area,perimeter,aspect_ratio,max_diameter,circularity
63506_mask.png,1,2126.0,170.02438661763952,1.0534834776066415,53.600373133029585,0.9241674978519347
63506_mask.png,2,2389.0,180.85281374238568,1.1485249038916783,59.20304046246274,0.9178579497929243
63506_mask.png,3,2079.0,169.1959594928933,1.0161627708950414,52.20153254455275,0.9126082240902414
63506_mask.png,4,1616.0,147.63961030678928,1.1265145143117556,47.53945729601885,0.9316342366224515
63506_mask.png,5,1727.0,154.12489168102783,1.206318400329248,51.73973328110612,0.9136011400153012
63506_mask.png,6,1596.0,148.02438661763952,1.0922231586126097,48.25971404805462,0.9153268683877321
63506_mask.png,7,2045.0,168.02438661763952,1.1547002601461216,54.817880294662984,0.9102454967846018
63506_mask.png,8,2380.0,179.43860018001263,1.033475018148062,55.94640292279746,0.9288702979273215
63506_mask.png,9,1861.0,159.88225099390857,1.0670412435556482,50.99019513592785,0.9148622948911143
63506_mask.png,10,1794.0,155.5391052434009,1.1214221999499918,50.44799302251776,0.9318652355989476
63506_mask.png,11,1830.0,157.19595949289334,1.0406599966528116,49.24428900898052,0.9306324589538056
63506_mask.png,12,1556.0,154.95331880577405,1.086133076154643,46.22769732530488,0.814362359111326
63506_mask.png,13,1757.0,155.8822509939086,1.149242570427969,51.73973328110612,0.9086325456974054
63506_mask.png,14,2478.0,183.33809511662426,1.0558527319982949,57.38466694161429,0.9264153377468881
