image,label,area,perimeter,aspect_ratio,max_diameter,circularity
63508_mask.png,1,1186.0,125.9827560572969,1.0671288086370398,39.84971769034255,0.9390145964041876
63508_mask.png,2,1892.0,160.02438661763952,1.0462511883953338,50.44799302251776,0.9284502846227841
63508_mask.png,3,2066.0,168.36753236814715,1.0506636375515075,52.630789467763066,0.9158481817772793
63508_mask.png,4,1536.0,144.46803743153546,1.0783383074986952,46.400431032480725,0.9248206825148174
63508_mask.png,5,2187.0,173.43860018001263,1.1053723256434163,55.44366510251645,0.9136232177257193
63508_mask.png,6,1530.0,143.05382386916236,1.0771943203748198,45.60701700396552,0.9395120456059907
63508_mask.png,7,1690.0,152.36753236814712,1.1815322997180324,50.0,0.9147695514031742
63508_mask.png,8,1446.0,139.63961030678928,1.0912397775025984,44.82186966202994,0.9318819518910432
63508_mask.png,9,1721.0,154.12489168102783,1.1854707621799792,50.96076922496363,0.9104270769926655
63508_mask.png,10,2155.0,171.4386001800126,1.0841622712901868,54.57105459856901,0.9213824049919693
63508_mask.png,11,1438.0,139.63961030678925,1.0300441421876387,43.56604182158393,0.9267263117699314
63508_mask.png,12,1655.0,150.12489168102783,1.0957025409675283,47.80167361086848,0.9227890830763205
63508_mask.png,13,1627.0,146.95331880577405,1.1239670227537661,48.507731342539614,0.9467572066742668
63508_mask.png,14,1542.0,146.46803743153546,1.1294595319420138,46.32493928760188,0.903251128880112
63508_mask.png,15,1658.0,151.29646455628165,1.1169768647203473,48.02082881417188,0.9101999993093499
63508_mask.png,16,1268.0,130.81118318204307,1.0675036779944813,41.617304093369626,0.9311922864995589
63508_mask.png,17,1418.0,139.29646455628165,1.1569644335353342,45.803929962395145,0.9183450874661521
63508_mask.png,18,2253.0,175.4386001800126,1.1199627149125395,56.089214649520635,0.9198579132979755
63508_mask.png,19,1608.0,148.12489168102786,1.0146393931534146,45.69463863518345,0.9209579832727457
63508_mask.png,20,2299.0,178.02438661763952,1.1403883062399192,57.48912940721924,0.9115696119443545
63508_mask.png,21,1679.0,152.36753236814715,1.1164002105336992,48.27007354458868,0.90881543006268
63508_mask.png,22,1840.0,158.95331880577407,1.0226143701219093,49.040799340956916,0.9151419987819222
63508_mask.png,23,1489.0,142.71067811865476,1.0360985594063097,44.40720662234904,0.9187378785120098
