image,label,area,perimeter,aspect_ratio,max_diameter,circularity
63501_mask.png,1,1291.0,132.8111831820431,1.1107238814077185,42.20189569201838,0.919743685389069
63501_mask.png,2,2350.0,178.61017305526642,1.1510044082515236,58.249463516842795,0.9256895131597569
63501_mask.png,3,2018.0,165.78174593052023,1.1243404387175349,54.037024344425184,0.9226938113261034
63501_mask.png,4,1736.0,153.29646455628168,1.109427756829758,49.64876634922564,0.9283148696772505
63501_mask.png,5,1744.0,154.46803743153546,1.1434333931939542,51.22499389946279,0.918499844613089
63501_mask.png,6,1529.0,144.46803743153546,1.1644386221508147,46.87216658103186,0.9206060049252318
63501_mask.png,7,1641.0,150.71067811865476,1.1511237791848128,48.91829923454004,0.9078840726993183
63501_mask.png,8,1676.0,150.12489168102783,1.0680498056566734,47.53945729601885,0.9344981892664127
63501_mask.png,9,2578.0,187.92388155425118,1.1319206748336328,60.67124524847005,0.9173368266199907
63501_mask.png,10,1818.0,158.36753236814715,1.1216762301491616,50.635955604688654,0.9109015549472514
63501_mask.png,11,1580.0,147.29646455628168,1.0770527667923275,47.01063709417264,0.9151289725238726
63501_mask.png,12,1557.0,146.12489168102783,1.076849939394129,46.400431032480725,0.9163261321330965
63501_mask.png,13,2056.0,166.12489168102783,1.021254965736135,52.009614495783374,0.9361890405886393
63501_mask.png,14,1779.0,155.29646455628165,1.0449320113194387,48.91829923454004,0.9269635870107554
63501_mask.png,15,1960.0,162.36753236814715,1.094811784610904,52.172789842982326,0.934259568649674
63501_mask.png,16,1618.0,147.88225099390857,1.1417576487148182,48.82622246293481,0.929728782732518
63501_mask.png,17,1539.0,143.88225099390857,1.1078861711561672,46.87216658103186,0.9341874672614033
63501_mask.png,18,1859.0,160.02438661763952,1.1121768197997157,51.35172830587107,0.912256384309596
63501_mask.png,19,1712.0,152.95331880577402,1.104663684780998,49.4064773081425,0.9195933345582504
