image,label,area,perimeter,aspect_ratio,max_diameter,circularity
63518_mask.png,1,1460.0,141.29646455628165,1.0511404723084874,44.10215414239989,0.9189674507078985
63518_mask.png,2,1714.0,152.12489168102786,1.0822175839122465,48.104053883222775,0.9307222955402645
63518_mask.png,3,1623.0,147.88225099390857,1.0671047672872078,47.16990566028302,0.9326018630252637
63518_mask.png,4,2221.0,173.7817459305202,1.1162605072991818,56.859475903318,0.9241662628019429
63518_mask.png,5,2061.0,168.36753236814712,1.1283480838607303,54.817880294662984,0.9136317050546823
63518_mask.png,6,1965.0,164.36753236814712,1.0680281079345457,52.009614495783374,0.9139876939141398
63518_mask.png,7,1894.0,160.61017305526642,1.1126994823634806,51.97114584074513,0.9226643457057951
63518_mask.png,8,1916.0,160.71067811865476,1.0364997442627824,50.774009099144415,0.9322146024722193
63518_mask.png,9,2166.0,171.19595949289334,1.0661275248692688,54.56189146281496,0.9287125097270839
63518_mask.png,10,2743.0,195.58073580374358,1.1730681800647533,63.245553203367585,0.9011218497492512
63518_mask.png,11,1989.0,163.19595949289334,1.0696980735458013,51.97114584074513,0.9384817748356793
63518_mask.png,12,1852.0,158.36753236814712,1.0269045012392095,50.11985634456667,0.9279371175810286
63518_mask.png,13,1832.0,158.12489168102786,1.0917986466050384,50.21951811795888,0.9207354218250123
63518_mask.png,14,1962.0,163.19595949289334,1.009895658457199,50.24937810560445,0.925742203231575
63518_mask.png,15,1733.0,154.12489168102786,1.042436741915459,47.80167361086848,0.9167752030379365
63518_mask.png,16,1457.0,140.46803743153546,1.1866418786075958,46.8187996428785,0.9279282282433663
63518_mask.png,17,2729.0,194.7523086789974,1.1514918742595883,63.245553203367585,0.9041659966456668
63518_mask.png,18,1770.0,154.61017305526642,1.1369606767091016,50.566787519082126,0.9304799038413825
63518_mask.png,19,2691.0,191.92388155425118,1.1521310025222444,62.6418390534633,0.9180482877882846
63518_mask.png,20,1986.0,165.6812408671319,1.1656624929240227,53.600373133029585,0.9091644194977573
63518_mask.png,21,1769.0,155.78174593052023,1.0965493422692785,49.64876634922564,0.9160191713872994
63518_mask.png,22,1821.0,156.71067811865476,1.0867789894880828,50.24937810560445,0.9317998367530389
63518_mask.png,23,1499.0,141.88225099390854,1.1111026485053723,46.04345773288535,0.935740349431605
