image,label,area,perimeter,aspect_ratio,max_diameter,circularity
63510_mask.png,1,1256.0,130.22539674441617,1.170923342607282,43.657759905886145,0.9306965948731042
63510_mask.png,2,1629.0,149.53910524340094,1.0333261519164598,46.61544808322666,0.9154220998648488
63510_mask.png,3,2335.0,177.78174593052026,1.0514240827062613,56.639209034025185,0.9283728155933075
63510_mask.png,4,1754.0,154.36753236814715,1.0601596239763869,49.24428900898052,0.9249697489192983
63510_mask.png,5,1703.0,151.78174593052023,1.0754694959812825,48.104053883222775,0.9289352081445095
63510_mask.png,6,1715.0,153.29646455628165,1.117219685029995,49.678969393496885,0.9170852543182518
63510_mask.png,7,1338.0,133.88225099390857,1.09441737507826,42.720018726587654,0.9380369937536146
63510_mask.png,8,1858.0,158.71067811865476,1.0814893852019973,51.088159097779204,0.9269221902909481
63510_mask.png,9,1611.0,147.29646455628165,1.0574478275219192,46.647615158762406,0.9330840346430122
63510_mask.png,10,1429.0,139.29646455628165,1.1346115118257494,45.35416188179427,0.9254690620515735
63510_mask.png,11,1988.0,164.71067811865476,1.1198579049696875,53.81449618829484,0.9208369414837635
63510_mask.png,12,1616.0,148.12489168102786,1.0637644681601235,46.57252408878007,0.9255398637865404
63510_mask.png,13,2204.0,174.2670273047588,1.1129786185773114,56.60388679233962,0.9119919571694977
63510_mask.png,14,1806.0,156.71067811865473,1.0967456216131515,49.8196748283246,0.9241243850499666
63510_mask.png,15,3059.0,206.40916292848976,1.1939016130705784,67.89698078707183,0.9022593593301634
63510_mask.png,16,1968.0,163.78174593052023,1.100227181874893,52.20153254455275,0.9219427750802962
63510_mask.png,17,2042.0,165.78174593052023,1.0896677382902034,52.81098370604357,0.9336673749890501
63510_mask.png,18,1386.0,136.81118318204307,1.0376553388571994,42.95346318982906,0.9305289660886399
63510_mask.png,19,1636.0,148.71067811865476,1.0881911526607824,47.50789408087881,0.9296272707941166
63510_mask.png,20,2174.0,171.1959594928933,1.0230046296380766,53.33854141237835,0.9321426575007761
63510_mask.png,21,1322.0,132.46803743153546,1.045745440189178,41.78516483155236,0.9467146876334006
