image,label,area,perimeter,aspect_ratio,max_diameter,circularity
63525_mask.png,1,1933.0,161.53910524340094,1.087475322974985,52.009614495783374,0.9308642940353028
63525_mask.png,2,1864.0,159.4386001800126,1.1025825641387035,51.66236541235796,0.9214437455816672
63525_mask.png,3,1933.0,161.78174593052023,1.088627515424878,52.009614495783374,0.9280741625065861
63525_mask.png,4,1693.0,151.1959594928933,1.1268797499797256,49.47726750741192,0.9306501492992433
63525_mask.png,5,1897.0,161.43860018001263,1.0659602109224877,50.44799302251776,0.9146657741793928
63525_mask.png,6,1368.0,137.05382386916236,1.0521403408577927,42.95346318982906,0.915195017891436
63525_mask.png,7,1762.0,156.71067811865473,1.0618207904548396,49.9799959983992,0.9016097267209531
63525_mask.png,8,1720.0,153.88225099390857,1.0392079943223222,47.634021455258214,0.9127697732859099
63525_mask.png,9,1999.0,165.78174593052023,1.1137356233472118,53.25410782277739,0.9140064067596039
63525_mask.png,10,1734.0,154.36753236814712,1.0750556055624112,48.662100242385755,0.9144227734470147
63525_mask.png,11,1968.0,163.53910524340094,1.1359390405890468,53.14132102234569,0.9246805518217658
63525_mask.png,12,2035.0,166.95331880577402,1.0739849772249623,53.2634959423431,0.9174537164437616
63525_mask.png,13,1403.0,137.05382386916236,1.0976710065189177,43.93176527297759,0.9386100951035706
63525_mask.png,14,1894.0,160.12489168102783,1.0733730745405965,50.32891812864648,0.9282653525809703
63525_mask.png,15,2068.0,167.19595949289334,1.1035639525531467,53.31041174104736,0.9296272434330604
63525_mask.png,16,1660.0,149.53910524340094,1.1699555201087393,49.49747468305833,0.9328426554792199
