image,label,area,perimeter,aspect_ratio,max_diameter,circularity
63524_mask.png,1,1429.0,139.88225099390854,1.0515028014548051,43.829214001622255,0.9177340980359915
63524_mask.png,2,2169.0,170.61017305526642,1.0653000207003132,54.62600113499065,0.9363960413997998
63524_mask.png,3,959.0,114.56854249492379,1.138431631977624,37.107950630558946,0.9181162937435323
63524_mask.png,4,1659.0,150.36753236814712,1.0709292562475432,47.38143096192854,0.9220364811141789
63524_mask.png,5,1754.0,153.78174593052023,1.0171601768301748,48.104053883222775,0.932029971978453
63524_mask.png,6,1573.0,151.57463914933368,1.1881792809704408,48.46648326421054,0.8603704793687394
63524_mask.png,7,1624.0,148.71067811865476,1.1682794863242196,49.09175083453431,0.9228084888567514
63524_mask.png,8,1691.0,152.12489168102786,1.1237353064962952,49.4064773081425,0.9182330231963753
63524_mask.png,9,2402.0,180.8528137423857,1.0749741744008148,56.88585061331157,0.9228525723744677
63524_mask.png,10,1380.0,135.88225099390854,1.0202413906575067,42.720018726587654,0.9392116805580849
63524_mask.png,11,1590.0,147.78174593052023,1.1409141769345017,48.08326112068523,0.9148826720671974
63524_mask.png,12,1387.0,137.63961030678928,1.208335980988756,46.52956049652737,0.920024635052118
63524_mask.png,13,2056.0,168.61017305526644,1.1457769527724728,54.3323108288245,0.9087939476416139
63524_mask.png,14,1772.0,156.12489168102786,1.116795332184655,50.93132631298737,0.9135436042229316
63524_mask.png,15,1489.0,141.29646455628165,1.024838476260233,44.294469180700204,0.9372209137699046
63524_mask.png,16,1407.0,138.8111831820431,1.210107069781645,46.238512086787566,0.9176034746319123
63524_mask.png,17,1579.0,146.46803743153546,1.0795423290926043,46.52956049652737,0.9249244698454584
63524_mask.png,18,1772.0,155.53910524340094,1.0800618810161098,49.64876634922564,0.920437679755482
63524_mask.png,19,2060.0,168.2670273047588,1.1146777107663925,54.08326913195984,0.9142796213439766
63524_mask.png,20,2010.0,165.43860018001263,1.077009385005561,52.46903848937962,0.9228523616420091
63524_mask.png,21,1735.0,153.53910524340094,1.1157759408152677,50.0,0.9248500669550551
