image,label,area,perimeter,aspect_ratio,max_diameter,circularity
63523_mask.png,1,1925.0,162.61017305526644,1.1171816974791389,53.33854141237835,0.9148400603171079
63523_mask.png,2,1536.0,144.71067811865476,1.2130792968130635,48.877397639399746,0.9217219340265006
63523_mask.png,3,1745.0,154.12489168102783,1.0777449899080507,48.662100242385755,0.9231233290832082
63523_mask.png,4,1795.0,155.29646455628165,1.0550015240576074,50.15974481593781,0.9353005276471646
63523_mask.png,5,1311.0,134.71067811865476,1.1463942555930198,43.08131845707603,0.907838321286961
63523_mask.png,6,1668.0,149.53910524340094,1.1373547610681534,49.39635614091387,0.9373382827345413
63523_mask.png,7,1763.0,154.12489168102786,1.0640600831415004,48.60041152089147,0.932645518151115
63523_mask.png,8,1749.0,153.78174593052023,1.083679324687314,48.877397639399746,0.9293731020469296
63523_mask.png,9,1809.0,156.95331880577402,1.101978818918374,50.774009099144415,0.9227996564132191
63523_mask.png,10,1884.0,161.19595949289334,1.1511445845469879,52.80151512977634,0.9111344322241095
63523_mask.png,11,1651.0,148.71067811865476,1.0340550547901532,46.647615158762406,0.9381507482158229
63523_mask.png,12,1978.0,163.88225099390857,1.0839064511555103,53.600373133029585,0.9254912352841458
63523_mask.png,13,1946.0,162.36753236814712,1.099689816799204,52.92447448959697,0.9275862860164622
63523_mask.png,14,1267.0,131.49747468305833,1.1314631111884963,41.86884283091664,0.9207710448498139
63523_mask.png,15,1777.0,154.36753236814712,1.0829030984969832,49.39635614091387,0.9370987707124251
63523_mask.png,16,1644.0,149.29646455628165,1.0346282478430906,46.75467891024384,0.9268567781966068
63523_mask.png,17,1840.0,158.36753236814712,1.0586458238613687,50.0,0.921924566063225
63523_mask.png,18,2064.0,167.78174593052023,1.0993318669620828,53.907327887774215,0.9213616642753341
63523_mask.png,19,2303.0,178.50966799187808,1.0249397502093187,55.14526271584895,0.9081975322090421
63523_mask.png,20,2584.0,187.68124086713192,1.083466709006268,60.90155991434045,0.9218508087846431
63523_mask.png,21,1705.0,152.12489168102783,1.0708733362180427,48.60041152089147,0.9258351889709171
