image,label,area,perimeter,aspect_ratio,max_diameter,circularity
63541_mask.png,1,1851.0,167.4386001800126,1.0858469945936147,51.66236541235796,0.829669478310295
63541_mask.png,2,1419.0,143.88225099390857,1.2204564392822335,49.040799340956916,0.861346339209832
63541_mask.png,3,1803.0,155.53910524340094,1.077624906022247,49.9799959983992,0.9365401448076377
63541_mask.png,4,1889.0,160.71067811865476,1.0727414366037467,51.088159097779204,0.9190779666336233
63541_mask.png,5,2129.0,173.1959594928933,1.2845723942303786,59.665735560705194,0.8918873686326216
63541_mask.png,6,1955.0,163.1959594928933,1.0355593163121655,50.80354318352215,0.9224393513342151
63541_mask.png,7,2048.0,167.4386001800126,1.0632293019818007,52.55473337388365,0.9179703358073928
63541_mask.png,8,1944.0,163.19595949289334,1.0564300414518857,51.40038910358559,0.9172491554955056
63541_mask.png,9,959.0,114.32590180780451,1.262821572649625,38.47076812334269,0.9220175753672388
63541_mask.png,10,1551.0,146.71067811865476,1.0944384511113034,46.647615158762406,0.9055203460724051
63541_mask.png,11,1564.0,159.81727983645297,1.236294899376364,49.25444142409901,0.7694832023942703
63541_mask.png,12,1924.0,176.75230867899737,1.1154357100179348,53.36665625650534,0.7738998126014892
63541_mask.png,13,948.0,122.32590180780451,1.440714145330104,42.43819034784589,0.796125159832188
