image,label,area,perimeter,aspect_ratio,max_diameter,circularity
63554_mask.png,1,1701.0,156.12489168102786,1.4328166770759614,55.31726674375732,0.8769399947986494
63554_mask.png,2,1455.0,139.63961030678928,1.0766644408828367,44.41846462902562,0.9376820470272944
63554_mask.png,3,1869.0,159.78174593052023,1.1220484062561058,51.40038910358559,0.9199513067875988
63554_mask.png,4,1544.0,145.29646455628165,1.1098460545811697,47.01063709417264,0.91906677483074
63554_mask.png,5,2591.0,187.6812408671319,1.1141796166033,60.728905802755904,0.92434808264745
63554_mask.png,6,2107.0,169.1959594928933,1.032428343641361,52.839379254491625,0.9248992439433088
63554_mask.png,7,1730.0,153.78174593052023,1.113312531464641,49.36598018878993,0.9192769963071402
63554_mask.png,8,1748.0,155.19595949289334,1.0839313957245855,49.33558553417604,0.9119908304904621
63554_mask.png,9,1781.0,156.12489168102783,1.1908622608044805,51.86520991955976,0.9181834983753059
63554_mask.png,10,1886.0,160.71067811865478,1.1208074132688688,51.54609587543949,0.9176183404293344
63554_mask.png,11,1875.0,160.36753236814712,1.051701770780207,50.32891812864648,0.9161745907651538
63554_mask.png,12,1385.0,137.05382386916236,1.1779512681898596,45.12205669071391,0.9265680553944728
63554_mask.png,13,1700.0,151.88225099390857,1.0457313512110262,48.02082881417188,0.9260719614223434
63554_mask.png,14,1389.0,137.88225099390857,1.1806842353966729,45.09988913511872,0.9181114001483972
63554_mask.png,15,1753.0,155.63961030678928,1.112828742748431,51.088159097779204,0.9093927983791252
63554_mask.png,16,1992.0,164.61017305526642,1.069277333579626,52.392747589718944,0.9238167985441144
63554_mask.png,17,1760.0,155.53910524340094,1.0578537369728165,48.41487374764082,0.9142044674772283
63554_mask.png,18,1790.0,155.5391052434009,1.063896000886562,49.39635614091387,0.9297874981728631
63554_mask.png,19,1803.0,156.36753236814712,1.0579758343368848,49.47726750741192,0.926642949052593
