image,label,area,perimeter,aspect_ratio,max_diameter,circularity
63558_mask.png,1,1877.0,160.36753236814715,1.1436712827562947,52.40229002629561,0.9171518436619697
63558_mask.png,2,1737.0,154.36753236814712,1.082539932469052,49.72926703662542,0.9160048197678574
63558_mask.png,3,1826.0,158.61017305526642,1.1746415705536146,52.61178575186362,0.9121128186907927
63558_mask.png,4,1545.0,145.63961030678925,1.113730252429938,47.01063709417264,0.915333445438515
63558_mask.png,5,1223.0,129.88225099390857,1.266091217352114,44.91102314577124,0.9110384518784954
63558_mask.png,6,2252.0,176.8528137423857,1.1155654941710453,57.201398584300364,0.9048035637367299
63558_mask.png,7,2123.0,170.0243866176395,1.1101574914636358,54.57105459856901,0.9228634044871393
63558_mask.png,8,1881.0,159.29646455628165,1.0856105312229085,50.695167422546305,0.931507562983559
63558_mask.png,9,1936.0,162.8528137423857,1.0278756247459182,50.635955604688654,0.9173280715337748
63558_mask.png,10,1687.0,151.53910524340094,1.0956123006920588,48.16637831516918,0.9231568770633963
63558_mask.png,11,2135.0,170.8528137423857,1.1224592967980984,55.31726674375732,0.9191014946764897
63558_mask.png,12,2091.0,169.6812408671319,1.0845522994188532,53.45091205957107,0.9126331375267773
63558_mask.png,13,1484.0,141.29646455628165,1.0499834613980827,44.654227123532216,0.9340737649661105
63558_mask.png,14,1791.0,155.53910524340094,1.058738404694263,49.03060268852505,0.9303069325293838
63558_mask.png,15,2427.0,184.1665222413705,1.070976193244348,57.38466694161429,0.8992040747440377
63558_mask.png,16,2007.0,166.8528137423857,1.1282898067073022,54.12947441089743,0.9059206657661193
63558_mask.png,17,1863.0,160.36753236814712,1.0443150758376627,49.8196748283246,0.9103110733842568
63558_mask.png,18,1724.0,152.95331880577405,1.0697672832673566,48.05205510693585,0.9260390822303874
63558_mask.png,19,1059.0,120.56854249492379,1.0857742051552182,39.44616584663204,0.9154566889364129
63558_mask.png,20,1862.0,158.12489168102786,1.0517052543146455,50.15974481593781,0.9358129669422343
63558_mask.png,21,1509.0,142.71067811865476,1.0329134519753878,44.598206241955516,0.9310782126760395
63558_mask.png,22,1995.0,164.36753236814715,1.008823314971042,50.80354318352215,0.9279417045082484
63558_mask.png,23,2026.0,166.61017305526642,1.1391327508112006,53.600373133029585,0.9171624675919278
63558_mask.png,24,1697.0,151.78174593052023,1.1606377951798896,50.48762224545735,0.9256623888556857
