image,label,area,perimeter,aspect_ratio,max_diameter,circularity
63551_mask.png,1,1863.0,158.95331880577405,1.0382011587125533,49.8196748283246,0.9265812737666964
63551_mask.png,2,1906.0,165.92388155425118,1.4057052736374396,56.60388679233962,0.8699914060426882
63551_mask.png,3,2020.0,165.78174593052023,1.0873869456793483,53.33854141237835,0.9236082749646822
63551_mask.png,4,1655.0,151.95331880577405,1.135349327949629,49.040799340956916,0.9007151803977705
63551_mask.png,5,1757.0,155.29646455628168,1.1173818580720647,50.47771785649585,0.9155002936356924
63551_mask.png,6,3005.0,203.58073580374355,1.1574763385863858,66.24198064671678,0.9111313310089898
63551_mask.png,7,1965.0,162.95331880577405,1.1253084855528535,53.31041174104736,0.9299208788884992
63551_mask.png,8,1455.0,139.88225099390857,1.0394761396868344,43.829214001622255,0.9344318492948683
63551_mask.png,9,1545.0,144.46803743153546,1.0594837119210807,45.31004303683677,0.9302395537014277
63551_mask.png,10,1766.0,154.4680374315355,1.106769273032296,49.64876634922564,0.9300864252217401
63551_mask.png,11,1610.0,147.88225099390857,1.1070796596772627,48.02082881417188,0.9251318542641248
63551_mask.png,12,1462.0,140.71067811865476,1.1302976808573066,45.27692569068709,0.927904166091681
63551_mask.png,13,1961.0,163.1959594928933,1.0514779310111741,51.22499389946279,0.9252703672462383
63551_mask.png,14,2036.0,166.36753236814712,1.0481651303259998,52.49761899362675,0.9243798875702213
63551_mask.png,15,1497.0,143.29646455628165,1.0980702675486773,45.803929962395145,0.9161376117507424
63551_mask.png,16,1582.0,148.36753236814712,1.134908322948553,47.634021455258214,0.9031057262066329
63551_mask.png,17,1569.0,147.05382386916236,1.1484986178453713,47.92702786528704,0.9117592195995022
63551_mask.png,18,1483.0,141.0538238691624,1.098249031820784,45.35416188179427,0.9366585179050675
63551_mask.png,19,2342.0,181.4386001800126,1.2336562486742186,61.29437168288782,0.8939997175236011
63551_mask.png,20,1608.0,147.53910524340094,1.0403640550254534,46.389654018972806,0.9282856090596335
63551_mask.png,21,1344.0,134.8111831820431,1.0706909661459387,43.32435804486894,0.9293028992483875
63551_mask.png,22,2669.0,195.82337649086284,1.1696202338303596,63.953107821277925,0.8746400673615254
