image,label,area,perimeter,aspect_ratio,max_diameter,circularity
63557_mask.png,1,1617.0,149.78174593052023,1.1936936525379587,49.09175083453431,0.9057369944113608
63557_mask.png,2,1878.0,160.12489168102786,1.0949566318005663,51.40038910358559,0.9204236178178784
63557_mask.png,3,1639.0,148.46803743153546,1.0355709811908411,47.01063709417264,0.9343785975996864
63557_mask.png,4,1697.0,152.95331880577402,1.0685074437242381,47.92702786528704,0.9115361499680789
63557_mask.png,5,1368.0,137.29646455628165,1.1067574221176764,43.46262762420146,0.911963072699473
63557_mask.png,6,1730.0,154.12489168102786,1.2232076020543405,52.630789467763066,0.9151881715266188
63557_mask.png,7,1629.0,148.71067811865476,1.1409391154373656,48.46648326421054,0.9256496479973202
63557_mask.png,8,1873.0,160.61017305526642,1.0548913023128448,50.695167422546305,0.9124341708062061
63557_mask.png,9,1883.0,160.36753236814715,1.1041247913965093,51.62363799656123,0.9200836023524182
63557_mask.png,10,2015.0,167.4386001800126,1.1473882963594697,54.405882034941776,0.9031788216073714
63557_mask.png,11,1821.0,157.29646455628165,1.0503484454080076,50.0,0.9248725439189328
63557_mask.png,12,1356.0,135.88225099390854,1.115915612046226,43.93176527297759,0.9228775643744659
63557_mask.png,13,1790.0,156.95331880577405,1.0990723831595899,50.00999900019995,0.9131074543834504
63557_mask.png,14,1559.0,147.29646455628165,1.3165145765193433,50.48762224545735,0.9029658659270366
63557_mask.png,15,1581.0,145.29646455628165,1.0804838805017596,46.84015371452148,0.9410910433985751
63557_mask.png,16,2014.0,166.0243866176395,1.0724935940798548,52.20153254455275,0.9181752067411819
63557_mask.png,17,2103.0,168.36753236814715,1.0111850567781568,52.20153254455275,0.9322501095245008
63557_mask.png,18,1629.0,148.4680374315355,1.0184046961742117,46.32493928760188,0.9286776909639345
