image,label,area,perimeter,aspect_ratio,max_diameter,circularity
63561_mask.png,1,1744.0,155.4386001800126,1.0516186500305713,48.507731342539614,0.9070653801073385
63561_mask.png,2,1528.0,144.95331880577405,1.142091443475238,47.51841748206689,0.9138541569709877
63561_mask.png,3,1266.0,130.46803743153546,1.149616312308106,42.579337712087536,0.9346205171754429
63561_mask.png,4,2023.0,165.78174593052023,1.062188725904127,52.172789842982326,0.9249799704225505
63561_mask.png,5,2016.0,166.0243866176395,1.0622617891399857,52.20153254455275,0.9190869993993163
63561_mask.png,6,1630.0,148.95331880577405,1.0823083538212337,48.08326112068523,0.9232027728296753
63561_mask.png,7,2038.0,166.6101730552664,1.1113617972259944,53.48831648126533,0.9225948217928673
63561_mask.png,8,1763.0,155.19595949289334,1.0988716020199945,49.4064773081425,0.9198168387612614
63561_mask.png,9,2128.0,169.78174593052023,1.071829421997645,54.20332093147061,0.9276827841487025
63561_mask.png,10,1630.0,148.12489168102783,1.1375672437304358,48.41487374764082,0.9335581546856816
63561_mask.png,11,1836.0,159.53910524340094,1.1615913736346055,52.630789467763066,0.9064591492332497
63561_mask.png,12,1961.0,162.61017305526642,1.1253653071046361,53.45091205957107,0.9319487575490126
63561_mask.png,13,1786.0,155.53910524340094,1.0478218001130202,48.76474136094644,0.9277097607467781
63561_mask.png,14,2306.0,177.1959594928933,1.0397924708392525,55.60575509783138,0.9229146452513479
63561_mask.png,15,2124.0,169.53910524340094,1.0384011108360058,53.907327887774215,0.9285912837406081
63561_mask.png,16,1883.0,161.43860018001263,1.0407971760327663,50.80354318352215,0.9079154732629398
63561_mask.png,17,1825.0,158.12489168102786,1.0959622350972276,51.62363799656123,0.9172173279643273
63561_mask.png,18,1341.0,133.98275605729688,1.1172894927463894,43.829214001622255,0.9387302818512381
63561_mask.png,19,1633.0,148.71067811865476,1.0415771985691717,46.647615158762406,0.9279225753097753
63561_mask.png,20,1711.0,152.22539674441617,1.0157681970318326,47.80167361086848,0.9278668187934953
63561_mask.png,21,1660.0,150.12489168102783,1.0702360059248686,47.50789408087881,0.9255769655025329
