image,label,area,perimeter,aspect_ratio,max_diameter,circularity
63575_mask.png,1,1718.0,155.4386001800126,1.2431293445656715,52.92447448959697,0.8935426164130779
63575_mask.png,2,1636.0,149.29646455628165,1.1349661489063778,48.05205510693585,0.9223465262345796
63575_mask.png,3,1610.0,147.63961030678928,1.1175964712177915,48.010415536631214,0.9281751986151899
63575_mask.png,4,1885.0,159.53910524340097,1.088247253786911,51.40038910358559,0.9306511417781455
63575_mask.png,5,1836.0,158.95331880577402,1.1226379026737612,51.86520991955976,0.9131525596541359
63575_mask.png,6,1823.0,159.78174593052023,1.2536856874370208,53.85164807134504,0.897309380563827
63575_mask.png,7,1319.0,134.46803743153546,1.1076610210898357,43.32435804486894,0.9166774053902791
63575_mask.png,8,3117.0,208.40916292848976,1.1397390910077962,66.70832032063167,0.9018058490328917
63575_mask.png,9,1601.0,148.46803743153546,1.0841588314488422,46.61544808322666,0.9127151523838303
63575_mask.png,10,1578.0,146.36753236814712,1.0126659814465224,45.39823785126467,0.9256085567462768
63575_mask.png,11,1828.0,158.36753236814712,1.1470810665643882,51.61395160225576,0.9159120145454214
63575_mask.png,12,1376.0,135.63961030678928,1.0842862583341644,43.174066289845804,0.9398428269680952
63575_mask.png,13,1380.0,135.88225099390854,1.034806116457738,42.20189569201838,0.9392116805580849
63575_mask.png,14,2992.0,204.30865786510142,1.2268316555600962,67.20119046564577,0.9007368105743273
63575_mask.png,15,1382.0,137.05382386916236,1.099645702673633,43.60045871318328,0.9245610487762899
63575_mask.png,16,1541.0,144.46803743153546,1.0578274104717573,45.69463863518345,0.9278311665073787
63575_mask.png,17,2025.0,165.78174593052023,1.0742940093798896,52.80151512977634,0.9258944340611294
63575_mask.png,18,1442.0,138.71067811865476,1.1002164273750155,44.654227123532216,0.9417927321181883
63575_mask.png,19,1611.0,148.46803743153546,1.1953603329940954,49.040799340956916,0.918416059019582
63575_mask.png,20,2054.0,166.61017305526642,1.0654224753235633,52.61178575186362,0.929837960727453
63575_mask.png,21,1536.0,144.12489168102783,1.0956094469254554,45.803929962395145,0.9292297206680954
63575_mask.png,22,1485.0,142.46803743153546,1.1120912760365413,45.5411901469428,0.9193935110524031
