image,label,area,perimeter,aspect_ratio,max_diameter,circularity
63571_mask.png,1,1768.0,155.88225099390854,1.1286606534424188,49.76946855251722,0.914321195670469
63571_mask.png,2,1578.0,146.46803743153546,1.0456847085732344,46.14108798023731,0.9243387038734221
63571_mask.png,3,1133.0,123.98275605729688,1.044338042420754,39.20459156782532,0.9262264981936204
63571_mask.png,4,1341.0,136.12489168102786,1.2963089899585973,46.87216658103186,0.9094180033880324
63571_mask.png,5,1088.0,120.3259018078045,1.0221105799036216,37.53664875824692,0.9443228723964752
63571_mask.png,6,1802.0,156.95331880577405,1.1734164545575019,51.478150704935004,0.9192288451390936
63571_mask.png,7,1588.0,146.71067811865476,1.1321669846896771,47.853944456021594,0.9271220564558215
63571_mask.png,8,1484.0,140.71067811865476,1.0384925648245331,43.965895873961216,0.9418671562791072
63571_mask.png,9,1341.0,134.46803743153546,1.0278748535702686,42.05948168962618,0.9319669451314361
63571_mask.png,10,1434.0,139.63961030678928,1.0869451459597699,44.654227123532216,0.9241484917093747
63571_mask.png,11,1978.0,162.95331880577405,1.0228769804997966,51.10772935672255,0.9360730271966673
63571_mask.png,12,2142.0,170.02438661763952,1.0225643942866955,52.630789467763066,0.9311226624641789
63571_mask.png,13,1411.0,137.63961030678928,1.0474618048701816,43.46262762420146,0.9359443115057955
63571_mask.png,14,1630.0,148.12489168102786,1.0766199301646224,47.29693436154187,0.9335581546856813
63571_mask.png,15,1885.0,159.29646455628168,1.0309692074249746,50.11985634456667,0.9334884403104773
63571_mask.png,16,1276.0,140.95331880577405,1.8122387157221018,53.009433122794285,0.8070676254482476
63571_mask.png,17,2411.0,181.92388155425118,1.1463648233561077,59.20304046246274,0.9154352830923539
63571_mask.png,18,1615.0,148.46803743153546,1.0387713710396127,46.400431032480725,0.9206964216738825
63571_mask.png,19,2905.0,205.23759005323595,1.3820844103394196,71.30918594402827,0.8666469000180285
63571_mask.png,20,1451.0,140.71067811865476,1.083283114334327,44.598206241955516,0.920922670997968
63571_mask.png,21,1877.0,160.61017305526642,1.113088079894913,51.24451190127583,0.9143827755489848
63571_mask.png,22,1922.0,161.78174593052023,1.0779997143077051,51.088159097779204,0.9227928299729222
63571_mask.png,23,2239.0,175.6812408671319,1.1251475371224409,56.71860364994893,0.9116185987795468
