image,label,area,perimeter,aspect_ratio,max_diameter,circularity
63577_mask.png,1,1667.0,150.71067811865476,1.1612872198675857,49.8196748283246,0.9222685857341641
63577_mask.png,2,1741.0,155.5391052434009,1.117274198824133,49.678969393496885,0.9043352147033266
63577_mask.png,3,1906.0,160.95331880577405,1.1369184396135072,53.31041174104736,0.9245552905118428
63577_mask.png,4,2052.0,166.8528137423857,1.063978315377326,52.392747589718944,0.9262327883169292
63577_mask.png,5,1786.0,154.95331880577405,1.034549980755414,48.46648326421054,0.9347372579516892
63577_mask.png,6,2613.0,196.99494936611669,1.0755828656153625,59.682493245507096,0.8461338905321065
63577_mask.png,7,1657.0,150.46803743153546,1.1589934678368221,49.92995093127971,0.9196950722070455
63577_mask.png,8,2210.0,173.78174593052023,1.124474112689854,56.4003546088143,0.9195891223738375
63577_mask.png,9,1918.0,161.19595949289334,1.145983517830103,52.80151512977634,0.9275774103003407
63577_mask.png,10,1661.0,150.71067811865476,1.088863875474059,48.08326112068523,0.9189490827261229
63577_mask.png,11,1687.0,150.95331880577405,1.094849933655538,48.46648326421054,0.930335547114512
63577_mask.png,12,1511.0,142.46803743153546,1.0588698045595266,45.221676218380054,0.9354906364984383
63577_mask.png,13,2378.0,180.26702730475878,1.078016108476537,57.0087712549569,0.9195791593722333
63577_mask.png,14,1516.0,143.88225099390854,1.2050972006741898,48.27007354458868,0.9202262510515192
63577_mask.png,15,1590.0,147.53910524340094,1.1274323954857761,47.80167361086848,0.9178943522418017
63577_mask.png,16,2207.0,173.19595949289334,1.0190798177892895,53.600373133029585,0.9245633736835112
63577_mask.png,17,2115.0,170.61017305526642,1.1058544296316746,54.12947441089743,0.9130832768836222
