image,label,area,perimeter,aspect_ratio,max_diameter,circularity
63644_mask.png,1,1716.0,152.12489168102783,1.041439637936042,48.104053883222775,0.9318083192223424
63644_mask.png,2,1382.0,137.0538238691624,1.1180835404517355,44.384682042344295,0.9245610487762895
63644_mask.png,3,1286.0,131.05382386916236,1.0697634192641035,41.43669871020132,0.9409172662763273
63644_mask.png,4,1855.0,158.36753236814712,1.070880987155257,50.21951811795888,0.9294402554604795
63644_mask.png,5,1615.0,148.95331880577405,1.153772164740568,48.60041152089147,0.9147070417913653
63644_mask.png,6,1355.0,134.46803743153546,1.0468160901477834,42.20189569201838,0.9416966522394451
63644_mask.png,7,1555.0,144.12489168102783,1.0713743094498471,45.89117562233506,0.9407240987232346
63644_mask.png,8,1841.0,158.61017305526642,1.0839190856579501,50.0,0.9196055307829952
63644_mask.png,9,1500.0,143.0538238691624,1.1437516581217209,46.32493928760188,0.9210902407901866
63644_mask.png,10,1748.0,153.53910524340094,1.0506606307681556,48.010415536631214,0.9317797792722976
63644_mask.png,11,2006.0,164.61017305526642,1.0170115262761261,51.10772935672255,0.9303094868872959
63644_mask.png,12,1789.0,156.36753236814712,1.0475136934625653,48.91829923454004,0.9194477181669932
63644_mask.png,13,1850.0,158.95331880577405,1.1136850616736056,51.31276644267,0.9201155966013894
63644_mask.png,14,2387.0,181.6812408671319,1.1430761669438865,58.52349955359813,0.9087451545348185
63644_mask.png,15,2442.0,181.3380951166243,1.0056260356850426,56.089214649520635,0.9332057906359997
63644_mask.png,16,1861.0,158.36753236814712,1.0360347078126013,49.47726750741192,0.9324465312193814
63644_mask.png,17,2408.0,180.75230867899734,1.0423652407445916,56.568542494923804,0.9261869136920678
63644_mask.png,18,1518.0,143.05382386916236,1.1396005484548903,47.20169488482379,0.9321433236796693
63644_mask.png,19,1262.0,129.63961030678928,1.0423813475890102,40.8166632639171,0.94361271689796
63644_mask.png,20,1986.0,164.6101730552664,1.0746153150539055,51.35172830587107,0.9210342178256083
63644_mask.png,21,1551.0,145.63961030678925,1.0637694095425523,46.69047011971501,0.9188881384305093
63644_mask.png,22,1999.0,166.36753236814712,1.0384961613838488,51.86520991955976,0.9075812353894266
63644_mask.png,23,1647.0,150.36753236814712,1.0565596512248234,47.38143096192854,0.9153671394786335
63644_mask.png,24,1719.0,152.95331880577405,1.0788371881432666,49.03060268852505,0.9233533540336636
