image,label,area,perimeter,aspect_ratio,max_diameter,circularity
63682_mask.png,1,1587.0,147.53910524340094,1.1963026889379123,49.24428900898052,0.9161624761054964
63682_mask.png,2,1823.0,157.7817459305202,1.0448957368145135,49.47726750741192,0.9202016715405419
63682_mask.png,3,1704.0,151.53910524340094,1.0388042132468547,47.43416490252569,0.9324595841825889
63682_mask.png,4,1540.0,145.29646455628168,1.085286871498951,46.010868281309364,0.916685772823406
63682_mask.png,5,1777.0,157.53910524340094,1.1440018841582835,50.566787519082126,0.899747280718969
63682_mask.png,6,2798.0,198.99494936611666,1.1162592423427322,63.387695966961914,0.8879192396458699
63682_mask.png,7,1417.0,141.88225099390857,1.0220184910314378,43.93176527297759,0.8845524183753061
63682_mask.png,8,1504.0,141.88225099390857,1.1146804878594934,46.09772228646444,0.9388615647399157
63682_mask.png,9,1655.0,149.29646455628165,1.020729042650831,46.52956049652737,0.9330583746443943
63682_mask.png,10,1952.0,162.95331880577405,1.0703702405577629,51.54609587543949,0.923768730580331
63682_mask.png,11,1804.0,155.88225099390857,1.0680930662690418,50.0,0.9329385955823108
63682_mask.png,12,1804.0,156.95331880577407,1.0123587055809826,48.16637831516918,0.9202490769317005
63682_mask.png,13,1667.0,150.46803743153546,1.0663979994030277,48.02082881417188,0.9252454347429963
63682_mask.png,14,1521.0,143.0538238691624,1.0852999841439481,46.010868281309364,0.9339855041612493
63682_mask.png,15,1663.0,149.88225099390854,1.0480008938527587,47.20169488482379,0.9302543284728721
63682_mask.png,16,1810.0,156.71067811865476,1.0512321992424791,50.0,0.9261711721707856
63682_mask.png,17,1444.0,139.0538238691624,1.067001837408975,43.965895873961216,0.9384501002097523
63682_mask.png,18,1635.0,149.78174593052023,1.0314361991424288,46.2709412050371,0.915819409933565
63682_mask.png,19,1546.0,144.46803743153546,1.0400373977583082,45.45327270945405,0.9308416504999399
63682_mask.png,20,1607.0,147.88225099390857,1.0915793652229593,46.87216658103186,0.9234080060884774
63682_mask.png,21,1861.0,158.95331880577402,1.1056538053308813,50.695167422546305,0.9255865542028033
