image,label,area,perimeter,aspect_ratio,max_diameter,circularity
63741_mask.png,1,1703.0,151.88225099390857,1.0807867586457753,48.82622246293481,0.9277062060601475
63741_mask.png,2,1913.0,160.8528137423857,1.1151385717483446,51.86520991955976,0.9291108024884941
63741_mask.png,3,2010.0,164.61017305526642,1.0483070511664982,51.85556864985669,0.9321645406996335
63741_mask.png,4,1666.0,149.78174593052023,1.070770071338292,47.80167361086848,0.9331835699995837
63741_mask.png,5,1529.0,144.71067811865476,1.147687486716184,46.87216658103186,0.9175213783375779
63741_mask.png,6,1586.0,146.46803743153546,1.0708611522463714,47.20169488482379,0.9290248316497132
63741_mask.png,7,2185.0,171.6812408671319,1.1130837986579496,55.97320787662612,0.9315702658303513
63741_mask.png,8,1561.0,144.71067811865476,1.0776230908859088,45.65084884205331,0.9367239186297965
63741_mask.png,9,1584.0,146.12489168102786,1.0700451172015517,46.238512086787566,0.9322161806671961
63741_mask.png,10,1646.0,149.53910524340094,1.0973288118154232,47.51841748206689,0.9249753077824071
63741_mask.png,11,1746.0,153.53910524340094,1.0940641186988769,48.877397639399746,0.9307136696850296
63741_mask.png,12,2239.0,175.43860018001263,1.013325344123875,54.120236510939236,0.9141419742006953
63741_mask.png,13,1524.0,145.53910524340097,1.024868523867572,45.0,0.9041394723615374
63741_mask.png,14,1193.0,130.8111831820431,1.0504677974258452,40.22437072223753,0.8761138783864142
63741_mask.png,15,2263.0,175.3380951166243,1.0720307607741721,55.78530272392541,0.9250002495199302
63741_mask.png,16,1543.0,147.29646455628165,1.1534867790737666,47.20169488482379,0.8936987370913517
