image,label,area,perimeter,aspect_ratio,max_diameter,circularity
65842_mask.png,1,2238.0,174.2670273047588,1.0601702678640414,54.57105459856901,0.9260607986140362
65842_mask.png,2,2867.0,212.10764773832474,1.3820970635774257,71.30918594402827,0.8008015435707934
65842_mask.png,3,1790.0,155.53910524340094,1.0506013712489348,48.877397639399746,0.9297874981728628
65842_mask.png,4,1728.0,152.95331880577402,1.0567491092633277,47.92702786528704,0.9281876647877667
65842_mask.png,5,2832.0,196.40916292848974,1.0464686015424434,61.98386886924694,0.9225281425298492
65842_mask.png,6,3225.0,208.89444430272832,1.0804755478416261,66.57326790837296,0.9287221497578039
65842_mask.png,7,1911.0,161.1959594928933,1.0781318145791214,50.92150822589606,0.9241920912846463
65842_mask.png,8,1558.0,144.12489168102786,1.0256293535705452,45.12205669071391,0.9425390005214141
65842_mask.png,9,2784.0,194.2670273047588,1.0174931803062859,60.440052945046304,0.9270025007921298
65842_mask.png,10,2049.0,166.8528137423857,1.0478155062513674,52.20153254455275,0.9248786468135419
65842_mask.png,11,2869.0,197.3380951166243,1.0605774110097124,62.03224967708329,0.9258029256890569
65842_mask.png,12,1712.0,152.71067811865476,1.0546015343104769,47.885279575251516,0.9225179240708264
65842_mask.png,13,2971.0,200.99494936611666,1.0600000376578445,63.071388124885914,0.9241494869694648
65842_mask.png,14,1333.0,134.22539674441617,1.0342240591114622,41.78516483155236,0.9297594919445105
65842_mask.png,15,2515.0,184.50966799187808,1.0606785298631574,58.008620049092706,0.928345418916366
65842_mask.png,16,2442.0,183.09545442950497,1.0121051938512444,56.293871780150276,0.9153778484047193
65842_mask.png,17,2457.0,183.92388155425118,1.0721986747427756,58.008620049092706,0.9127225342264124
65842_mask.png,18,2087.0,169.4386001800126,1.1339685934322856,54.817880294662984,0.9134980053488372
65842_mask.png,19,2230.0,174.0243866176395,1.0626188602733706,55.072679252057455,0.9253254427804546
65842_mask.png,20,1960.0,163.19595949289334,1.0774399479238848,51.62363799656123,0.9247985312609007
65842_mask.png,21,1696.0,150.95331880577402,1.0421983890158844,47.20169488482379,0.935298807294732
65842_mask.png,22,1462.0,140.12489168102786,1.0488233298858394,44.14748010928823,0.9356785139816172
65842_mask.png,23,2108.0,169.6812408671319,1.0361878185206237,53.36665625650534,0.9200529191326862
65842_mask.png,24,2632.0,190.75230867899737,1.0677274534489267,59.81638571495272,0.9089837996769732
