image,label,area,perimeter,aspect_ratio,max_diameter,circularity
65852_mask.png,1,2680.0,191.58073580374355,1.071644010869947,60.21627686929839,0.9175737573098012
65852_mask.png,2,2439.0,182.75230867899737,1.1482369427482637,59.682493245507096,0.9176898330978837
65852_mask.png,3,2690.0,192.50966799187808,1.0931462911667698,60.41522986797286,0.9121306596248351
65852_mask.png,4,2059.0,168.0243866176395,1.094723596126833,53.48831648126533,0.916477006298042
65852_mask.png,5,2454.0,182.8528137423857,1.0215022542433008,56.639209034025185,0.9223189401018709
65852_mask.png,6,2737.0,192.26702730475878,1.0324064124826995,60.03332407921454,0.9304114325923256
65852_mask.png,7,1785.0,157.0243866176395,1.100333409581184,50.48762224545735,0.9097328418685684
65852_mask.png,8,2031.0,166.8528137423857,1.083055552092889,53.03772242470448,0.9167537977932179
65852_mask.png,9,2036.0,165.78174593052023,1.0682568890031352,52.43090691567332,0.9309239840733133
65852_mask.png,10,2544.0,186.50966799187808,1.1214324258895623,60.03332407921454,0.9190185404405203
65852_mask.png,11,2223.0,176.0243866176395,1.0764661859059088,55.44366510251645,0.9015787095587864
65852_mask.png,12,2134.0,170.0243866176395,1.052940263291754,53.600373133029585,0.9276450801580571
65852_mask.png,13,3261.0,210.40916292848976,1.0105737084090478,64.81512169239521,0.9256170922411506
65852_mask.png,14,2785.0,194.16652224137044,1.0580295516395917,61.18823416311342,0.9282957446886083
65852_mask.png,15,1786.0,154.71067811865476,1.020979219257395,48.41487374764082,0.93767154986337
65852_mask.png,16,1077.0,120.22539674441617,1.0165744805595973,37.656340767525464,0.9363390359233621
65852_mask.png,17,1813.0,156.12489168102786,1.08576141752579,50.44799302251776,0.9346808998059678
65852_mask.png,18,2495.0,184.50966799187808,1.06160921405692,57.8013840664737,0.9209629503762757
65852_mask.png,19,2484.0,183.4386001800126,1.0881465082847506,59.033888572581766,0.927641138549467
65852_mask.png,20,1163.0,137.1543289325507,1.8229129705134244,52.49761899362675,0.7769096924816866
